Date,Open,High,Low,Close,Volume,return_1d,log_volume,rsi_14,sma_ratio_5,sma_ratio_20,ema_ratio_12,macd,macd_signal,macd_hist,volatility_10,position,cash_ratio
2010-02-17,1096.1400146484375,1101.030029296875,1094.719970703125,1099.510009765625,4259230000,0.3371859667523446,0.45370569794551796,-0.19525380409763848,1.2290171408575716,0.2834470236983264,0.7025189020970556,-0.5785976532023552,-0.7300374706925696,0.29828226412714254,0.6877272550448901,0.0,1.0
2010-02-18,1099.030029296875,1108.239990234375,1097.47998046875,1106.75,3878620000,0.5469280866161325,0.055429043458517485,0.032377236753173895,1.1812277828784874,0.6173923146817939,0.9258813311113678,-0.49220994669832113,-0.6896555178394893,0.4455236822416529,0.6908652238597914,0.0,1.0
2010-02-19,1105.489990234375,1112.4200439453125,1100.800048828125,1109.1700439453125,3944280000,0.1538490929003909,0.1268524674523885,0.10836119743605577,0.8793832964141699,0.7231397340823447,0.8778291027724571,-0.4147280625882706,-0.6406559612629678,0.5418651574485703,-0.19402852712618826,0.0,1.0
2010-02-22,1110.0,1112.2900390625,1105.3800048828125,1108.010009765625,3814440000,-0.1350515781791648,-0.01556273183284551,0.05873119504277126,0.27025156948002027,0.6478357052441212,0.6629896186679417,-0.3548670530645297,-0.5885588579326299,0.5764945316182487,-0.16790709389968844,0.0,1.0
2010-02-23,1107.489990234375,1108.5799560546875,1092.1800537109375,1094.5999755859375,4521050000,-1.1232590556149438,0.707522631013161,-0.48630929626003466,-0.782091839307035,0.14455092435283368,-0.11410218511532395,-0.342891016134871,-0.5443008573725637,0.4888563958413307,-0.0757615691353769,0.0,1.0
2010-02-24,1095.8900146484375,1106.4200439453125,1095.5,1105.239990234375,4168360000,0.8271806398061166,0.36195036232623656,-0.10539267818746165,-0.03407043830317186,0.5220700245879164,0.4001263801168176,-0.30300034529879344,-0.5002997429604346,0.48598450810470356,-0.1280312004519886,0.0,1.0
2010-02-25,1101.239990234375,1103.5,1086.02001953125,1102.93994140625,4521130000,-0.22757029008849117,0.7075979170102791,-0.19944240188420656,-0.15518826756212928,0.4246446249133627,0.20502232208632826,-0.27697242191422144,-0.4594909598640902,0.4502954792073359,-0.12967652433695173,0.0,1.0
2010-02-26,1103.0999755859375,1107.239990234375,1097.56005859375,1104.489990234375,3945190000,0.08402604791979013,0.1278339688740224,-0.14121185934917768,0.0407232551660935,0.4449607127214158,0.2272339217226388,-0.2516056897043445,-0.4213784999165393,0.42015162969581576,-0.17573842599587466,0.0,1.0
2010-03-01,1105.3599853515625,1116.1099853515625,1105.3599853515625,1115.7099609375,3847640000,0.8663309551028933,0.021308826027480684,0.2625473792032714,0.8025970684517357,0.7879625893483179,0.7139983590866157,-0.20068288344972254,-0.37991687004273256,0.45759405357247224,-0.15844707017991766,0.0,1.0
2010-03-02,1117.010009765625,1123.4599609375,1116.510009765625,1118.31005859375,4134680000,0.1667029272515544,0.3274332303973398,0.3512730728597702,0.6309608523721223,0.8297747282339745,0.7068487900229521,-0.15381825379435332,-0.33665026573539264,0.4777729693381549,-0.4197994395889015,0.0,1.0
2010-03-03,1119.3599853515625,1125.6400146484375,1116.5799560546875,1118.7900390625,3951320000,-0.003219153147331308,0.13443972809836613,0.36840967108012884,0.4548701081516285,0.8180272517033081,0.5984965219966631,-0.11644726855028258,-0.29398515157330185,0.4710485422496715,-0.4236277417363165,0.0,1.0
2010-03-04,1119.1199951171875,1123.72998046875,1116.6600341796875,1122.969970703125,3945010000,0.29233423397523595,0.12763984369858972,0.5215833366904987,0.4665290705318362,0.9256964316680162,0.6848592805090252,-0.0768529992075778,-0.2513222079795612,0.4710242761353779,-0.4504335519938967,0.0,1.0
2010-03-05,1125.1199951171875,1139.3800048828125,1125.1199951171875,1138.699951171875,4133000000,1.2103302470062343,0.3257041189078004,1.0288623882462165,1.151526772271821,1.3695448095451406,1.309197074098983,-0.004479072188374171,-0.20159840260224177,0.5499619788069141,-0.2746537006425514,0.0,1.0
2010-03-08,1138.4000244140625,1141.050048828125,1136.77001953125,1138.5,3774680000,-0.05727252506572964,-0.060144398164246014,1.0169099627134572,0.7796148488010415,1.2220778525692129,1.072715248898858,0.049322256021977734,-0.15022749942301789,0.5683758949184088,-0.28122117234209926,0.0,1.0
2010-03-09,1137.56005859375,1145.3699951171875,1134.9000244140625,1140.449951171875,5185570000,0.11149595003039496,1.2909909337443126,1.077988407052525,0.5859083921168126,1.1336940682958714,0.975973459736469,0.09382057724303475,-0.0995433135765478,0.5606986608506941,-0.5986795144007503,0.0,1.0
2010-03-10,1140.219970703125,1148.260009765625,1140.0899658203125,1145.6099853515625,5469120000,0.3628006897409742,1.5175016535481378,1.2390073388967215,0.567208868743857,1.181400289810661,1.0461596976841019,0.1392747878965702,-0.049202548773697445,0.5568593464633985,-0.6545841980192849,0.0,1.0
2010-03-11,1143.9599609375,1150.239990234375,1138.989990234375,1150.239990234375,4669060000,0.3196292639346683,0.8445809088406527,1.3784944847552245,0.5014522843360015,1.1958116981909983,1.0793330889768382,0.18351489520275185,0.0006018924429033672,0.5508634562895447,-0.7188033647191058,0.0,1.0
2010-03-12,1151.7099609375,1153.4100341796875,1146.969970703125,1149.989990234375,4928160000,-0.06100389674010822,1.0743676029221394,1.3598666886890711,0.30984431842167354,1.0506292281346912,0.8772398730924135,0.2129952270791769,0.046797181667627544,0.5105145335144636,-0.6975971235635066,0.0,1.0
2010-03-15,1148.530029296875,1150.97998046875,1141.449951171875,1150.510009765625,4164110000,-0.001164148934369475,0.35761013400200614,1.3770704075931481,0.16641200594970074,0.9280729987154807,0.7433037991188419,0.23267498419032628,0.08799354939276642,0.4546285253886097,-0.7617440923570902,0.0,1.0
2010-03-16,1150.8299560546875,1160.280029296875,1150.3499755859375,1159.4599609375,4369770000,0.6536744301936873,0.5627191562335196,1.6594874805622024,0.554489248561352,1.134196070258376,1.0245887625078416,0.26743454373865067,0.12843982501740053,0.4462427859391251,-0.7257653891833191,0.0,1.0
2010-03-17,1159.93994140625,1169.8399658203125,1159.93994140625,1166.2099609375,4963200000,0.4787295287527537,1.1045120466197866,1.8474351959596336,0.7502106868838317,1.2549120062663883,1.157156981077168,0.3076148995189796,0.169453974055403,0.45259139097254997,-0.7417352816499792,0.0,1.0
2010-03-18,1166.1300048828125,1167.77001953125,1161.1600341796875,1165.8299560546875,4234510000,-0.0707010169728352,0.4289401410834646,1.8142957302117644,0.4854159801015373,1.1299246653359434,0.9368087953364022,0.33214583603270603,0.20755064893882932,0.4199751587866396,-0.707056872222311,0.0,1.0
2010-03-19,1166.6800537109375,1169.199951171875,1155.3299560546875,1159.9000244140625,5212410000,-0.49617641336313284,1.312955967051644,1.3021373999083377,-0.10843984940073775,0.8197345684397235,0.49431523941874744,0.3290054695452313,0.23735137571431653,0.3272296689023892,-0.8350905798084594,0.0,1.0
2010-03-22,1157.25,1167.8199462890625,1152.8800048828125,1165.81005859375,4261680000,0.4138098495042065,0.45615237971474276,1.5038236166027645,0.10466794094395651,0.9265689584402966,0.6696832855651559,0.3365004829622869,0.26280680830482617,0.2786509612449422,-0.8269747670574025,0.0,1.0
2010-03-23,1166.469970703125,1174.719970703125,1163.8299560546875,1174.1700439453125,4411640000,0.5993214954509013,0.6032923658976365,1.7587003309121347,0.5081428424622544,1.0808358039059953,0.9295655331095856,0.3589219660688803,0.28800201407230963,0.27574172605342856,-0.78504897167396,0.0,1.0
2010-03-24,1172.699951171875,1173.0400390625,1166.010009765625,1167.719970703125,4705750000,-0.53253904629626,0.8778840211795611,1.2313359455251176,0.0047410243479233585,0.732976329206197,0.46624576005947566,0.3524056868689853,0.3067542024016332,0.20371128410032094,-0.6741149170765143,0.0,1.0
2010-03-25,1170.030029296875,1180.68994140625,1165.0899658203125,1165.72998046875,5668900000,-0.19388753845033208,1.670148544978131,1.0740324404428678,-0.1420895668950747,0.5464765549548436,0.28098350708557335,0.3354511891847835,0.31810299223625293,0.12094415353660225,-0.6647208671308019,0.0,1.0
2010-03-26,1167.5799560546875,1173.9300537109375,1161.47998046875,1166.5899658203125,4708420000,0.024354699321114847,0.880297406153163,1.1081269732891301,-0.17759637651272364,0.4642263784941276,0.25568262473834824,0.31828172366384444,0.3234827470054277,0.054212651111801693,-0.6685008016444867,0.0,1.0
2010-03-29,1167.7099609375,1174.8499755859375,1167.7099609375,1173.219970703125,4375580000,0.46635647371890215,0.5683723825103455,1.363052720588273,0.20531528567006657,0.5966719372808755,0.49900848850230317,0.3168703472086538,0.3274824602483666,0.03878432082983483,-0.6440487156385362,0.0,1.0
2010-03-30,1173.75,1177.8299560546875,1168.9200439453125,1173.27001953125,4085000000,-0.037766099672485454,0.2760017135445609,1.3649398879959171,0.22246617080444112,0.4987938561241419,0.4024510448666056,0.30988215220903986,0.3291765771174725,0.013008645477929464,-0.7075979117319523,0.0,1.0
2010-03-31,1171.75,1174.56005859375,1165.77001953125,1169.4300537109375,4484340000,-0.3340896869328786,0.6728344415778109,1.0106640586240399,-0.08852586347035135,0.2709457257054569,0.14297140007635073,0.2879989162267389,0.32581697988933134,-0.04348992268880923,-0.7257700324196701,0.0,1.0
2010-04-01,1171.22998046875,1181.4300537109375,1170.68994140625,1178.0999755859375,4006870000,0.6210246390315954,0.19383805074722485,1.3678386520446402,0.37116656218744404,0.4795227472007785,0.4958388329926711,0.28880095905503317,0.3233021076413369,-0.034046224261357186,-0.6462809848007081,0.0,1.0
2010-04-05,1178.7099609375,1187.72998046875,1178.7099609375,1187.43994140625,3881620000,0.6669799903360699,0.058718646475913315,1.687758753788784,0.7517803934382826,0.7223465532951823,0.822829582704343,0.309193974241671,0.32568402244926375,0.020697960303353188,-0.659117189189944,0.0,1.0
2010-04-06,1186.010009765625,1191.800048828125,1182.77001953125,1189.43994140625,4086180000,0.10895402166735142,0.27723055145349884,1.750724525794631,0.6578055468612453,0.7011047625465985,0.7638677887584511,0.32469263867686826,0.33092884603610034,0.052704172702367845,-0.6733632797570206,0.0,1.0
2010-04-07,1188.22998046875,1189.5999755859375,1177.25,1182.449951171875,5101430000,-0.5668054232333148,1.2213890777231113,1.1242885584552933,0.00702306480133513,0.3792999613906477,0.3065484274615384,0.311670596734553,0.33231901817790543,0.009610661032453113,-0.6410889716089997,0.0,1.0
2010-04-08,1181.75,1188.550048828125,1175.1199951171875,1186.43994140625,4726970000,0.2600007266220066,0.8970268685638596,1.2798165473631804,0.04995240924545992,0.44688045875700977,0.4185303873023809,0.30638647486166,0.3322926562096706,-0.0062256422163198405,-0.710397184899816,0.0,1.0
2010-04-09,1187.469970703125,1194.6600341796875,1187.1500244140625,1194.3699951171875,4511570000,0.5557908112664304,0.6985917948006471,1.5617305702754425,0.39187605856711105,0.6466469303837185,0.6906272155754392,0.3179668686421783,0.3347666405470738,0.02172726201831027,-0.6959725626594853,0.0,1.0
2010-04-12,1194.93994140625,1199.199951171875,1194.7099609375,1196.47998046875,4607090000,0.1163107579912143,0.7877325983447746,1.631979313156559,0.41324003069585186,0.6375280116694622,0.6567906341448876,0.3267609355050711,0.3386405690098996,0.03737809565824622,-0.7006104833927624,0.0,1.0
2010-04-13,1195.93994140625,1199.0400390625,1188.8199462890625,1197.300048828125,5403580000,0.019678476146663293,1.46620705206626,1.6601858865134655,0.3577170710513881,0.5828097802066173,0.5700799350520847,0.3297550549993685,0.34238481501077517,0.035928295911854514,-0.7170647261200204,0.0,1.0
2010-04-14,1198.68994140625,1210.6500244140625,1198.68994140625,1210.6500244140625,5760040000,0.9549508227541693,1.7380078871953306,2.063785875436595,0.9157610921389024,0.9576491769487351,1.0584920499391253,0.3623313156717657,0.3523989867939516,0.1060236401270481,-0.6022127423801469,0.0,1.0
2010-04-15,1210.77001953125,1213.9200439453125,1208.5,1211.6700439453125,5995330000,0.03372256885770522,1.9083502003731312,2.0908332792965374,0.6203826273830549,0.911861753194069,0.9169851951511566,0.3840979760228657,0.365100097938254,0.13606258252332834,-0.6649481700290377,0.0,1.0
2010-04-16,1210.1700439453125,1210.1700439453125,1186.77001953125,1192.1300048828125,8108470000,-1.4828767299233936,3.192960152969712,0.5064543987008745,-0.7609442719623946,0.18528136817029056,-0.12002835701920764,0.34109448048335916,0.3659955938214179,0.004080371866603993,-0.23720320536110326,0.0,1.0
2010-04-19,1192.06005859375,1197.8699951171875,1183.6800537109375,1197.52001953125,6597740000,0.3625121266993398,2.3157206510344297,0.7245315317145272,-0.38589688805487077,0.30658541268633627,0.11827382285368827,0.31580219796085324,0.361262597744538,-0.05884399040661957,-0.27672897978209215,0.0,1.0
2010-04-20,1199.0400390625,1208.5799560546875,1199.0400390625,1207.1700439453125,5316590000,0.678629926822247,1.3971553228419127,1.0760694366054706,0.16908187539415534,0.5686081863340436,0.5092601684457895,0.31628854980371063,0.35758098866643434,-0.04708989057490607,-0.22448787231059225,0.0,1.0
2010-04-21,1207.1600341796875,1210.989990234375,1198.8499755859375,1205.93994140625,5724310000,-0.13265090111548916,1.7115335335659096,0.9882563796961442,0.14844523508226262,0.4700496216070317,0.3540528637818582,0.30730372281853424,0.3526998598566474,-0.06050005704331975,-0.28079886779739593,0.0,1.0
2010-04-22,1202.52001953125,1210.27001953125,1190.18994140625,1208.6700439453125,6035780000,0.16075391238919157,1.936959803457899,1.089188052207523,0.3894081896826535,0.49255098353024107,0.39922109102568065,0.3017975847229551,0.347608622235186,-0.06284899226015137,-0.28303708009143413,0.0,1.0
2010-04-23,1207.8699951171875,1217.280029296875,1205.0999755859375,1217.280029296875,5326060000,0.5950809694559559,1.4047270975173223,1.3863823657074463,0.6453311747698726,0.6991683949719245,0.6977966817222687,0.3151100319700965,0.34640388864644234,-0.019399380984670506,-0.2780150758451937,0.0,1.0
2010-04-26,1217.0699462890625,1219.800048828125,1211.0699462890625,1212.050048828125,5647760000,-0.4255708528929498,1.654252664525225,0.9880263582480007,0.05902381552251539,0.4392740557844537,0.33631109041248186,0.3052826731875492,0.34332273107227135,-0.04037707509445669,-0.23876958241298493,0.0,1.0
2010-04-27,1209.9200439453125,1211.3800048828125,1181.6199951171875,1183.7099609375,7454540000,-2.131324066425435,2.8352009489399457,-0.6047007736181275,-1.6462313645921398,-0.5540771162238718,-0.9955239433491305,0.21443256939946245,0.3212835376642126,-0.25232058025867715,0.26171565531985386,0.0,1.0
2010-04-28,1184.5899658203125,1195.050048828125,1181.81005859375,1191.3599853515625,6342310000,0.5360253114335909,2.1477282127547026,-0.2723490817095514,-0.8860591044379352,-0.3218769154585687,-0.5239587857722088,0.15925855023206864,0.29176456853937993,-0.33594157861239465,0.1868702523973736,0.0,1.0
2010-04-29,1193.300048828125,1209.3599853515625,1193.300048828125,1206.780029296875,6059410000,1.115213371928493,1.9535843170387315,0.3058481813824931,0.25634107779163356,0.1435673212117618,0.22128956107652842,0.15384810597425838,0.266983676548372,-0.2829717095668777,0.33329102072832717,0.0,1.0
2010-04-30,1206.77001953125,1207.989990234375,1186.3199462890625,1186.68994140625,6048260000,-1.529453739383355,1.9457480038927153,-0.5340268748002126,-0.757731955780724,-0.5606332409791385,-0.7281622199436257,0.0906763349859793,0.23354817900862465,-0.37972685086346325,0.34558212005613026,0.0,1.0
2010-05-03,1188.5799560546875,1205.1300048828125,1188.5799560546875,1202.260009765625,4938050000,1.1310646895049155,1.082897493299386,-0.0015862853339992287,0.5175053980369929,-0.05187076571642165,0.05590282397433881,0.08019042225151664,0.20454052038491252,-0.3302253250519364,0.4531691203926953,0.0,1.0
2010-05-04,1197.5,1197.5,1168.1199951171875,1173.5999755859375,6594720000,-2.1721252807433724,2.3137726977729587,-0.936800550184047,-1.4245154099181803,-1.0080767488698592,-1.2531326744345643,-0.009482760732418443,0.16201370165896667,-0.4813643040078632,0.730455486684946,0.0,1.0
2010-05-05,1169.239990234375,1175.949951171875,1158.1500244140625,1165.8699951171875,6795940000,-0.6302475615666072,2.4416516948732565,-1.1454892839489812,-1.6231282205139987,-1.245629942498798,-1.4315491156690288,-0.10311357252420789,0.10781885704328593,-0.6118083187299377,0.7357890913162509,0.0,1.0
2010-05-06,1164.3800048828125,1167.5799560546875,1065.7900390625,1128.1500244140625,10617810000,-2.9331502952865582,4.3401234723662725,-1.9613187624289024,-3.2767460658910093,-2.446349093121856,-2.945648134207266,-0.2805400092521351,0.0262352593951943,-0.9180039800647477,1.1182170971448941,0.0,1.0
2010-05-07,1127.0400390625,1135.1300048828125,1094.1500244140625,1110.8800048828125,9472910000,-1.4097444327653301,3.854678281072692,-2.2467541497457053,-3.4773186911840446,-2.906713067967976,-3.3229804885715333,-0.4658434791775403,-0.07895650058611511,-1.1819341002116914,1.0305036568751633,0.0,1.0
2010-05-10,1122.27001953125,1163.8499755859375,1122.27001953125,1159.72998046875,6893700000,3.888578449595489,2.502419551145342,-0.838669408334828,0.8432733852886706,-1.157359404453686,-0.6062527892470483,-0.4749432523851677,-0.16507051605703096,-0.968652298363179,2.1278121618830115,0.0,1.0
2010-05-11,1156.3900146484375,1170.47998046875,1147.7099609375,1155.7900390625,5842550000,-0.3452093950567679,1.7985219525820169,-0.9176128475862523,0.8173974811766779,-1.2237143473930394,-0.7150723154342228,-0.48980954369716007,-0.23716477112157053,-0.8119168017048953,1.975971945780778,0.0,1.0
2010-05-12,1155.4300537109375,1172.8699951171875,1155.4300537109375,1171.6700439453125,5225460000,1.1863817711461582,1.3235948546922391,-0.5396822594298082,1.934160863133731,-0.6065475048740083,0.09978566607339347,-0.45498907692760565,-0.2873378708572446,-0.5668467671106915,2.0411215916543886,0.0,1.0
2010-05-13,1170.0400390625,1173.5699462890625,1156.1400146484375,1157.43994140625,4870640000,-1.1270427504092766,1.0244161252516872,-0.8444192851931273,0.40645715926259574,-1.0083366838097445,-0.5877393861744341,-0.46372646567483566,-0.3293588799565586,-0.475709548095727,1.9828781324853215,0.0,1.0
2010-05-14,1157.18994140625,1157.18994140625,1126.1400146484375,1135.6800537109375,6126400000,-1.721817149832492,2.0003640047565256,-1.2636407011951436,-1.6054093560664071,-1.6708347745755108,-1.519811651320981,-0.5270193180395407,-0.37661255898180074,-0.5342087731834967,2.0051116448843316,0.0,1.0
2010-05-17,1136.52001953125,1141.8800048828125,1114.9599609375,1136.93994140625,5922920000,0.05757029806974486,1.8566504116869984,-1.230358669618601,-1.1721361958351695,-1.524750898767268,-1.252924872383688,-0.5695747817959746,-0.42358436376609665,-0.5310575282357028,1.8959473704497174,0.0,1.0
2010-05-18,1138.780029296875,1148.6600341796875,1117.199951171875,1120.800048828125,6170840000,-1.3103281138507488,2.0311154590836433,-1.5287817873464071,-1.87343725800144,-1.9446475580111922,-1.8335739720448656,-0.6428351933128419,-0.4769462571573279,-0.6024962463355457,1.788117619371217,0.0,1.0
2010-05-19,1119.5699462890625,1124.27001953125,1100.6600341796875,1115.050048828125,6765800000,-0.5000925655809494,2.42274019749494,-1.6309053379350695,-1.4637066018040412,-1.9940578205355295,-1.847435712515964,-0.7109912689064974,-0.5343204578473573,-0.647352289448574,1.7863193712520564,0.0,1.0
2010-05-20,1107.3399658203125,1107.3399658203125,1071.5799560546875,1071.5899658203125,8328570000,-3.525023377627014,3.3069115771738584,-2.279167687974815,-3.5335615888526393,-3.302204518583447,-3.6423834444915104,-0.8771807970155214,-0.6160264726366934,-0.9193725563368296,1.9478789889626054,0.0,1.0
2010-05-21,1067.260009765625,1090.1600341796875,1055.9000244140625,1087.68994140625,5452130000,1.3012149634729788,1.5042637641470755,-1.825042769452882,-1.543903181851378,-2.5151178339418125,-2.3604584549832563,-0.9559042267505158,-0.6983527781372889,-0.9263071664787775,2.022655622005106,0.0,1.0
2010-05-24,1084.780029296875,1089.949951171875,1072.699951171875,1073.6500244140625,5224040000,-1.1952236467440873,1.322438502296246,-2.0235556267026786,-1.6708010369228157,-2.784591246883817,-2.701695308158948,-1.0473735697248907,-0.7839215091439211,-0.9625562290401508,1.0095930791614696,0.0,1.0
2010-05-25,1067.4200439453125,1074.75,1040.780029296875,1074.030029296875,7329580000,-0.009945840843272987,2.7632753895924846,-2.0124133290890938,-0.9040348605462631,-2.585927671460189,-2.302605757478211,-1.1084734996983503,-0.8655408857817164,-0.9184039753256208,1.0328584377493573,0.0,1.0
2010-05-26,1075.510009765625,1090.75,1065.5899658203125,1067.949951171875,4521050000,-0.5475262541959642,0.707522631013161,-2.1030413446644483,-0.641151627120137,-2.595823160548981,-2.2743083330414877,-1.1626956075212564,-0.9425189057736317,-0.8665154039111356,0.7691889589100336,0.0,1.0
2010-05-27,1074.27001953125,1103.52001953125,1074.27001953125,1103.06005859375,5698460000,2.896706659091496,1.6922765959091524,-1.120148653676005,1.6795558490088065,-1.1406636715896104,-0.25128053341651013,-1.098614079190406,-0.9902945244674203,-0.5400438567230195,1.5472465306907748,0.0,1.0
2010-05-28,1102.5899658203125,1102.5899658203125,1084.780029296875,1089.4100341796875,4871210000,-1.1475580291966418,1.024914012250459,-1.3619909259898086,0.5539524988691317,-1.465985104963951,-0.8944750759618172,-1.0755099055809212,-1.0235370694560073,-0.37756971600088185,1.4835198453215592,0.0,1.0
2010-06-01,1087.300048828125,1094.77001953125,1069.8900146484375,1070.7099609375,5271480000,-1.5757175637938783,1.3609013154624632,-1.6676209269407654,-0.902611600973014,-1.9192850818477452,-1.6897468520503842,-1.098541778673395,-1.0550934777794996,-0.35871936050428416,1.5338745369426585,0.0,1.0
2010-06-02,1073.010009765625,1098.56005859375,1072.030029296875,1098.3800048828125,5026360000,2.2680954670437097,1.1583141081200792,-0.9904494368554496,0.9268859353074652,-0.7658758076905228,-0.10633447038660204,-1.0310384556451244,-1.0657945584021482,-0.12556486638922415,1.8536661927486755,0.0,1.0
2010-06-03,1098.8199462890625,1105.6700439453125,1091.81005859375,1102.8299560546875,4995970000,0.3205102619949018,1.1325116726533302,-0.8893275745078643,0.7195189366389616,-0.4863918943617959,0.10484949431860711,-0.956677381475047,-1.0583338281474595,0.07747715184516996,1.8595457995443905,0.0,1.0
2010-06-04,1098.4300537109375,1098.4300537109375,1060.5,1064.8800048828125,6180580000,-3.1170763199084526,2.0378257218187685,-1.526525978629789,-1.7038543352314006,-1.777724606608456,-1.783103752582974,-0.9933860183226567,-1.0602743672325305,-0.027625401727385562,1.7275043961571945,0.0,1.0
2010-06-07,1065.8399658203125,1071.3599853515625,1049.8599853515625,1050.469970703125,5467560000,-1.250998509864298,1.516287883366686,-1.732798425782695,-2.2500808515694852,-2.2057880749069305,-2.2458134808319956,-1.052519698875881,-1.0745675486395487,-0.165723163262026,1.6657628536825488,0.0,1.0
2010-06-08,1050.81005859375,1063.1500244140625,1042.1700439453125,1062.0,6192750000,0.9393997493781597,2.0461952599110464,-1.4498007666056751,-1.1807478119286665,-1.601508760531077,-1.3598726160868542,-1.0578283794581373,-1.087145884786343,-0.14655185678013558,1.6883052070148525,0.0,1.0
2010-06-09,1062.75,1077.739990234375,1052.25,1055.68994140625,5983200000,-0.5726118567163428,1.8997332261800186,-1.5487205123053236,-1.0080756319451911,-1.6570624907432274,-1.487964659269295,-1.0695435443058383,-1.0997326649507855,-0.14664625763018496,1.6965249130030746,0.0,1.0
2010-06-10,1058.77001953125,1087.8499755859375,1058.77001953125,1086.8399658203125,5144780000,2.5955706138981673,1.2573910098077454,-0.8241696371757067,1.7963015104493347,-0.3293772517251661,0.25964502449224447,-0.9840168216487064,-1.0913747800871214,0.08750699323625782,2.0202876837218304,0.0,1.0
2010-06-11,1082.6500244140625,1092.25,1077.1199951171875,1091.5999755859375,4059280000,0.3498520201619622,0.24912865615611002,-0.7227448197091597,1.739473681554366,-0.025576667579491095,0.43263286791939554,-0.8952253943294164,-1.065557760571727,0.2826933631558307,1.6095865493013088,0.0,1.0
2010-06-14,1095.0,1105.9100341796875,1089.030029296875,1089.6300048828125,4425830000,-0.20286931972737737,0.6169555582986397,-0.7620248566035542,0.9350047760684996,-0.012691328485910664,0.24725898312431796,-0.8232360145589286,-1.0293935477543377,0.39837098061853266,1.5481652553897087,0.0,1.0
2010-06-15,1091.2099609375,1115.5899658203125,1091.2099609375,1115.22998046875,4644490000,2.058198459799755,0.8221323595044723,-0.21477805203770564,2.1205384363610826,0.9991148650269375,1.4417474712866312,-0.6900668715920041,-0.9717699878567571,0.6382781776806493,1.581264419831625,0.0,1.0
2010-06-16,1114.02001953125,1118.739990234375,1107.1300048828125,1114.6099853515625,5002600000,-0.09126504003933802,1.1381541921510314,-0.22894716662512124,1.1161122213438888,0.987672384401465,1.1633947270077158,-0.5819661665343444,-0.9023801142474104,0.7698210122223915,1.352081691456519,0.0,1.0
2010-06-17,1115.97998046875,1117.719970703125,1105.8699951171875,1116.0400390625,4557760000,0.07308922251805525,0.7419302952760596,-0.19780436498719509,0.7629302942273986,1.039969699606573,1.0290846218049965,-0.48914882880407035,-0.8268700941957912,0.838241881370392,1.3490127951071305,0.0,1.0
2010-06-18,1116.1600341796875,1121.010009765625,1113.9300537109375,1117.510009765625,4555360000,0.07613890918482881,0.7396892969581027,-0.16386276751242387,0.468393439663067,1.0061712655402464,0.9178623404935273,-0.40925456070664346,-0.7492483194666982,0.8618504815604353,0.5884717636712028,0.0,1.0
2010-06-21,1122.7900390625,1131.22998046875,1108.239990234375,1113.199951171875,4514360000,-0.38628128358427044,0.701222121079449,-0.2832298124526386,-0.23745744140640612,0.793694458151171,0.5448670324387167,-0.356153818139213,-0.6757099867059875,0.8161991803656874,0.40429648477810265,0.0,1.0
2010-06-22,1113.9000244140625,1118.5,1094.1800537109375,1095.31005859375,4514380000,-1.4778857449487324,0.7012409705960312,-0.7511575477653143,-1.3261188474720405,0.0763764393358318,-0.42704815908731647,-0.3616730943854794,-0.6180684857741903,0.6384787515012422,0.658148922059714,0.0,1.0
2010-06-23,1095.5699462890625,1099.6400146484375,1085.31005859375,1092.0400390625,4526150000,-0.30840342828797834,0.7123194507585101,-0.8323990791373084,-1.2335007334260726,-0.08115912740670284,-0.5415947848445961,-0.3731985679899842,-0.5744385260185642,0.481835142656376,0.6292892431703485,0.0,1.0
2010-06-24,1090.9300537109375,1090.9300537109375,1071.5999755859375,1073.68994140625,4814830000,-1.5433802692152354,0.9753825572099547,-1.2633010380173701,-2.0246618544498385,-0.7841018697075687,-1.3745840100407145,-0.4304113379940457,-0.5518614352249325,0.24647221367656238,0.29852891966696066,0.0,1.0
2010-06-25,1075.0999755859375,1083.56005859375,1067.8900146484375,1076.760009765625,5128840000,0.21397477678905308,1.244188316487052,-1.165957869240663,-1.1443225914236224,-0.6192638114749034,-1.0371301494787535,-0.4643690409135841,-0.541116178617971,0.11419688557731848,0.2873598768018897,0.0,1.0
2010-06-28,1077.5,1082.5999755859375,1071.449951171875,1074.5699462890625,3896410000,-0.22336059627056618,0.07489931463864455,-1.2189821828485683,-0.7072652038013824,-0.6742935074737381,-1.0079470013643852,-0.4940607166285224,-0.5389172450386778,0.018652300968405946,0.28756710885863956,0.0,1.0
2010-06-29,1071.0999755859375,1071.0999755859375,1035.1800537109375,1041.239990234375,6136700000,-2.8137035115085465,2.007511179903397,-1.9153442783388948,-2.5406572737204485,-1.8803962515632242,-2.5222300562444007,-0.6049686204918923,-0.5610539537746141,-0.2534107638926064,0.26261132907726215,0.0,1.0
2010-06-30,1040.56005859375,1048.0799560546875,1028.3299560546875,1030.7099609375,5067080000,-0.9454185509234708,1.1926436721097204,-2.096368013028797,-2.426744411938136,-2.157020894294081,-2.6932202684715385,-0.7160839524410212,-0.6027038681422363,-0.471560852583604,0.23395417571674446,0.0,1.0
2010-07-01,1031.0999755859375,1033.5799560546875,1010.9099731445312,1027.3699951171875,6435770000,-0.3311918970510601,2.209967596837922,-2.1533333676632456,-1.9569732580026797,-2.1474962638227946,-2.4817161298683206,-0.806493203437042,-0.6555030822788916,-0.5962057099876372,0.1836242720328516,0.0,1.0
2010-07-02,1027.6500244140625,1032.949951171875,1015.9299926757812,1022.5800170898438,3968500000,-0.458274783207067,0.15289863151260427,-2.236960268375016,-1.470760038191388,-2.2534810103591125,-2.374969764983872,-0.8836026157893833,-0.7143561963309678,-0.6638859685982954,0.11624112046207061,0.0,1.0
2010-07-06,1028.0899658203125,1042.5,1018.3499755859375,1028.06005859375,4691240000,0.4373812720806236,0.8647445961658209,-2.0150599065296944,-0.2354263528196563,-2.0034895302072893,-1.7626634088822173,-0.9214139552476298,-0.7695853955730444,-0.6233720032287976,0.25157596344341016,0.0,1.0
2010-07-07,1028.5400390625,1060.8900146484375,1028.5400390625,1060.27001953125,4931220000,2.758591466691794,1.0770086077965249,-0.9101788509047487,2.1543327042528646,-0.7696795936265036,0.11541884381456437,-0.8551313269918663,-0.7994877158489011,-0.34022729615025954,1.032571009089391,0.0,1.0
2010-07-08,1062.9200439453125,1071.25,1058.239990234375,1070.25,4548460000,0.799672901519482,0.7332398439992829,-0.6268608848191712,2.310387286048514,-0.4160161438414087,0.5790894467634143,-0.7686547167072516,-0.8047776033811339,-0.06506982139869417,1.106238472759068,0.0,1.0
2010-07-09,1070.5,1078.1600341796875,1068.0999755859375,1077.9599609375,3506570000,0.6022637791897355,-0.37361789872848916,-0.4150115838277625,2.088389877845773,-0.10466251568465859,0.8545832237728198,-0.6735308703240276,-0.7885144394036238,0.17588495492863312,1.0032249986515949,0.0,1.0
2010-07-12,1077.22998046875,1080.780029296875,1070.449951171875,1078.75,3426990000,0.023923865789791856,-0.4712885527716863,-0.39282093600599693,1.211257106980684,-0.04987612320025675,0.739354840447609,-0.5915819914625667,-0.7578474697930597,0.336913928622029,1.0000647225295554,0.0,1.0
2010-07-13,1080.6500244140625,1099.4599609375,1080.6500244140625,1095.3399658203125,4640460000,1.3328980152532992,0.8184389890398507,0.055314065248657736,1.4483635077112993,0.5730844561187496,1.4290834804463048,-0.477813811559776,-0.7088017727493133,0.5423809900189497,1.100334667041247,0.0,1.0
2010-07-14,1095.6099853515625,1099.0799560546875,1087.6800537109375,1095.1700439453125,4521050000,-0.0554435348980644,0.707522631013161,0.04967788369544783,0.8647453951813494,0.6056325672173655,1.1745137617965353,-0.38610509145767474,-0.6498059530921737,0.6536195108221811,0.39439891616198963,0.0,1.0
2010-07-15,1094.4599609375,1098.6600341796875,1080.530029296875,1096.47998046875,4552470000,0.06532216153754822,0.7369891940948934,0.08618011430706492,0.5458614862134052,0.6911214388627817,1.0337409208477977,-0.3086899884203577,-0.5859296915047455,0.708180963206757,0.22232168468572716,0.0,1.0
2010-07-16,1093.8499755859375,1093.8499755859375,1063.3199462890625,1064.8800048828125,5297350000,-2.6172994097522158,1.3817302834077732,-0.8900936766747674,-1.77314400241356,-0.4211541471713766,-0.7134940392538808,-0.33307835302597455,-0.5400833198090428,0.5066137705471401,0.9206408172048626,0.0,1.0
2010-07-19,1066.8499755859375,1074.699951171875,1061.1099853515625,1071.25,4089500000,0.4930485680540588,0.28068605697113513,-0.6929091286175761,-1.144543044567029,-0.08783303617760893,-0.30884927936264966,-0.33343152182416647,-0.5034823150510224,0.4032541455062817,0.8782850564572312,0.0,1.0
2010-07-20,1064.530029296875,1083.93994140625,1056.8800048828125,1083.47998046875,4713280000,0.9787676781920761,0.8846867985196778,-0.33192340412412624,0.026342268463805215,0.440413808572463,0.3241941545133804,-0.29897354981121166,-0.46677730886780255,0.4044168411985983,0.9008156486639435,0.0,1.0
2010-07-21,1086.6700439453125,1088.9599609375,1065.25,1069.5899658203125,4747180000,-1.1873410653096172,0.9151788518780857,-0.7294331498572815,-0.6815081167420863,-0.0447688751540567,-0.43609047893893643,-0.308845714967464,-0.4395403284596903,0.29856797650901495,0.5785245827248882,0.0,1.0
2010-07-22,1072.1400146484375,1097.5,1072.1400146484375,1093.6700439453125,4826900000,1.9705385355352987,0.9860350168924709,-0.07572235369708323,1.3085496279206947,0.880345588596551,0.8025398965769294,-0.24981881566755176,-0.40503300073515625,0.37984764638121377,0.8087022505084859,0.0,1.0
2010-07-23,1092.1700439453125,1103.72998046875,1087.8800048828125,1102.6600341796875,4524570000,0.6930799447560747,0.7108339552953467,0.13866867389848025,1.4139431905110655,1.1692537131270575,1.0984595065952691,-0.17862405942581444,-0.36208774834686736,0.4741803792243004,0.8150576506577821,0.0,1.0
2010-07-26,1102.8900146484375,1115.010009765625,1101.300048828125,1115.010009765625,4009650000,0.9594284128574241,0.1967889630344803,0.41729688665421116,1.6883179576340457,1.5679636711039182,1.5095696200981956,-0.08954706479944052,-0.3085393074102422,0.5927199244885014,0.852032613186525,0.0,1.0
2010-07-27,1117.3599853515625,1120.949951171875,1109.780029296875,1113.8399658203125,4725690000,-0.13536434472017628,0.89587460108956,0.37797032669254327,1.1055521141069435,1.4445975910831836,1.1935103693901408,-0.024334623035475303,-0.25165009443771225,0.6300684632004409,0.7648172939277029,0.0,1.0
2010-07-28,1112.8399658203125,1114.6600341796875,1103.1099853515625,1106.1300048828125,4002390000,-0.6602245986386931,0.1890783128858179,0.11466763061328653,-0.08269922828595838,1.020827236055449,0.6099704473980307,0.0036075327622194296,-0.20011839821438693,0.5701734989355903,0.8042590194792242,0.0,1.0
2010-07-29,1108.0699462890625,1115.9000244140625,1092.8199462890625,1101.530029296875,4612420000,-0.4132526600246259,0.7926520510029091,-0.04116994952560104,-0.567136949278311,0.7066367822294363,0.2699249987958955,0.010509669439411444,-0.15740592935622993,0.4715779494286743,0.8185641584555678,0.0,1.0
2010-07-30,1098.43994140625,1106.43994140625,1088.010009765625,1101.5999755859375,4006450000,-0.03590355332711313,0.193392051451799,-0.03913929519735558,-0.5450958883795136,0.5653280575223697,0.21021554019931513,0.013580447027491194,-0.12257433453597524,0.38347282704226054,0.18054414677155245,0.0,1.0
2010-08-02,1107.530029296875,1127.300048828125,1107.530029296875,1125.8599853515625,4144180000,1.9266690473696284,0.3371977442356356,0.5986856244414775,1.1866659240346609,1.2837996171373003,1.3316983003947729,0.07956400530596655,-0.08049245620482498,0.4645281913319914,0.41651862905562076,0.0,1.0
2010-08-03,1125.3399658203125,1125.43994140625,1116.760009765625,1120.4599609375,4071820000,-0.47024970847769915,0.2622520434678044,0.39585039070581834,0.658940483733762,0.9004722806509141,0.8409724607245875,0.11322387961969306,-0.03957470669296538,0.4515136815702723,0.43761175139680347,0.0,1.0
2010-08-04,1121.06005859375,1128.75,1119.4599609375,1127.239990234375,4057850000,0.4992352777745967,0.2476295551062412,0.5650770279319237,0.8556073571674526,1.0260080880486457,1.0143281828837287,0.15438191423335232,0.0020272689507128618,0.4591630649754552,0.22083156255023503,0.0,1.0
2010-08-05,1125.780029296875,1126.56005859375,1118.81005859375,1125.81005859375,3685560000,-0.15495226626046235,-0.1618021279098357,0.5067113293187528,0.3636310465313254,0.8654750244387351,0.7657651652579309,0.17856266005070315,0.040518754172251814,0.4243889856022365,-0.04506518971116129,0.0,1.0
2010-08-06,1122.0699462890625,1123.06005859375,1107.1700439453125,1121.6400146484375,3857890000,-0.37262466285618606,0.032628110477604305,0.33120005998748087,-0.270491412871779,0.6260398363638568,0.4253648823317373,0.1816961583443252,0.07198707568206775,0.34587273278748104,-0.04321795608397505,0.0,1.0
2010-08-09,1122.800048828125,1129.239990234375,1120.9100341796875,1127.7900390625,3979360000,0.4484663652871771,0.16452588805705992,0.5089790992193205,0.17526713535241212,0.7621406115816155,0.6320861461606135,0.1964396186600882,0.10033831081149536,0.3110249131532213,-0.1196104923217239,0.0,1.0
2010-08-10,1122.9200439453125,1127.1600341796875,1111.5799560546875,1121.06005859375,3979360000,-0.5749115230189954,0.16452588805705992,0.21331281120623663,-0.35436495592329326,0.46259104519602295,0.19105675171978642,0.18499633203994773,0.12055376566509017,0.22007003765796315,-0.07673160080477,0.0,1.0
2010-08-11,1116.8900146484375,1116.8900146484375,1088.550048828125,1089.469970703125,4511860000,-2.560036535661063,0.6988652736300531,-0.8957910240241537,-2.2271804053138284,-0.7031810685512467,-1.3750706851727044,0.08539047294328651,0.11526537568900506,-0.06505307930041512,0.5026887470952972,0.0,1.0
2010-08-12,1081.47998046875,1086.719970703125,1076.68994140625,1083.6099853515625,4521050000,-0.5223007398208912,0.707522631013161,-1.062477562214873,-2.0412323756213775,-0.897893375536783,-1.471177918374797,-0.012005344718381532,0.09005007817586513,-0.28782819521919256,0.5080409158905234,0.0,1.0
2010-08-13,1082.219970703125,1086.25,1079.0,1079.25,3328890000,-0.4011829494820964,-0.5948591013772674,-1.1864323797674146,-1.7309391220005899,-1.086546543789508,-1.481374665789812,-0.102470263282115,0.05038656357003582,-0.4493536718471263,0.5091838000929879,0.0,1.0
2010-08-16,1077.489990234375,1082.6199951171875,1069.489990234375,1079.3800048828125,3142450000,-0.030812852193514963,-0.8400828038990626,-1.1811298462501945,-0.9632934396231178,-1.0965000104654294,-1.272120248552839,-0.17423295678604458,0.0031939957646873567,-0.5335255733909333,0.03467397037286574,0.0,1.0
2010-08-17,1081.1600341796875,1100.1400146484375,1081.1600341796875,1092.5400390625,3968210000,1.0480921890142783,0.15258770707745095,-0.6617701089236026,0.5440742847211966,-0.6232540337455027,-0.4592317911060067,-0.19500123430922858,-0.03903472388624299,-0.47803167169307154,0.23358613608576356,0.0,1.0
2010-08-18,1092.0799560546875,1099.77001953125,1085.760009765625,1094.1600341796875,3724260000,0.090943578604993,-0.11735899933270029,-0.6006612467058491,0.5981590490521825,-0.6081906208287148,-0.3312314593789443,-0.20704164176229373,-0.07541188656602023,-0.41261352890649433,0.18662599237329808,0.0,1.0
2010-08-19,1092.43994140625,1092.43994140625,1070.6600341796875,1075.6300048828125,4290540000,-1.5551678090995071,0.4848678860724562,-1.205703308851488,-0.7590299663157665,-1.2643470700126282,-1.2054715893816426,-0.26704192517955433,-0.11744108227826949,-0.4758010712606864,0.3176381517006633,0.0,1.0
2010-08-20,1075.6300048828125,1075.6300048828125,1063.9100341796875,1071.68994140625,3761570000,-0.36895942017267586,-0.07494724347227896,-1.3212305756088962,-0.9550002380450814,-1.3549871907185094,-1.2368293594903446,-0.3241571123026526,-0.16337029096935637,-0.5194017073267531,0.31768740268779294,0.0,1.0
2010-08-23,1073.3599853515625,1081.5799560546875,1067.0799560546875,1067.3599853515625,3210950000,-0.4026783913746018,-0.7483343890918066,-1.4490406231517643,-1.11199339583595,-1.4302730694604386,-1.2833410364168985,-0.37942397809720785,-0.212021276752381,-0.5498301220736967,0.23497629477440454,0.0,1.0
2010-08-24,1063.199951171875,1063.199951171875,1046.6800537109375,1051.8699951171875,4436330000,-1.3386174906347503,0.6270375720040483,-1.867111140612593,-1.7164905612201462,-1.8977841376726963,-1.875940735166716,-0.4630385923529601,-0.26895739772800803,-0.6424547277483382,0.29250670026332504,0.0,1.0
2010-08-25,1048.97998046875,1059.3800048828125,1039.8299560546875,1055.3299560546875,4360190000,0.2524039991397134,0.5533812222894486,-1.7032413207667922,-0.8113568745393378,-1.6766471272137389,-1.4428283325605575,-0.5162467132460374,-0.32597034287012305,-0.6433135922039944,-0.12727309236861475,0.0,1.0
2010-08-26,1056.280029296875,1061.449951171875,1045.4000244140625,1047.219970703125,3646710000,-0.728401268567496,-0.2068894048032125,-1.9168924077305909,-1.0147467290683687,-1.8833476013874784,-1.6501361683396036,-0.5765689543447831,-0.38457753250527277,-0.6611366287729277,-0.11220050847965934,0.0,1.0
2010-08-27,1049.27001953125,1065.2099609375,1039.699951171875,1064.5899658203125,4102460000,1.4408522933544945,0.2941482219532606,-1.1370519060149586,0.529387372181575,-1.1619659870780934,-0.5543804023355924,-0.572311240609906,-0.43054593108482364,-0.5198398351159834,0.20282385912827125,0.0,1.0
2010-08-30,1062.9000244140625,1064.4000244140625,1048.7900390625,1048.9200439453125,2917990000,-1.3570979292987826,-1.155387810837921,-1.5696703756991583,-0.4574209595128205,-1.612608322346646,-1.2740804364115599,-0.607582191828973,-0.47492001417611734,-0.5020160048479335,0.3226234468470124,0.0,1.0
2010-08-31,1046.8800048828125,1055.1400146484375,1040.8800048828125,1049.3299560546875,4038770000,-0.006651767910439144,0.22757685840252528,-1.551926865058948,-0.3818107617075492,-1.466875346265267,-1.0813971293115676,-0.6295823740490544,-0.515159368227929,-0.45579133404286637,0.1434278501782819,0.0,1.0
2010-09-01,1049.719970703125,1081.300048828125,1049.719970703125,1080.2900390625,4396880000,2.5953765362164,0.5890336246807083,-0.41017470247430304,1.753809857263916,-0.20323493306080403,0.6125288652726039,-0.5576453546332488,-0.53185153565572,-0.19254289873133296,0.8309430787154746,0.0,1.0
2010-09-02,1080.6600341796875,1090.0999755859375,1080.3900146484375,1090.0999755859375,3704210000,0.7700147224058709,-0.14032648349649293,-0.12130940934566682,1.8397219128509565,0.23832708390173982,0.9836128815578227,-0.4705924114252815,-0.5264491260956785,0.0544659229078444,0.7064462167000923,0.0,1.0
2010-09-03,1093.6099853515625,1105.0999755859375,1093.6099853515625,1104.510009765625,3534500000,1.1398605167185685,-0.3398633800595869,0.2653541921173468,2.345494722677719,0.8205546493379684,1.5208099558633972,-0.3601472834040715,-0.4983310510233812,0.3084182739314439,0.7573920549282174,0.0,1.0
2010-09-07,1102.5999755859375,1102.5999755859375,1091.1500244140625,1091.8399658203125,3107380000,-1.0668084686017387,-0.8878323763879397,-0.16094169583111734,0.6201388898877358,0.4070800644808782,0.635813130192119,-0.30646220008494507,-0.4642697778336821,0.3748609292742474,0.8481286523620121,0.0,1.0
2010-09-08,1092.3599853515625,1103.260009765625,1092.3599853515625,1098.8699951171875,3224640000,0.5338755863743291,-0.7302329500198951,0.03238195042514789,0.38492292842712467,0.7187579725914715,0.8615642302604853,-0.24415057492526768,-0.4235952995526317,0.44879400333909536,0.6624763359016763,0.0,1.0
2010-09-09,1101.1500244140625,1110.27001953125,1101.1500244140625,1104.1800537109375,3387770000,0.39030385992246136,-0.5202618321499771,0.17681606996940588,0.4250731741798433,0.8928738379191241,0.9661214369707043,-0.18047953621974355,-0.3773373623852378,0.5112149132730576,0.6615563496820172,0.0,1.0
2010-09-10,1104.5699462890625,1110.8800048828125,1103.9200439453125,1109.550048828125,3061160000,0.39307828396160005,-0.9515930727247589,0.322556708031987,0.5401213980048304,1.0469778973161699,1.0561060558733375,-0.11630562040842156,-0.3265043098460594,0.5623629328739813,0.5549986247518297,0.0,1.0
2010-09-13,1113.3800048828125,1123.8699951171875,1113.3800048828125,1121.9000244140625,4521050000,0.9532124210368795,0.707522631013161,0.6396044587395159,1.2361926137743922,1.4335906272008974,1.4699250011006952,-0.0334394658801543,-0.2679837961597152,0.6483057739794744,0.4950250339418033,0.0,1.0
2010-09-14,1121.1600341796875,1127.3599853515625,1115.5799560546875,1121.0999755859375,4521050000,-0.10531332135514396,0.707522631013161,0.6060888231372664,0.7087102412901731,1.3208461586122504,1.1785100489566063,0.027276250711779745,-0.20808577474146606,0.6637057774212272,0.2139949684289024,0.0,1.0
2010-09-15,1119.4300537109375,1126.4599609375,1114.6300048828125,1125.0699462890625,3369840000,0.2749081052105731,-0.5428398365151409,0.711100174206179,0.6061187760569892,1.4075346543980405,1.163905470538417,0.08295025878755666,-0.14817201722737594,0.6638817008839405,0.1892154773010287,0.0,1.0
2010-09-16,1123.8900146484375,1125.43994140625,1118.8800048828125,1124.6600341796875,3364080000,-0.07414171706504402,-0.5501185060918777,0.6916243676148595,0.2539436620798741,1.3320166787806451,0.9403986590462233,0.12209884118124237,-0.09180618520990654,0.6242172666353694,-0.3293756143656755,0.0,1.0
2010-09-17,1126.3900146484375,1131.469970703125,1122.4300537109375,1125.5899658203125,4086140000,0.03232091543927489,0.277188901742201,0.7191018912962392,0.07672166634573492,1.2693079189103476,0.8167086355214965,0.1515068411639928,-0.04037736773862237,0.5690233542947866,-0.35554221424879195,0.0,1.0
2010-09-20,1126.5699462890625,1144.8599853515625,1126.5699462890625,1142.7099609375,3364080000,1.317786437713553,-0.5501185060918777,1.1825673319111423,1.0752464303646563,1.7759057571056835,1.485860574175667,0.21708728888468415,0.014895435826011234,0.6119976314596544,-0.30376132670786654,0.0,1.0
2010-09-21,1142.8199462890625,1148.5899658203125,1136.219970703125,1139.780029296875,4175660000,-0.2707363150557626,0.36939502462650853,1.0263936522495627,0.5592039237277759,1.523480394786266,1.0913449242511506,0.2555983514761718,0.06741114674454053,0.5811744024818235,-0.5599825885204671,0.0,1.0
2010-09-22,1139.489990234375,1144.3800048828125,1131.5799560546875,1134.280029296875,3911070000,-0.47285383450854057,0.0908772613403687,0.733826173325132,-0.005112996227060448,1.1572247412043732,0.638018500616627,0.2654555370990357,0.1115475125763709,0.4874965666439455,-0.46431803782666153,0.0,1.0
2010-09-23,1131.0999755859375,1136.77001953125,1122.7900390625,1124.8299560546875,3847850000,-0.7861866002964222,0.02154103574197573,0.26186782628260635,-0.7327243611015184,0.6710210633688655,0.06857514894807713,0.241981656963651,0.14179899951192154,0.3322689930786558,-0.3211200547336213,0.0,1.0
2010-09-24,1131.68994140625,1148.9000244140625,1131.68994140625,1148.6700439453125,4123950000,1.8526555603110655,0.31637745200974604,0.9476768176665091,0.7388276828570923,1.3639346483101433,1.1662183265118427,0.2834204197711811,0.17492844987651804,0.36444351064107544,0.024026645856767673,0.0,1.0
2010-09-27,1148.6400146484375,1149.9200439453125,1142.0,1142.1600341796875,3587860000,-0.5481016295300869,-0.2761108546489811,0.6449585276526785,0.249845585588333,0.9742854430062552,0.6551454208683726,0.29250072977100294,0.203388424174726,0.3122405749855909,0.022181876703142363,0.0,1.0
2010-09-28,1142.31005859375,1150.0,1132.0899658203125,1147.699951171875,4025840000,0.3919211652571279,0.2139337636662568,0.7951411521856452,0.5512717776930969,0.9913862451718304,0.7926155573044638,0.3089773024262566,0.22970639227259942,0.2882937744752298,0.021779356042601825,0.0,1.0
2010-09-29,1146.75,1148.6300048828125,1140.260009765625,1144.72998046875,3990280000,-0.2728579233510181,0.17618543227634811,0.6499213754004182,0.16471550330250687,0.7026158659028985,0.5081398285743968,0.30786032958980125,0.2505201074229459,0.2267583562899738,0.039371061562983777,0.0,1.0
2010-09-30,1145.969970703125,1157.1600341796875,1136.0799560546875,1141.199951171875,4284160000,-0.31718431104007605,0.4785364942315941,0.47443855347163244,-0.35273966698017584,0.4597707088082092,0.24211246906013245,0.2914450769851134,0.26363430270221405,0.1406807033170377,0.055543209873064825,0.0,1.0
2010-10-01,1143.489990234375,1150.300048828125,1139.4200439453125,1146.239990234375,4298910000,0.3531373824146249,0.49315985387987044,0.6359749245127958,0.06703220724691451,0.5396894486586623,0.41974752564815976,0.28659570301765863,0.2730808286111327,0.09967757889283843,0.06146643199109111,0.0,1.0
2010-10-04,1144.9599609375,1148.1600341796875,1131.8699951171875,1137.030029296875,3604110000,-0.7596953301209871,-0.2568842053347936,0.1727105611429608,-0.5552501671302085,0.14390813256749826,-0.09850591027278587,0.2520132959992356,0.27318703660062776,-0.004743561384372841,-0.0613039595360846,0.0,1.0
2010-10-05,1140.6800537109375,1162.760009765625,1140.6800537109375,1160.75,4068840000,1.822889250106084,0.25913707227421745,0.8861958617209543,1.0476503257435423,0.8793523706201736,1.0052097702449447,0.2843069999374643,0.2802298992213997,0.0728055533840711,0.2747195510875777,0.0,1.0
2010-10-06,1159.81005859375,1162.3299560546875,1154.8499755859375,1159.969970703125,4073160000,-0.10163869862069133,0.26365199225250663,0.8478113018560226,0.7549834280625536,0.7376316974209134,0.7903285811936144,0.30183396323450495,0.2896404917225556,0.09927585729781405,0.24371685260599993,0.0,1.0
2010-10-07,1161.5699462890625,1163.8699951171875,1151.4100341796875,1158.06005859375,3910550000,-0.18873522025797393,0.09031153812715968,0.7489813428200233,0.354008133895165,0.5691277231449758,0.556971857193562,0.30451139733745913,0.29774583695152057,0.08468369783582479,0.16236427185340266,0.0,1.0
2010-10-08,1158.3599853515625,1167.72998046875,1155.5799560546875,1165.1500244140625,3871420000,0.5055956592995001,0.04752360348894914,0.9555994058661194,0.6014030406772748,0.7227126623425669,0.7778212243987007,0.32006050788093066,0.3075802738293098,0.10401427342989134,-0.15201703261119293,0.0,1.0
2010-10-11,1165.3199462890625,1168.6800537109375,1162.02001953125,1165.3199462890625,2505900000,-0.02854467840439779,-1.803151083094551,0.9605831024035278,0.18737856813920675,0.6490304494835251,0.6430440663914246,0.32665089940449377,0.31686776761598445,0.09789966130066675,-0.20695214915869903,0.0,1.0
2010-10-12,1164.280029296875,1172.5799560546875,1155.7099609375,1169.77001953125,4076170000,0.29971999963199,0.2667949748664392,1.094679210133609,0.38470897665576237,0.7197076461819916,0.7269516600706808,0.3378162562789357,0.3267034140578312,0.10402779588803633,-0.21216079155205692,0.0,1.0
2010-10-13,1171.3199462890625,1184.3800048828125,1171.3199462890625,1178.0999755859375,4969410000,0.5948575515461045,1.1098322182282339,1.3317777339971864,0.7337101434078928,0.9210764255702684,0.9753802864593022,0.36301650093532467,0.34000149381596956,0.14273646064013393,-0.21536024394396455,0.0,1.0
2010-10-14,1177.8199462890625,1178.8900146484375,1166.7099609375,1173.81005859375,4969410000,-0.36702514496590133,1.1098322182282339,1.0586058130395348,0.17879626855116165,0.6775773713701924,0.6047979927959158,0.3645199030167043,0.3509638757364561,0.11662426256993509,-0.20786842873329925,0.0,1.0
2010-10-15,1177.469970703125,1181.199951171875,1167.1199951171875,1176.18994140625,5724910000,0.1396263689704767,1.7119794697549897,1.1327532104370244,0.19107055741442638,0.6703784894075813,0.598377311840998,0.36562419548469277,0.3599717085299237,0.09477315960622146,-0.21039552012132542,0.0,1.0
2010-10-18,1176.8299560546875,1185.530029296875,1174.550048828125,1184.7099609375,4450050000,0.6058259513014305,0.6401755020063223,1.386543012583207,0.533294456948985,0.8974233290959236,0.8730650992183335,0.38314311171915577,0.3709525433753527,0.11683055913077545,-0.3414765110749773,0.0,1.0
2010-10-19,1178.6400146484375,1178.6400146484375,1159.7099609375,1165.9000244140625,5600120000,-1.4605970992674613,1.6182113150792423,0.28102231270711886,-0.8002230513957468,0.18088338369570406,-0.1430795175784237,0.3388129772292095,0.37018598491369364,-0.014500752607564333,-0.3585616194886334,0.0,1.0
2010-10-20,1166.739990234375,1182.93994140625,1166.739990234375,1178.1700439453125,5027880000,0.8990032482861149,1.1596005545653312,0.6857064543512144,0.10621423615846426,0.5378482732460428,0.41817859082799524,0.33126431441766924,0.36794632785051457,-0.030969424984507457,-0.25628040134326974,0.0,1.0
2010-10-21,1179.8199462890625,1189.4300537109375,1171.1700439453125,1180.260009765625,4625470000,0.11696310056620443,0.8046729066466299,0.7505196729347003,0.16511825015966375,0.5120429422618573,0.42714615340436757,0.3248651114374201,0.36477585077612806,-0.0413756325463514,-0.26929317928010027,0.0,1.0
2010-10-22,1180.52001953125,1183.9300537109375,1178.989990234375,1183.0799560546875,3177890000,0.1719595894346353,-0.7923677750070939,0.8402801834518548,0.27124227305305054,0.5499168960392727,0.46773141176907296,0.32142955904280457,0.3614992561916055,-0.042561985249479635,-0.29075126884570446,0.0,1.0
2010-10-25,1184.739990234375,1196.1400146484375,1184.739990234375,1185.6199951171875,4221380000,0.15030536154707747,0.4157270898725748,0.9227094713378916,0.4451626526601407,0.5615402355471967,0.48902947103124617,0.31959199352557194,0.3584820646449147,-0.03966195965769072,-0.29308977941189257,0.0,1.0
2010-10-26,1184.8800048828125,1187.1099853515625,1177.719970703125,1185.6400146484375,4203680000,-0.04006964110722958,0.39784994042594296,0.9233906055968393,0.15459990616393593,0.49423026185250596,0.3926486119510651,0.3121570047058293,0.35446639294160337,-0.05082458146542041,-0.2962155005861975,0.0,1.0
2010-10-27,1183.8399658203125,1183.8399658203125,1171.699951171875,1182.449951171875,4335670000,-0.28204780732428447,0.5293870128416411,0.7076405998134204,-0.14286588325911456,0.3146124598886372,0.165990167345607,0.29166962599819296,0.34683971171585865,-0.09119427071338965,-0.326960098835527,0.0,1.0
2010-10-28,1184.469970703125,1189.530029296875,1177.0999755859375,1183.780029296875,4283460000,0.05895389201782211,0.4778412534920816,0.7608674913993947,-0.09684762760054744,0.2856918378515405,0.1792174120057818,0.2735127864137061,0.33682635323813337,-0.11787639891024926,-0.3486266225708167,0.0,1.0
2010-10-29,1183.8699951171875,1185.4599609375,1179.699951171875,1183.260009765625,3537880000,-0.08083975276109703,-0.33579662033525876,0.722119939271486,-0.13767821589048185,0.2018628450396729,0.10667834836683616,0.2523448481614932,0.3242548914508245,-0.14647500410099418,-0.34892371783092696,0.0,1.0
2010-11-01,1185.7099609375,1195.81005859375,1177.6500244140625,1184.3800048828125,4129180000,0.04301702112054041,0.32176983125951125,0.7727204489180927,-0.03721412782329762,0.15748213566782887,0.11952360436869883,0.23353020138344105,0.3101439795292306,-0.16368546094076075,-0.4086699995263975,0.0,1.0
2010-11-02,1187.8599853515625,1195.8800048828125,1187.8599853515625,1193.5699462890625,3866200000,0.6519019759672005,0.0417829604945753,1.159801896288793,0.5204948836195813,0.42077689645838323,0.4943624462252272,0.23877486880509888,0.2999852489461243,-0.11950160279938232,-0.8076200871114037,0.0,1.0
2010-11-03,1193.7900390625,1198.300048828125,1183.56005859375,1197.9599609375,4665480000,0.28714479582000574,0.8413173797017451,1.3246752749161084,0.6131778973147405,0.5067084125732261,0.5936981308911805,0.2497235814838089,0.2942172384396175,-0.07041505125030458,-0.9835017199036918,0.0,1.0
2010-11-04,1198.3399658203125,1221.25,1198.3399658203125,1221.06005859375,5695470000,1.6818138872607584,1.690043563536475,1.9855204590000328,1.7462812642774186,1.1989533227130627,1.5138302685320624,0.3160259441524693,0.3038881210645195,0.10218580016688286,-0.4582567350281446,0.0,1.0
2010-11-05,1221.199951171875,1227.0799560546875,1220.2900390625,1225.8499755859375,5637460000,0.309014604894332,1.646486176386836,2.0905440962002646,1.4642944471608779,1.2563591242432448,1.466977072927545,0.3750217850907792,0.3243358788290909,0.2226670943173983,-0.45968211670300113,0.0,1.0
2010-11-08,1223.239990234375,1224.5699462890625,1217.550048828125,1223.25,3937230000,-0.2311378648967602,0.11924084620553604,1.880780887322841,0.7103547206187013,1.0626396681429782,1.0995863303792135,0.4074737060846702,0.34768607020122416,0.2551151790073492,-0.42159781983793976,0.0,1.0
2010-11-09,1223.5899658203125,1226.8399658203125,1208.93994140625,1213.4000244140625,4848040000,-0.7612475110919298,1.0046282434673965,1.1406376729011278,-0.27993536828871834,0.6446917405175918,0.4701114865588132,0.3989935565005929,0.36453911790009635,0.18247962668894782,-0.2880742833052126,0.0,1.0
2010-11-10,1213.1400146484375,1218.75,1204.3299560546875,1218.7099609375,4561300000,0.34953046521840025,0.7452336147562457,1.3090291820628581,-0.19658477492685975,0.7564311184894612,0.6106268353143135,0.39987134337289204,0.3782106811586399,0.1469118616621844,-0.31859607419501124,0.0,1.0
2010-11-11,1213.0400390625,1215.449951171875,1204.489990234375,1213.5400390625,3931120000,-0.42071590113757895,0.11263307502600975,0.9434632155959315,-0.4582543591757324,0.5084708378861984,0.2659796981594781,0.37949952663701203,0.38475868650828243,0.06727324056864303,-0.26485650956077283,0.0,1.0
2010-11-12,1209.0699462890625,1210.5,1194.0799560546875,1199.2099609375,4213620000,-1.0969546430982553,0.4078986697484953,0.06888240271723697,-1.1049506433084606,-0.024751725412408606,-0.4304110205230335,0.3177379144990552,0.3766901350722786,-0.0961342086906436,-0.07413314124458927,0.0,1.0
2010-11-15,1200.43994140625,1207.4300537109375,1197.1500244140625,1197.75,3503370000,-0.1503862262136431,-0.37750238039052925,-0.01149308035573629,-0.8473976065400152,-0.09744268634379417,-0.4503618734142759,0.25934013350360124,0.3576530983054774,-0.21875763063797776,-0.0682914226859985,0.0,1.0
2010-11-16,1194.7900390625,1194.7900390625,1173.0,1178.3399658203125,5116380000,-1.4899264765236564,1.2338394130264727,-0.9321699491620877,-1.7491986658144023,-0.7858794889949163,-1.2662006684021783,0.1553059145601234,0.3200085950492379,-0.42678190617752654,0.11217612280539416,0.0,1.0
2010-11-17,1178.3299560546875,1183.56005859375,1175.8199462890625,1178.5899658203125,3904780000,-0.022616840075558742,0.08402913299553483,-0.9194655624143199,-1.1576354426151054,-0.7779989560460956,-1.084100607344669,0.07030152614200447,0.27157822388226405,-0.5473637360289638,0.09234430589755786,0.0,1.0
2010-11-18,1183.75,1200.2900390625,1183.75,1196.68994140625,4687260000,1.3309706047401075,0.8611334332384498,-0.09724436291109932,0.4080079913631854,-0.18421823065577875,-0.1315872073394021,0.04983978305423706,0.22842530645271863,-0.48836384525688165,-0.042373886138024494,0.0,1.0
2010-11-19,1196.1199951171875,1199.969970703125,1189.43994140625,1199.72998046875,3675390000,0.18546536040097464,-0.1735588087716972,0.022878933877424273,0.6224702536651345,-0.10844732215812579,0.0028926681213179823,0.03912080339467706,0.19159349607687975,-0.4176963142310109,-0.05620237716034359,0.0,1.0
2010-11-22,1198.0699462890625,1198.93994140625,1184.5799560546875,1197.8399658203125,3689500000,-0.18237606889516175,-0.15725614212800174,-0.07305047721064027,0.48306442748448447,-0.19425881113904087,-0.10302637462771758,0.022716353970823982,0.1585935985533428,-0.37485701122953924,-0.05595231508270488,0.0,1.0
2010-11-23,1192.510009765625,1192.510009765625,1176.9100341796875,1180.72998046875,4133070000,-1.3182043821132081,0.3257761792514791,-0.8447092120232376,-0.8015867574248831,-0.7728281210928429,-0.8724010906403823,-0.03944989887567377,0.11879954225015861,-0.4508130775128775,0.04467379964489584,0.0,1.0
2010-11-24,1183.699951171875,1198.6199951171875,1183.699951171875,1198.3499755859375,3384250000,1.2921512289656798,-0.5246848820430418,-0.12273979591501119,0.19567975088041098,-0.1955983701396206,0.027314220465766814,-0.04207636168256174,0.08639840808894365,-0.3681630685191029,0.25070724027061725,0.0,1.0
2010-11-26,1194.1600341796875,1194.1600341796875,1186.9300537109375,1189.4000244140625,1613820000,-0.7090763623606636,-3.6753991417986867,-0.48695991961904667,-0.34997797999086033,-0.5119891300089158,-0.3977933411266858,-0.0704627544593388,0.054361461062597885,-0.3640915972666897,0.2709279476917714,0.0,1.0
2010-11-29,1189.0799560546875,1190.3399658203125,1173.6400146484375,1187.760009765625,3673450000,-0.16481330788629941,-0.1758051737302832,-0.5524202736860899,-0.295478642013862,-0.5758366055143028,-0.43133865756891304,-0.09877880185887687,0.022631020129923702,-0.3606649777362619,0.18625663078162405,0.0,1.0
2010-11-30,1182.9599609375,1187.4000244140625,1174.1400146484375,1180.550048828125,4284700000,-0.5841002263928219,0.47907274518945964,-0.837900958445967,-0.5709055574886716,-0.816459340694387,-0.7094811623607673,-0.14190243190723983,-0.012044609438342175,-0.3935910470963239,0.20565778552477035,0.0,1.0
2010-12-01,1186.5999755859375,1207.6099853515625,1186.5999755859375,1206.0699462890625,4548110000,1.890421783127852,0.7329124371605222,0.12020536114470225,0.9226479302181131,0.03670570966713206,0.5199211402081055,-0.10690434736449674,-0.03224453983031142,-0.23175833140734112,0.3338490691824727,0.0,1.0
2010-12-02,1206.81005859375,1221.8900146484375,1206.81005859375,1221.530029296875,4970800000,1.1040714781639474,1.111022135069833,0.5635009476067903,1.7050721512184293,0.52527409700785,1.1051843843533087,-0.038524777808287926,-0.033671644885872855,-0.021885407941197765,0.3978130545996434,0.0,1.0
2010-12-03,1219.9300537109375,1225.5699462890625,1216.8199462890625,1224.7099609375,3735780000,0.19108373024793232,-0.10421858570382406,0.6482644771234972,1.4143032930928872,0.6277364712070982,1.051432711970127,0.021749653293579654,-0.021826796395014135,0.12648989737270325,0.28584040758975854,0.0,1.0
2010-12-06,1223.8699951171875,1225.800048828125,1220.6700439453125,1223.1199951171875,3527370000,-0.15760794146739113,-0.3484548470682735,0.5746490402410566,0.783747173836568,0.5780856291885333,0.7953490459926519,0.06198280919368026,-0.0036824129222625492,0.19691626098260806,0.2949110219196451,0.0,1.0
2010-12-07,1227.25,1235.050048828125,1223.25,1223.75,6970630000,0.004456186970479373,2.5496365816387865,0.5936987479193129,0.20668893230065458,0.5987743137029423,0.6777068697731508,0.09210793665942195,0.017323755664143316,0.22890991123884805,0.28660360695623355,0.0,1.0
2010-12-08,1225.02001953125,1228.9300537109375,1219.5,1228.280029296875,4607590000,0.2892635445945187,0.7881943273047026,0.734298128034793,0.21192785422511673,0.7277858439239386,0.749954856532543,0.12460302828585895,0.04112997709757136,0.2602134186402914,0.03942877905026416,0.0,1.0
2010-12-09,1230.1400146484375,1234.7099609375,1226.8499755859375,1233.0,4522510000,0.30186421968213556,0.7088963908117171,0.8787839229651857,0.3833831498428219,0.8641632256874004,0.8185747423835632,0.1591024536928177,0.0676080880343234,0.29008410944960594,-0.08282371922715448,0.0,1.0
2010-12-10,1233.8499755859375,1240.4000244140625,1232.5799560546875,1240.4000244140625,4547310000,0.49481387160208357,0.732163984049998,1.0955891337424712,0.6835998166292396,1.0698153108935948,0.9927253883890311,0.2020857208647808,0.0980516114778415,0.33441588693278435,-0.2004930431696179,0.0,1.0
2010-12-13,1242.52001953125,1246.72998046875,1240.3399658203125,1240.4599609375,4361240000,-0.037260156594342,0.5544056916391139,1.0973469935852966,0.4411578693993394,0.9994533063229762,0.8187331838711712,0.2312146978712393,0.12868246470862282,0.3365101614706171,-0.21572617246467032,0.0,1.0
2010-12-14,1241.8399658203125,1246.5899658203125,1238.1700439453125,1241.5899658203125,4132350000,0.03983734723138404,0.3250349288551267,1.1325803567390145,0.2682598551817949,0.9612141224817778,0.7187442131129279,0.2520745553148617,0.15768154421116576,0.3182675625733446,-0.33158145362499075,0.0,1.0
2010-12-15,1241.5799560546875,1244.25,1234.010009765625,1235.22998046875,4407340000,-0.49939440978829897,0.5991433270598545,0.7140466307530894,-0.27641686604013865,0.6461583102429662,0.30936798986714115,0.24579802183094687,0.17952848635934762,0.23830943433784316,-0.67520895692236,0.0,1.0
2010-12-16,1236.3399658203125,1243.75,1232.8499755859375,1242.8699951171875,4736820000,0.5112098608364279,0.9058835017993322,0.9815948004601907,0.12120878688419608,0.7938459405490756,0.5713735413504056,0.2565006161661518,0.19931198618149779,0.21524094754336076,-0.8767148780495404,0.0,1.0
2010-12-17,1243.6300048828125,1245.81005859375,1239.8699951171875,1243.9100341796875,4632470000,0.033210065957285824,0.811106907716605,1.01717856238775,0.14478903193810116,0.7473590763494565,0.5061721638213943,0.2623904159027712,0.2164077830999581,0.18519346903665607,-0.8773131707458819,0.0,1.0
2010-12-20,1245.760009765625,1250.199951171875,1241.510009765625,1247.0799560546875,3548140000,0.18617854960578933,-0.3234757139356261,1.128265258096262,0.2737825257405689,0.7726495974717088,0.5430529264950943,0.2702491029597838,0.2317776277423673,0.16589799041547149,-0.8989331017496371,0.0,1.0
2010-12-21,1249.4300537109375,1255.8199462890625,1249.4300537109375,1254.5999755859375,3479670000,0.4973574909475276,-0.40638275695427284,1.3775602650218877,0.6166280370087301,0.9279907414175633,0.7610890680243958,0.29142051189133894,0.24863502624268605,0.18252826696565874,-0.8703100245385612,0.0,1.0
2010-12-22,1254.93994140625,1259.3900146484375,1254.93994140625,1258.8399658203125,1285590000,0.2604667012333454,-4.64285605769785,1.5087432251918529,0.5804789538776228,0.9357325930273609,0.8030552270470326,0.31383847781342405,0.2669510469369026,0.19883509870676153,-0.8719530230452371,0.0,1.0
2010-12-23,1257.530029296875,1258.5899658203125,1254.050048828125,1256.77001953125,2515020000,-0.1885394731315668,-1.7876946463085817,1.3423823255107046,0.24224556305112258,0.7661467091660573,0.5677975412978989,0.3197747880548571,0.2828828815548397,0.17218082089032588,-0.8437729695599339,0.0,1.0
2010-12-27,1254.6600341796875,1258.4300537109375,1251.47998046875,1257.5400390625,1992470000,0.013180644231487099,-2.7786348609082165,1.36938397124937,0.10603251997245529,0.6756004646081591,0.4911099955695999,0.32047309015980746,0.2957788031454706,0.13824048793500895,-0.8863655309140505,0.0,1.0
2010-12-28,1259.0999755859375,1259.9000244140625,1256.219970703125,1258.510009765625,2478450000,0.027357793616689198,-1.8500146754343443,1.4051423136799672,0.01468575295009702,0.587784919507573,0.43492276094074234,0.3176047102642975,0.3054775286316226,0.10249707258238064,-0.8899812318239064,0.0,1.0
2010-12-29,1258.780029296875,1262.5999755859375,1258.780029296875,1259.780029296875,2214380000,0.04861292190939053,-2.329351315796278,1.4539313035783663,0.030785750514684875,0.49613339911235876,0.4002567391146202,0.31279263486555886,0.3121997149341353,0.06922051622565763,-0.8902243615324849,0.0,1.0
2010-12-30,1259.43994140625,1261.0899658203125,1256.3199462890625,1257.8800048828125,1970720000,-0.17637480704558306,-2.8253347765102466,1.264667412067723,-0.08725344333764096,0.34615838720144054,0.2358875759570299,0.29787004487570806,0.31436229135864313,0.01824584204562804,-0.9892884956113754,0.0,1.0
2010-12-31,1256.760009765625,1259.3399658203125,1254.18994140625,1257.6400146484375,1799770000,-0.05863042804361597,-3.2114051949229623,1.239785352133181,-0.11586132711867422,0.27782833791075734,0.16784690733812987,0.27972193324617695,0.31218221949785674,-0.030303285477140944,-1.0531689407114238,0.0,1.0
2011-01-03,1257.6199951171875,1276.1700439453125,1257.6199951171875,1271.8699951171875,4286670000,0.9696762385549791,0.4810284952797118,1.7988206888935814,0.6677948767467038,0.6685502664902212,0.7251671856919641,0.298703109794482,0.3145277844626754,0.020291583122297452,-0.8056335848525441,0.0,1.0
2011-01-04,1272.949951171875,1274.1199951171875,1262.6600341796875,1270.199951171875,4796420000,-0.15893275212965474,0.9590831498626138,1.6295559059981881,0.3905792937978731,0.5345141137653204,0.5201028058701399,0.303209518388811,0.31737517254720365,0.025901771429547197,-0.782528803699947,0.0,1.0
2011-01-05,1268.780029296875,1277.6300048828125,1265.3599853515625,1276.56005859375,4764920000,0.405933654776516,0.9310487843765011,1.84924709139577,0.5955574943761807,0.6552311884320582,0.6867835994449614,0.31821660392977247,0.3228864607684622,0.05568314421168146,-0.7984679865711776,0.0,1.0
2011-01-06,1276.2900390625,1278.1700439453125,1270.4300537109375,1273.8499755859375,4844100000,-0.23131663981945383,1.0011690573062744,1.570248674945238,0.18963535780337828,0.4901676881806504,0.44416875445292814,0.31655156612235047,0.32693674772461173,0.03934971537497259,-0.7791699328757635,0.0,1.0
2011-01-07,1274.4100341796875,1276.8299560546875,1261.699951171875,1271.5,4963110000,-0.20645488299202266,1.10443489375739,1.3296594573056615,-0.1608644551456285,0.3492039276880909,0.25482553252217055,0.30282506178048196,0.3272195093885825,-0.002769759617887741,-0.7767629653891633,0.0,1.0
2011-01-10,1270.8399658203125,1271.52001953125,1262.1800537109375,1269.75,4036450000,-0.1645870485790898,0.22513212784105938,1.149197201875657,-0.25151553261772175,0.24338823910633303,0.12030692954235256,0.2814408358573917,0.3228383430777852,-0.05491066975578749,-0.7650204893223809,0.0,1.0
2011-01-11,1272.5799560546875,1277.25,1269.6199951171875,1274.47998046875,4050750000,0.2913519503120059,0.24017863424754277,1.368194018264815,0.013182155117990257,0.3417582033803941,0.27959086181154935,0.2719670849911547,0.31729222653547223,-0.0679343625883512,-0.7517956295392746,0.0,1.0
2011-01-12,1275.6500244140625,1286.8699951171875,1275.6500244140625,1285.9599609375,4226940000,0.7634675364363378,0.4213272683308598,1.8075302686413859,0.6677316361233483,0.6427955976674057,0.697028190958774,0.29033544174762865,0.3168129195994492,-0.011289391697576612,-0.6540178283038782,0.0,1.0
2011-01-13,1285.780029296875,1286.699951171875,1280.469970703125,1283.760009765625,4310840000,-0.19447552354596365,0.5049507699599055,1.581322942245491,0.3818355280516438,0.4907149409179933,0.4749937689125806,0.29301238885027125,0.31700624035117064,-0.0037696744093420028,-0.651478368897686,0.0,1.0
2011-01-14,1282.9000244140625,1293.239990234375,1281.239990234375,1293.239990234375,4661590000,0.6184096755531313,0.8377684143598939,1.9045026980508062,0.7285431708219683,0.7154733350769896,0.776032542014995,0.31520807562156117,0.32194310730492265,0.04926133670256253,-0.6218626647882544,0.0,1.0
2011-01-18,1293.219970703125,1296.06005859375,1290.1600341796875,1295.02001953125,5284990000,0.08143700570527525,1.3717914748509143,1.9595529963413485,0.5041027352547731,0.6885728641684203,0.7078243304716817,0.33145084503523214,0.32939221504259225,0.0773472166020094,-0.7669627675585904,0.0,1.0
2011-01-19,1294.52001953125,1294.5999755859375,1278.9200439453125,1281.9200439453125,4743710000,-0.9456584666036436,0.9120677092458805,0.7620291825204755,-0.4814541402919833,0.20707483952537425,0.0307258946917968,0.30227707561375894,0.32906581592896744,-0.009579941407997087,-0.5518541829170822,0.0,1.0
2011-01-20,1280.8499755859375,1283.3499755859375,1271.260009765625,1280.260009765625,4935320000,-0.15731484360434805,1.0805446412789597,0.6301063208258232,-0.516957843607317,0.11155219607669924,-0.06452544674826358,0.26904181093043994,0.32164393479860637,-0.0889046848905807,-0.5756964557707491,0.0,1.0
2011-01-21,1283.6300048828125,1291.2099609375,1282.0699462890625,1283.3499755859375,4935320000,0.17413022367347392,1.0805446412789597,0.7786907843147265,-0.3026307915287686,0.17150854924387365,0.052959670082100146,0.24595317331945774,0.3107318272634904,-0.1279240656176793,-0.5811184697068469,0.0,1.0
2011-01-24,1283.2900390625,1291.9300537109375,1282.469970703125,1290.8399658203125,3902470000,0.4800347993359134,0.08151139070950285,1.1109077986980536,0.2360801339294657,0.35771067384402544,0.3352138007485299,0.24307311040294258,0.3013816122634055,-0.11046271142124074,-0.5608730666703466,0.0,1.0
2011-01-25,1288.1700439453125,1291.260009765625,1281.0699462890625,1291.1800537109375,4595380000,-0.018031974022500827,0.7769045524717021,1.1253939250830551,0.3112189167828601,0.3137967005740847,0.2760658757806807,0.23656596496104682,0.2924994319084127,-0.1052302651863936,-0.571743181302149,0.0,1.0
2011-01-26,1291.969970703125,1299.739990234375,1291.969970703125,1296.6300048828125,4730980000,0.33566193218708773,0.900634687658099,1.354201287477274,0.47960303796322523,0.4270785947881455,0.4380447559490254,0.24122230247495327,0.2863969269335962,-0.07415456997960598,-0.568294517599919,0.0,1.0
2011-01-27,1297.510009765625,1301.2900390625,1294.4100341796875,1299.5400390625,4309190000,0.15900453498153724,0.5033219520348851,1.4698995703398416,0.41430391572920117,0.4557738556966453,0.4691668730021863,0.24764730003004667,0.2828992319926368,-0.045033801683781044,-0.6612677631476465,0.0,1.0
2011-01-28,1299.6300048828125,1302.6700439453125,1275.0999755859375,1276.3399658203125,5618630000,-1.6371360765164051,1.6322510759372348,-0.28823155919210514,-1.0535030782416839,-0.31883911171790436,-0.5863817889239997,0.18420059790132884,0.26643105632520697,-0.19003875751993257,-0.22778589825873916,0.0,1.0
2011-01-31,1276.5,1287.1700439453125,1276.5,1286.1199951171875,4167160000,0.6432571316609633,0.3607253345979275,0.1846745808367391,-0.33131368104131886,-0.050798836663337864,-0.1115465667956833,0.15664805257598988,0.24732013414888254,-0.2195836409278653,-0.2229038050185871,0.0,1.0
2011-02-01,1289.1400146484375,1308.8599853515625,1289.1400146484375,1307.5899658203125,5164500000,1.4504001520926384,1.2736680888679879,0.9725333989995828,0.8922861090720698,0.579172145990708,0.7728982600002471,0.1894020743550556,0.23908847121914945,-0.09795773207758407,0.04050702875262558,0.0,1.0
2011-02-02,1305.9100341796875,1307.6099853515625,1302.6199951171875,1304.030029296875,4098260000,-0.2849018826167753,0.2897901468290589,0.7613494529329213,0.5526901100921016,0.41030695540441264,0.48429379542359713,0.2007923411232907,0.23495725064077125,-0.05211637317918464,-0.06584519105081439,0.0,1.0
2011-02-03,1302.77001953125,1308.5999755859375,1294.8299560546875,1307.0999755859375,4370990000,0.168826175242438,0.5639068596496031,0.8647641675234559,0.6564749052884835,0.4588967766753091,0.5141450226514661,0.21338991906610674,0.23436650727541578,-0.012535207859264038,-0.07567801944049718,0.0,1.0
2011-02-04,1307.010009765625,1311.0,1301.6700439453125,1310.8699951171875,3925950000,0.21620023615506018,0.10703385735375211,0.9917439862159347,0.4433535769216404,0.5191944680114832,0.567822097028214,0.2286984488919887,0.23719223854021182,0.025659656564644615,-0.07521048477579093,0.0,1.0
2011-02-07,1311.8499755859375,1322.8499755859375,1311.8499755859375,1319.050048828125,3902270000,0.516132303140619,0.08129333426642216,1.2516201923550414,0.5465933962702407,0.7026204731615031,0.793335081837173,0.257979597109528,0.2457616443413413,0.0898717154730343,-0.07220206514928142,0.0,1.0
2011-02-08,1318.760009765625,1324.8699951171875,1316.030029296875,1324.5699462890625,3881530000,0.33243059579288875,0.05861999538332589,1.4138094767491922,0.685639752119375,0.7890462338384583,0.8736226932263099,0.2906218611365622,0.2596501648324546,0.1493373595747568,-0.07349378696877597,0.0,1.0
2011-02-09,1322.47998046875,1324.5400390625,1314.8900146484375,1320.8800048828125,3922240000,-0.29055464200148917,0.10301130410987436,1.153257767779302,0.2173797965794484,0.596807151491324,0.5655502763198058,0.30041663327697277,0.27287133091678234,0.14187659552724372,-0.05305885436876539,0.0,1.0
2011-02-10,1318.1300048828125,1322.780029296875,1311.739990234375,1321.8699951171875,4184610000,0.02540666516119818,0.3785046447199844,1.1863828975825756,0.08729550387212172,0.5702544462062511,0.4965664168955843,0.3049582603794916,0.2844267879619413,0.12325461298440601,-0.0521539148664214,0.0,1.0
2011-02-11,1318.6600341796875,1330.7900390625,1316.0799560546875,1329.1500244140625,4219300000,0.45063880801002876,0.41363016304584554,1.4236290380828527,0.32503092173491505,0.7273299378180852,0.6936881309791035,0.32248100002613167,0.29744654598865333,0.13962493137419432,-0.5447992306534618,0.0,1.0
2011-02-14,1328.72998046875,1332.9599609375,1326.9000244140625,1332.3199462890625,3567040000,0.1715721998370168,-0.3008722862725373,1.5215370494108698,0.3580761340968913,0.7643655561575866,0.6926368632252152,0.33876902081181504,0.3113717162978638,0.14974709036011877,-0.5641101362917225,0.0,1.0
2011-02-15,1330.4300537109375,1330.4300537109375,1324.6099853515625,1328.010009765625,3926860000,-0.33069670788357014,0.10801994080937632,1.1786878848409161,0.030207458668181104,0.5753688440628988,0.3891865706618619,0.3335116564744629,0.3213791179549778,0.10594795273724465,-0.8767045677684846,0.0,1.0
2011-02-16,1329.510009765625,1337.6099853515625,1329.510009765625,1336.3199462890625,1966450000,0.51767522193267,-2.8345634917522284,1.456892273810057,0.37150412831618823,0.7496446304822516,0.6429129836845501,0.3458395726321405,0.332041171928419,0.11326671232826957,-0.8872029268843264,0.0,1.0
2011-02-17,1334.3699951171875,1341.5,1331.0,1340.4300537109375,1966450000,0.2333090336928326,-2.8345634917522284,1.5836627093137132,0.3962328743826984,0.7821166783541992,0.6869049901719572,0.36035461539756974,0.34369817892759613,0.1243899021774672,-0.8863983040522819,0.0,1.0
2011-02-18,1340.3800048828125,1344.0699462890625,1338.1199951171875,1343.010009765625,1162310000,0.13044201237880132,-5.071763803965315,1.662382465634446,0.3827614672148295,0.7673512793578156,0.6621559349698809,0.3722461420980483,0.35558589412411096,0.12696913055546583,-0.8860468532360077,0.0,1.0
2011-02-22,1338.9100341796875,1338.9100341796875,1312.3299560546875,1315.43994140625,1322780000,-1.8763051689065233,-4.52152170401541,-0.1476205203260642,-1.1947770624674496,-0.13434897137873114,-0.5705285832966043,0.299748452726678,0.34947595034584833,-0.07423773292382753,-0.2206573331306048,0.0,1.0
2011-02-23,1315.43994140625,1317.9100341796875,1299.550048828125,1307.4000244140625,1330340000,-0.5878310300591658,-4.4972744007070125,-0.527446565826909,-1.454701791470571,-0.41104141403651046,-0.8291886011572515,0.21520523953722917,0.3263725900733954,-0.2642175540430674,-0.21614707575060374,0.0,1.0
2011-02-24,1307.0899658203125,1310.9100341796875,1294.260009765625,1306.0999755859375,1222900000,-0.13045053543167526,-4.855559099990066,-0.5875142110296888,-1.1490920099287592,-0.46637233600951566,-0.7765015397830923,0.1405630589304579,0.2918077408256938,-0.3923525659767961,-0.21887391947141238,0.0,1.0
2011-02-25,1307.3399658203125,1320.6099853515625,1307.3399658203125,1319.8800048828125,3836030000,0.9013664182754294,0.008451187453285337,0.027224862895380415,0.027537959783490846,-0.06762433068339561,-0.12114530805277739,0.11564165137159109,0.2587863761553793,-0.37509700562419956,-0.09273926621900376,0.0,1.0
2011-02-28,1321.6099853515625,1329.3800048828125,1320.550048828125,1327.219970703125,1252850000,0.45543946698852905,-4.752613309294302,0.31053770957535254,0.7218631146338423,0.08165248536986967,0.17271777005608835,0.11240167648261455,0.23167120998623653,-0.30906799167453636,-0.09214536789676527,0.0,1.0
2011-03-01,1328.6400146484375,1332.0899658203125,1306.1400146484375,1306.3299560546875,1180420000,-1.4483016518915086,-5.005982537597906,-0.6344980683909216,-0.5394875635359965,-0.6005170002650577,-0.7198714490036583,0.04922189331772509,0.19636656682651452,-0.4006231756637169,0.09522206971727654,0.0,1.0
2011-03-02,1305.469970703125,1314.18994140625,1302.5799560546875,1308.43994140625,1025000000,0.10277872248046055,-5.606649102102668,-0.545828073798795,-0.41350607823992014,-0.5361234365479357,-0.545471158333587,0.002505792776939295,0.15805755348952377,-0.43421087176053375,0.10244416294343724,0.0,1.0
2011-03-03,1312.3699951171875,1332.280029296875,1312.3699951171875,1330.969970703125,4340470000,1.4973576917901703,0.5340947488169875,0.2732674926078073,0.7455599132033883,0.12320318846260615,0.4289203399972903,0.024892285802231094,0.13223366366609648,-0.29463202176475306,0.3223241357480137,0.0,1.0
2011-03-04,1330.72998046875,1331.0799560546875,1312.5899658203125,1321.1500244140625,4223740000,-0.7009857867617953,0.4181050444632734,-0.13464408455726865,0.08117699299022968,-0.20409970658592486,-0.05546341462954629,0.012967888478281188,0.10900536001274949,-0.26561437269695043,0.3421971673895104,0.0,1.0
2011-03-07,1322.719970703125,1327.6800537109375,1303.989990234375,1310.1300048828125,3964730000,-0.7870706841557815,0.1488548404767392,-0.5497543090342152,-0.42096580932873573,-0.5455807549268286,-0.5141410656617692,-0.02897413870085389,0.08138602457217721,-0.3147044090502142,0.36181047350589945,0.0,1.0
2011-03-08,1311.050048828125,1325.739990234375,1306.8599853515625,1321.8199462890625,4531420000,0.7558844682951875,0.7172704895945748,-0.14259778256612213,0.14650021443486042,-0.1864251048013971,0.016806773557659267,-0.032041942465680595,0.058629577216258874,-0.2603392018676982,0.139709486755222,0.0,1.0
2011-03-09,1319.9200439453125,1323.2099609375,1312.27001953125,1320.02001953125,3709520000,-0.16328006182525565,-0.13423174329647505,-0.21299703256707397,-0.12485782224427681,-0.23532182879425914,-0.07985142606796383,-0.04139530210291242,0.03840917493978439,-0.23198719915489535,0.10370200470529783,0.0,1.0
2011-03-10,1315.719970703125,1315.719970703125,1294.2099609375,1295.1099853515625,4723020000,-1.7281571223564864,0.8934700383066436,-1.0612154591249847,-1.2993094629970805,-0.9705899028465654,-1.0990994498491373,-0.11857191159848043,0.005604632298319215,-0.3726730192369069,0.38349214203261234,0.0,1.0
2011-03-11,1293.4300537109375,1308.3499755859375,1291.989990234375,1304.280029296875,3740400000,0.591237298639096,-0.09896011268928284,-0.7261732426395097,-0.46998110761199374,-0.658137142879798,-0.5798459066957616,-0.15509411554772892,-0.028507956878841386,-0.3872964733817529,0.3341105801210557,0.0,1.0
2011-03-14,1301.18994140625,1301.18994140625,1286.3699951171875,1296.3900146484375,4050370000,-0.5822330821158352,0.23977948446275738,-0.9704228208818753,-0.8127850067531205,-0.8537116644824548,-0.8337244324822884,-0.2058593361291767,-0.06673573724064931,-0.4333027185295751,0.3087897888184848,0.0,1.0
2011-03-15,1288.4599609375,1288.4599609375,1261.1199951171875,1281.8699951171875,5201400000,-1.0426021849903262,1.3039594336040523,-1.3794064878506391,-1.2542852001512108,-1.2298769504853202,-1.3216371220278096,-0.28528052657409664,-0.11442979244829532,-0.5391320085074158,0.22933473497280144,0.0,1.0
2011-03-16,1279.4599609375,1280.9100341796875,1249.050048828125,1256.8800048828125,5833000000,-1.783926446712164,1.7915617242293496,-1.9502198957368295,-2.1011850303908655,-1.9042341063386086,-2.1718791958227364,-0.4147922507052841,-0.18048921071256252,-0.7444496613454797,0.4190045044224807,0.0,1.0
2011-03-17,1261.6099853515625,1278.8800048828125,1261.6099853515625,1273.719970703125,4134950000,1.1558787501680177,0.3277110577837141,-1.3316945213082787,-0.6762478509656991,-1.2812838409419334,-1.1703539232301152,-0.46803145342259467,-0.24480749047416622,-0.724984406586796,0.31117415125171227,0.0,1.0
2011-03-18,1276.7099609375,1288.8800048828125,1276.1800537109375,1279.2099609375,4685500000,0.34364258541574483,0.85953555918675,-1.1440536265274086,0.03630141386319452,-1.0147498798183952,-0.7865810824717745,-0.4918497920886248,-0.30139393592603947,-0.6385454906931981,0.3494330491182529,0.0,1.0
2011-03-21,1281.6500244140625,1300.5799560546875,1281.6500244140625,1298.3800048828125,4223730000,1.2977709851082406,0.41809497118782224,-0.5431723460177569,1.3135252925619043,-0.3414114774674016,0.10424416236768011,-0.4550501286472318,-0.3387343567054079,-0.4233823817451547,0.5224842995264115,0.0,1.0
2011-03-22,1298.2900390625,1299.3499755859375,1292.699951171875,1293.77001953125,3576550000,-0.35890825188013126,-0.2895440676809338,-0.6726657674629329,0.836231513665577,-0.45284332271294075,-0.12317527360930973,-0.4360087709924264,-0.3645041044503342,-0.29402673427638015,0.4524304306233537,0.0,1.0
2011-03-23,1292.18994140625,1300.510009765625,1284.050048828125,1297.5400390625,3842350000,0.21885618159362197,0.015455168187470652,-0.5549436815246654,0.5361274049473246,-0.31837630789156407,0.02993985054455368,-0.4082511409356873,-0.379139334115887,-0.16954713044324235,0.46796210334295935,0.0,1.0
2011-03-24,1300.6099853515625,1311.3399658203125,1297.739990234375,1309.6600341796875,4223740000,0.7932442325972608,0.4181050444632734,-0.18967445605064864,0.8637420134618177,0.05858305814255636,0.5025334658819791,-0.35121624742658963,-0.3785589655274967,0.0005573706436693485,0.28369946238969374,0.0,1.0
2011-03-25,1311.800048828125,1319.1800537109375,1310.1500244140625,1313.800048828125,4223740000,0.24094568885186796,0.4181050444632734,-0.06968084941589249,0.6733264623343203,0.19893875266634722,0.5728683583967231,-0.29364917818768754,-0.36569145748717635,0.13792283543663136,0.25881242740241783,0.0,1.0
2011-03-28,1315.449951171875,1319.739990234375,1310.18994140625,1310.18994140625,3215170000,-0.28716473287892036,-0.7427463292280654,-0.19773825894187919,0.2740340340562735,0.11202538410198916,0.31465979749699907,-0.257450413340137,-0.34759818312593405,0.19634488089165297,0.23133895189329495,0.0,1.0
2011-03-29,1309.3699951171875,1319.449951171875,1305.260009765625,1319.43994140625,3482580000,0.5894079297606437,-0.4028261099134729,0.08507149777293647,0.5458673971077477,0.3832686910907378,0.622671715978772,-0.20334511126605317,-0.32146621154131866,0.2862144054248896,0.10940609466275177,0.0,1.0
2011-03-30,1321.8900146484375,1331.739990234375,1321.8900146484375,1328.260009765625,3809570000,0.5558622784484585,-0.02099827477128571,0.3382322162718144,0.719770763248759,0.6298774457949754,0.8636429652310732,-0.13699918142021061,-0.2862659564014765,0.38759430676900836,-0.47742004039014163,0.0,1.0
2011-03-31,1327.43994140625,1329.77001953125,1325.030029296875,1325.8299560546875,3566270000,-0.2050891952209554,-0.301790823995075,0.23844005215116928,0.3445643764632112,0.5614557304036953,0.608772234944822,-0.09249038770304406,-0.24851603261662222,0.41609861567347955,-0.5201808056190398,0.0,1.0
2011-04-01,1329.47998046875,1337.8499755859375,1328.8900146484375,1332.4100341796875,4223740000,0.40198489296442097,0.4181050444632734,0.43408624913002714,0.5312119801068695,0.7509502533057101,0.7594401076990551,-0.04103329371204763,-0.20722931577814302,0.4556385935168492,-0.5190985921541756,0.0,1.0
2011-04-04,1333.56005859375,1336.739990234375,1329.0999755859375,1332.8699951171875,4223740000,-0.010725867115648964,0.4181050444632734,0.44798969509337505,0.26220555681514524,0.7288152336969667,0.6382972566793504,-0.0014041019638646936,-0.16566156577559366,0.45878043555060816,-0.7258765746953798,0.0,1.0
2011-04-05,1332.030029296875,1338.2099609375,1330.030029296875,1332.6300048828125,3852280000,-0.05767106588823547,0.026436603711085953,0.43615405812933344,0.07343267843920773,0.7038570273425568,0.5079265291354066,0.026598317931729624,-0.12637405562207568,0.43328823633475005,-0.7883142350241503,0.0,1.0
2011-04-06,1335.93994140625,1339.3800048828125,1331.0899658203125,1335.5400390625,4223740000,0.1535859279417495,0.4181050444632734,0.5350485613638204,0.16820638816187553,0.7705330428126584,0.5249579046045049,0.05376026304562076,-0.0890918233057614,0.41087000601970003,-0.7871405391536779,0.0,1.0
2011-04-07,1334.8199462890625,1338.800048828125,1326.56005859375,1333.510009765625,4005600000,-0.17742827358599725,0.19248929075250729,0.42270761092168513,-0.0646281197123519,0.6449762516085815,0.34035211757262657,0.06648604639713054,-0.056524181635732515,0.35816270681721396,-0.8619796192492806,0.0,1.0
2011-04-08,1336.1600341796875,1339.4599609375,1322.93994140625,1328.1700439453125,3582810000,-0.3994731642241339,-0.28210364495230483,0.1281281177420728,-0.3577509627064617,0.43898731577692907,0.05139947488748311,0.05873251853933398,-0.03214061814892352,0.26666787940534253,-0.8016838082060226,0.0,1.0
2011-04-11,1329.010009765625,1333.77001953125,1321.06005859375,1324.4599609375,3478970000,-0.29123513039651683,-0.40723875158413225,-0.07194244508959093,-0.49062305232365017,0.2778938579924607,-0.12721600018746518,0.03946586737436212,-0.016784897243679958,0.165740092498877,-0.8009342422687453,0.0,1.0
2011-04-12,1321.9599609375,1321.9599609375,1309.510009765625,1314.1600341796875,4275490000,-0.7366159097551278,0.4699174202817323,-0.5858010848049846,-0.9246100880896219,-0.09602738624961456,-0.5442950357609703,-0.006567414799419459,-0.01441850150814481,0.02052446307883017,-0.7577970204630748,0.0,1.0
2011-04-13,1314.030029296875,1321.3499755859375,1309.18994140625,1314.4100341796875,3850860000,-0.024576577159502674,0.024867983067596165,-0.5732285594882368,-0.6331268414736161,-0.17830417946977245,-0.4720373633233635,-0.044284763533485434,-0.020651841984946854,-0.07561726026744503,-0.8757676398182762,0.0,1.0
2011-04-14,1311.1300048828125,1316.7900390625,1302.4200439453125,1314.52001953125,3872630000,-0.03410021389054543,0.048853183855181864,-0.5672960466284074,-0.3771316918479416,-0.2385383097091406,-0.4164410485892086,-0.07543867545581104,-0.03235083472155914,-0.13672113769984467,-0.8750835052632295,0.0,1.0
2011-04-15,1314.5400390625,1322.8800048828125,1313.6800537109375,1319.6800537109375,4223740000,0.30925235575233817,0.4181050444632734,-0.2864337964271743,0.07513172665445769,-0.14064599538556224,-0.16513335051722944,-0.08732727706335511,-0.044271508277029165,-0.13919944347941296,-0.9027339163126399,0.0,1.0
2011-04-18,1313.3499755859375,1313.3499755859375,1294.699951171875,1305.1400146484375,4223740000,-1.0262916838729395,0.4181050444632734,-1.0204347615985965,-0.6311673191211613,-0.604332964391942,-0.7495615185475369,-0.13769495009364013,-0.06466010184142526,-0.2338675126753746,-0.7156970161223952,0.0,1.0
2011-04-19,1305.989990234375,1312.699951171875,1303.969970703125,1312.6199951171875,3886300000,0.4706407148291991,0.06384535385053142,-0.6183085740839144,-0.11562848140709073,-0.40041963704597083,-0.3528446969032067,-0.1576027079707448,-0.08526023734044812,-0.23623246965229275,-0.6213793017524615,0.0,1.0
2011-04-20,1319.1199951171875,1332.6600341796875,1319.1199951171875,1330.3599853515625,4236280000,1.166310402181593,0.43071820236604147,0.16527252165275605,0.8455482960143146,0.10062727873577763,0.3978910727278977,-0.1254470489716999,-0.09481219222330042,-0.11271808525109146,-0.3440579381107467,0.0,1.0
2011-04-21,1333.22998046875,1337.489990234375,1332.8299560546875,1337.3800048828125,3587240000,0.43003001265872853,-0.2768461487810378,0.4235580862445611,1.0035113347986344,0.27541135064103567,0.597763103085031,-0.08209334682338452,-0.0931129087224352,0.01306640642186646,-0.3131434207657219,0.0,1.0
2011-04-25,1337.1400146484375,1337.550048828125,1331.469970703125,1335.25,2142130000,-0.18392253167994255,-2.4704868349136686,0.30754888012175235,0.6566100746370251,0.1756287344478693,0.3977729359103262,-0.05540608885065078,-0.08600353227302171,0.07354915225199732,-0.33164612197280974,0.0,1.0
2011-04-26,1336.75,1349.550048828125,1336.75,1347.239990234375,3908060000,0.7609654538398681,0.0876015513054358,0.7335537409693225,0.8849632014697965,0.48945284111001935,0.7959165483712528,-0.003585265475100105,-0.06915088535482479,0.18247514611607296,-0.2780171003700823,0.0,1.0
2011-04-27,1348.4300537109375,1357.489990234375,1344.25,1355.6600341796875,4051570000,0.5169970445358217,0.24103982990274708,0.9954038901516733,0.8666323017644522,0.6931866784544882,0.9869131185493821,0.05760377557853187,-0.04248517640479124,0.2921813826505383,-0.3853522934601658,0.0,1.0
2011-04-28,1353.8599853515625,1361.7099609375,1353.5999755859375,1360.47998046875,4036820000,0.27618483317318115,0.22552211437838837,1.13678354100193,0.784717021739382,0.791381672976937,1.0031254198245574,0.11562030393478583,-0.008652557078187285,0.3723046675581945,-0.39754971044827,0.0,1.0
2011-04-29,1360.1400146484375,1364.56005859375,1358.68994140625,1363.6099853515625,3479070000,0.16404135492537103,-0.4071164560926463,1.2279546598047375,0.6453437267642348,0.8283495612962577,0.9490920211136756,0.16588278840903198,0.0292429295195637,0.41772595159884696,-0.41115367758664817,0.0,1.0
2011-05-02,1365.2099609375,1370.5799560546875,1358.5899658203125,1361.219970703125,3846250000,-0.1982261229193448,0.01977149922155377,1.0696140546330433,0.1568451991758825,0.7091205953470143,0.6847649826420587,0.19444810458073175,0.06571390874682899,0.4018005103833954,-0.37762592814399526,0.0,1.0
2011-05-03,1359.760009765625,1360.8399658203125,1349.52001953125,1356.6199951171875,4223740000,-0.3436016950274108,0.4181050444632734,0.7660090880868358,-0.2576825378508058,0.5299802681416879,0.37478716742171747,0.19966365098890484,0.09601441676412845,0.3328170298048139,-0.6080197478235302,0.0,1.0
2011-05-04,1355.9000244140625,1355.9000244140625,1341.5,1347.3199462890625,4223740000,-0.6542672615796679,0.4181050444632734,0.2006036116437265,-0.7466641010858418,0.2205147615805656,-0.07281029477376005,0.17371193670781512,0.11466335137645411,0.20255694749638634,-0.4656350314141168,0.0,1.0
2011-05-05,1344.1600341796875,1348.0,1329.1700439453125,1335.0999755859375,3846250000,-0.8521891048342497,0.01977149922155377,-0.4314872782560868,-1.2084095857182946,-0.15520701876529022,-0.5677299711610351,0.1156765694565361,0.11707838793279751,0.021068248634806892,-0.5113661932615121,0.0,1.0
2011-05-06,1340.239990234375,1354.3599853515625,1335.5799560546875,1340.199951171875,4223740000,0.2998240098484199,0.4181050444632734,-0.20029339889447365,-0.5813845615276247,-0.008457023621583223,-0.2993117434180937,0.08038530886841885,0.1114066771597369,-0.0693384574917633,-0.5293549565769989,0.0,1.0
2011-05-09,1340.199951171875,1349.43994140625,1338.6400146484375,1346.2900390625,4265250000,0.36455275578798463,0.4597150276873267,0.06365863360119241,0.004222257128152997,0.15097285457957993,-0.0327408321560529,0.06601503531403465,0.10377313622337991,-0.0912709596237974,-0.5125243890781231,0.0,1.0
2011-05-10,1348.3399658203125,1359.43994140625,1348.3399658203125,1357.1600341796875,4223740000,0.6800327340185731,0.4181050444632734,0.4875550072035649,0.6998855935244163,0.43443856994939767,0.3817179305344682,0.08123110936498283,0.10094470921135264,-0.03755164519907086,-0.5329235929676629,0.0,1.0
2011-05-11,1354.510009765625,1354.510009765625,1336.3599853515625,1342.0799560546875,3846250000,-1.0346610721061458,0.01977149922155377,-0.26743806352127714,-0.2072722619905765,-0.07207001843816709,-0.2959716212074995,0.0487060874732069,0.0916742323599782,-0.10957126977184713,-0.42174536538708945,0.0,1.0
2011-05-12,1339.3900146484375,1351.050048828125,1332.030029296875,1348.6500244140625,3777210000,0.39594760351195984,-0.057293627705227494,-0.00702980834262649,0.04221079705018303,0.07678679362689984,-0.011223742318872878,0.03817268608621017,0.08198835853661993,-0.11421524718850995,-0.40388499141527473,0.0,1.0
2011-05-13,1348.68994140625,1350.469970703125,1333.3599853515625,1337.77001953125,3426660000,-0.7625908408470858,-0.47169827486770466,-0.4928749893322602,-0.6290444765444446,-0.29238520043833754,-0.4622739275030856,-0.0025850406308852406,0.06545813247882828,-0.19073245687493576,-0.3644351247798426,0.0,1.0
2011-05-16,1334.77001953125,1343.3299560546875,1327.3199462890625,1329.469970703125,3846250000,-0.5960919778648092,0.01977149922155377,-0.825743608023064,-0.9500307883603584,-0.5615382795664452,-0.7427317285395318,-0.05952456516145648,0.03996594720113859,-0.29092369329029927,-0.34412206526613576,0.0,1.0
2011-05-17,1326.0999755859375,1330.4200439453125,1318.510009765625,1328.97998046875,4053970000,-0.07451860154125681,0.24355940129656461,-0.8452282977021637,-0.6191378106552741,-0.6126538778442094,-0.6699947610452932,-0.10720063133485011,0.009300069102391702,-0.348763577165703,-0.34185684337392896,0.0,1.0
2011-05-18,1328.5400390625,1341.8199462890625,1326.5899658203125,1340.6800537109375,3922030000,0.7452547849645691,0.10278349864986584,-0.3209907922635199,0.15984817940216134,-0.2974216244616799,-0.12246886425683273,-0.113841823290984,-0.016663522956729702,-0.2961938387046369,-0.260716755771256,0.0,1.0
2011-05-19,1342.4000244140625,1346.8199462890625,1336.3599853515625,1343.5999755859375,3626110000,0.15307321857793596,-0.2309919502577035,-0.19896248332983513,0.4157926737938447,-0.22836876945553855,-0.008702564455909756,-0.11219489476697157,-0.03707955475036804,-0.2341742614615918,-0.3539258396818439,0.0,1.0
2011-05-20,1342.0,1342.0,1330.6700439453125,1333.27001953125,4066020000,-0.7287123865548076,0.25618724619845684,-0.6611034154038701,-0.19801521499786645,-0.5377605372472388,-0.43985413747032526,-0.1401964350333486,-0.059445500814712116,-0.2559735485250951,-0.2986813494411226,0.0,1.0
2011-05-23,1333.0699462890625,1333.0699462890625,1312.8800048828125,1317.3699951171875,3255580000,-1.1074196932119913,-0.6896044089912332,-1.2562322961957062,-1.077740150618152,-0.9968666174783782,-1.0288553217267633,-0.2062934460905966,-0.09157930430718933,-0.3651744150812346,-0.21136254173904218,0.0,1.0
2011-05-24,1317.699951171875,1323.719970703125,1313.8699951171875,1316.280029296875,3846250000,-0.11552528752638797,0.01977149922155377,-1.2936684130211067,-0.9848732702634836,-0.9838057143109327,-0.9371633881065617,-0.26110731931731956,-0.1290963656286296,-0.42535715465775237,-0.3369665665378552,0.0,1.0
2011-05-25,1316.3599853515625,1325.8599853515625,1311.800048828125,1320.469970703125,4109670000,0.24291476780787835,0.3016191908507951,-1.0805773652052302,-0.4478996166295157,-0.802510559125975,-0.6473133148778349,-0.2920618169030752,-0.16577936987773936,-0.41603271931193625,-0.3952128368295705,0.0,1.0
2011-05-26,1320.6400146484375,1328.510009765625,1314.4100341796875,1325.68994140625,3259470000,0.3117282603707147,-0.6845236421234083,-0.8203354376132439,0.1297763645211177,-0.5897311307420918,-0.3599274812295798,-0.3011621370228816,-0.19708649859881153,-0.3559325110033226,-0.40988472777731083,0.0,1.0
2011-05-27,1325.68994140625,1334.6199951171875,1325.68994140625,1331.0999755859375,3124560000,0.32315064511226793,-0.8643739776449796,-0.559757988488354,0.514190165915275,-0.3740427663121479,-0.10886023030632652,-0.29251835948992283,-0.22026984143211162,-0.2651117281255771,-0.438670966948051,0.0,1.0
2011-05-31,1331.0999755859375,1345.199951171875,1331.0999755859375,1345.199951171875,4696240000,0.9051387501084732,0.869276893449576,0.040490546598980826,1.0706365392143773,0.08402225046547765,0.4509933691799249,-0.2463795629837846,-0.22887560093583578,-0.10213998702510638,-0.3598761584883655,0.0,1.0
2011-06-01,1345.199951171875,1345.199951171875,1313.7099609375,1314.550048828125,4241090000,-2.0779406994734693,0.4355463590139381,-1.1359134383537817,-0.9142369196789903,-0.7947473455000865,-0.8680104840119409,-0.29339205483086644,-0.24588936685316223,-0.1961382454077975,0.1553444825265522,0.0,1.0
2011-06-02,1314.550048828125,1318.030029296875,1305.6099853515625,1312.93994140625,3762170000,-0.15104757445755707,-0.07426864193362612,-1.1860678827564828,-0.922020509724764,-0.7922038076807687,-0.8216416360750635,-0.3336791586478882,-0.26818050770949137,-0.2551372552439689,0.06462858867846172,0.0,1.0
2011-06-03,1312.93994140625,1312.93994140625,1297.9000244140625,1300.1600341796875,3505030000,-0.9115312940967493,-0.37548686284553034,-1.5662508473943542,-1.4305312991872674,-1.1337000861659285,-1.2335647841594275,-0.39869028090631714,-0.3000205049730735,-0.361889775125032,0.08809748417616996,0.0,1.0
2011-06-06,1300.260009765625,1300.260009765625,1284.719970703125,1286.1700439453125,3555980000,-1.0032648101325832,-0.31408489822087887,-1.9260388611927968,-1.7715390304798093,-1.4849446265148698,-1.6355147742376834,-0.48563026381797797,-0.3442243082288256,-0.500112342173187,0.11861751759731377,0.0,1.0
2011-06-07,1286.31005859375,1296.219970703125,1284.739990234375,1284.93994140625,3846250000,-0.12705700641551812,0.01977149922155377,-1.956167157916894,-1.0632846036000925,-1.4310214263558412,-1.4599685395378135,-0.5539728309826496,-0.39431221767672414,-0.5658943726561548,0.05351223333377394,0.0,1.0
2011-06-08,1284.6300048828125,1287.0400390625,1277.4200439453125,1279.56005859375,3970810000,-0.41577782500117555,0.15537449445835952,-2.0903283762408256,-0.9598072019582687,-1.4813940240577084,-1.4804497574506332,-0.618279517835482,-0.44823785445630715,-0.6087986792873203,0.052869544709761615,0.0,1.0
2011-06-09,1279.6300048828125,1294.5400390625,1279.6300048828125,1289.0,3332510000,0.6177793459606312,-0.5902348602878803,-1.614507504534729,-0.0025139808189800538,-1.107130710040414,-0.8903727742207688,-0.6382879520016875,-0.4956893159126996,-0.5364199042355311,0.10981069665975675,0.0,1.0
2011-06-10,1288.5999755859375,1288.5999755859375,1268.280029296875,1270.97998046875,3846250000,-1.2910177601805974,0.01977149922155377,-2.075591467581216,-0.8285385366283918,-1.55179233702542,-1.5169770010634198,-0.6982260600569536,-0.5465645545453293,-0.5746964082990945,0.162202333001817,0.0,1.0
2011-06-13,1271.31005859375,1277.0400390625,1265.6400146484375,1271.8299560546875,4132520000,0.01819086370542638,0.3252099579562421,-2.0332008015653047,-0.577507326584204,-1.425331356299963,-1.273648688908658,-0.7373196353772875,-0.5956877198128334,-0.5551089060091259,0.12425088040655634,0.0,1.0
2011-06-14,1272.219970703125,1292.5,1272.219970703125,1287.8699951171875,3500280000,1.085590394484103,-0.3812567017205261,-1.2842623473232435,0.4727139826496848,-0.8586209080636482,-0.4385245477911697,-0.7182237287120229,-0.6308719101962097,-0.39927656023112834,0.17758993925412903,0.0,1.0
2011-06-15,1287.8699951171875,1287.8699951171875,1261.9000244140625,1265.4200439453125,4070500000,-1.5995380103691021,0.26087253892072604,-1.86159912977749,-0.8622015232593141,-1.4666519517682417,-1.3218302998961151,-0.7586909396938809,-0.6677381959282781,-0.4180817353740581,0.031094534264180382,0.0,1.0
2011-06-16,1265.530029296875,1274.1099853515625,1258.0699462890625,1267.6400146484375,3846250000,0.11521373723728791,0.01977149922155377,-1.7648980192695896,-0.4213097060543576,-1.2850417439843185,-1.0502760024736735,-0.7781054522039398,-0.7014142121217777,-0.3824157563482023,0.0516128322378054,0.0,1.0
2011-06-17,1268.5799560546875,1279.8199462890625,1267.4000244140625,1271.5,4916460000,0.23056755025836098,1.0642544988401905,-1.5921745775235585,-0.16468666890346442,-1.0519772002309196,-0.7509264518118588,-0.7763332529822613,-0.7279731928065641,-0.3028500531650408,0.03985255734906626,0.0,1.0
2011-06-20,1271.5,1280.4200439453125,1267.56005859375,1278.3599853515625,3464660000,0.4406127416900903,-0.42477557970887303,-1.2889777292567164,0.21444607643872773,-0.7493177054310337,-0.3717799576435296,-0.7498030515795292,-0.7435042666025132,-0.17956232119088095,0.0018800470760940034,0.0,1.0
2011-06-21,1278.4000244140625,1297.6199951171875,1278.4000244140625,1295.52001953125,4056150000,1.1581351773809812,0.2458467195283397,-0.6153559724095063,1.2795131202516454,-0.1706285964333913,0.3768546513095761,-0.6760967927490962,-0.7400486152659844,0.03270191923078489,0.1534899081989677,0.0,1.0
2011-06-22,1295.47998046875,1298.6099853515625,1286.7900390625,1287.1400146484375,3718420000,-0.6196919229576161,-0.1240359928914607,-0.8875989715038137,0.41054556687933647,-0.3905629326309341,-0.05027652320453386,-0.635899193715073,-0.7286232504832083,0.12180023182774373,0.17619574450088024,0.0,1.0
2011-06-23,1286.5999755859375,1286.5999755859375,1262.8699951171875,1283.5,4983450000,-0.29432810935507037,1.1218359662008126,-1.0035124207769524,-0.052264774177362305,-0.4478815283742799,-0.21487462600306176,-0.6094902393647909,-0.7137929713999733,0.15986585623874214,0.14021298169013224,0.0,1.0
2011-06-24,1283.0400390625,1283.9300537109375,1267.239990234375,1268.449951171875,3665340000,-1.089563004204992,-0.18520876920491997,-1.4481926189526801,-1.0312514607623542,-0.8371104945116641,-0.829205056180428,-0.6252925731347106,-0.7053334674793054,0.08864305497395922,0.09230938964056523,0.0,1.0
2011-06-27,1268.43994140625,1284.9100341796875,1267.530029296875,1280.0999755859375,3479070000,0.7792758177384228,-0.4071164560926463,-0.980650536082183,-0.2649518807182035,-0.38480349598609026,-0.23831527772062133,-0.6011937344481143,-0.6933736070796923,0.12777568601086398,0.15886391027454366,0.0,1.0
2011-06-28,1280.2099609375,1296.800048828125,1280.2099609375,1296.6700439453125,3681500000,1.1153140837395357,-0.16649165704549362,-0.4024428711264713,0.8423964608914101,0.2227995919355472,0.4654966861887114,-0.5326943711605528,-0.6690470691349498,0.26603035591000934,0.16544173099656076,0.0,1.0
2011-06-29,1296.8499755859375,1309.2099609375,1296.8499755859375,1307.4100341796875,4347540000,0.698686100243495,0.5410193786964111,-0.07270067085498072,1.291176571446741,0.5781863599326816,0.8160955649971507,-0.4460834775312513,-0.6309249378387874,0.42025975163114454,-0.1418235843483539,0.0,1.0
2011-06-30,1307.6400146484375,1321.969970703125,1307.6400146484375,1320.6400146484375,4200500000,0.8628203243024901,0.3946301384465816,0.29512393779965806,1.673047981166181,0.9890837152864678,1.212022144308042,-0.3394811780658968,-0.5774590486972951,0.591797027360796,-0.10463642408276255,0.0,1.0
2011-07-01,1320.6400146484375,1341.010009765625,1318.1800537109375,1339.6700439453125,3796930000,1.2462784936472486,-0.03513861867358329,0.7493569514007437,1.9720120325564958,1.5323280623578743,1.778832920463499,-0.2026182204361851,-0.5051982904686051,0.8019163914313516,-0.017263219504646935,0.0,1.0
2011-07-05,1339.5899658203125,1340.8900146484375,1334.300048828125,1337.8800048828125,3722320000,-0.16099883872392443,-0.11957587965257627,0.6792399871181738,1.0752377833553557,1.3893789253037099,1.4035915582458576,-0.10036837105157659,-0.4253592644940645,0.8866384925604913,0.01851043875321258,0.0,1.0
2011-07-06,1337.56005859375,1340.93994140625,1330.9200439453125,1339.219970703125,3564190000,0.047934900630247655,-0.30427306055077513,0.7117355709635506,0.5987423809861042,1.3423875856075742,1.215842025920552,-0.017868938314550244,-0.34371298474169576,0.9068428905134442,-0.05591845596520328,0.0,1.0
2011-07-07,1339.6199951171875,1356.47998046875,1339.6199951171875,1353.219970703125,4069530000,0.8927266062822344,0.25985852691110006,1.0376749350004446,0.9085399375372449,1.6655238389881362,1.5687601650681298,0.08273150338965381,-0.2567209175528294,0.9666067256006664,-0.12918948945110065,0.0,1.0
2011-07-08,1352.3900146484375,1352.3900146484375,1333.7099609375,1343.800048828125,3594360000,-0.6637237634682858,-0.2684097657093834,0.6351049925801259,-0.004840831433081499,1.2765774502406944,0.9215159598252155,0.13251729397782439,-0.1764005795767687,0.8920193745027778,-0.050554744523356225,0.0,1.0
2011-07-11,1343.31005859375,1343.31005859375,1316.4200439453125,1319.489990234375,3879130000,-1.6584076908969343,0.055988455440912376,-0.24377807621528627,-1.3215347214213855,0.4287949106063457,-0.22281013811887238,0.10132858457417096,-0.11886412690303834,0.6373043526225205,0.16449488159104117,0.0,1.0
2011-07-12,1319.6099853515625,1327.1700439453125,1313.3299560546875,1313.6400146484375,4227890000,-0.43782090456457673,0.42228339645991625,-0.4280865429169024,-1.3913948401550353,0.17725331257252205,-0.4462429801093925,0.057381605669103435,-0.08230363764815972,0.4028011978578756,0.1854070971330302,0.0,1.0
2011-07-13,1314.449951171875,1331.47998046875,1314.449951171875,1317.719970703125,4060080000,0.23600359109856078,0.24996708374090232,-0.30177423794171065,-0.8475971232442964,0.25842753259445106,-0.23398166366146783,0.031011699314400332,-0.05873682034737206,0.25753697307033935,0.08907452226666128,0.0,1.0
2011-07-14,1317.739990234375,1326.8800048828125,1306.510009765625,1308.8699951171875,4358570000,-0.6418280562897098,0.5518001283851544,-0.5925427531831906,-0.8514858449130203,-0.08915351225613247,-0.5775214976582418,-0.01653745468100307,-0.0501281522989804,0.09031065220563111,0.0922152075317002,0.0,1.0
2011-07-15,1308.8699951171875,1317.699951171875,1307.52001953125,1316.1400146484375,4242760000,0.45484412432397514,0.43722138235530844,-0.3520993437065294,-0.008319656080546977,0.06290119130058983,-0.2156856344801867,-0.036190101433791234,-0.04747551309614674,0.023724554286652204,0.028921483256126916,0.0,1.0
2011-07-18,1315.93994140625,1315.93994140625,1295.9200439453125,1305.43994140625,4118160000,-0.76818207205813,0.31039970409494105,-0.704800667624218,-0.5309743400591812,-0.3263035266798052,-0.6376335386187507,-0.08275454789659652,-0.055386025649580055,-0.09436739513370493,-0.1692595521665013,0.0,1.0
2011-07-19,1307.0699462890625,1328.1400146484375,1307.0699462890625,1326.72998046875,4304600000,1.4160008528290813,0.49878759394173416,-0.041766647319943305,0.704676228004488,0.2649313899750916,0.3017874776733822,-0.06265820448129217,-0.05738454301922136,-0.028273576515265107,0.13040932616664871,0.0,1.0
2011-07-20,1328.6600341796875,1330.4300537109375,1323.6500244140625,1325.8399658203125,3767420000,-0.10153401759190359,-0.06833549077622114,-0.07275592209000283,0.537677207132299,0.18918403321967084,0.1977548147567008,-0.05103341224561146,-0.056478717056455775,0.004195858159519544,0.12749736805335718,0.0,1.0
2011-07-21,1325.6500244140625,1347.0,1325.6500244140625,1343.800048828125,4837430000,1.1691028820304803,0.9953066056427904,0.4174511357288705,1.2554259178300282,0.6605449593693065,0.8696477389036564,0.005212811836506738,-0.043635428110455954,0.13765207533325435,0.192489309632016,0.0,1.0
2011-07-22,1343.800048828125,1346.0999755859375,1336.949951171875,1345.02001953125,3522830000,0.039559840639743916,-0.3539344847494252,0.44869798798488747,0.9516379871945932,0.6008344193406001,0.7614794300097888,0.0501391702411818,-0.023681110153640206,0.21715062819402836,0.15702554619400602,0.0,1.0
2011-07-25,1344.3199462890625,1344.3199462890625,1331.0899658203125,1337.4300537109375,3536890000,-0.5459191911917664,-0.3369873693742512,0.14982875633190196,0.03613400796605145,0.2560145647936145,0.3171565079421495,0.06166611038077794,-0.005234098823503582,0.2002995233319636,-0.12738851579365312,0.0,1.0
2011-07-26,1337.3900146484375,1338.510009765625,1329.5899658203125,1331.93994140625,4007050000,-0.40845776657034455,0.19402917899148328,-0.06095496547903564,-0.3888503894296243,0.004685534728425601,0.02647492125814427,0.05261890045206079,0.00757422786754645,0.13726121085090887,-0.1311393584948747,0.0,1.0
2011-07-27,1331.9100341796875,1331.9100341796875,1303.489990234375,1304.8900146484375,3479040000,-1.8566520666234327,-0.40715314437098543,-0.9398236887176042,-1.8815124774615557,-0.8462717643314971,-1.0876638362137507,-0.031223240348072778,-0.0002434652567321112,-0.09332970983050302,0.23421643286566168,0.0,1.0
2011-07-28,1304.8399658203125,1316.3199462890625,1299.1600341796875,1300.6700439453125,4951800000,-0.3306122964068346,1.0947281987312425,-1.057311338087126,-1.6039222228884007,-0.9667937934163395,-1.1142363815283336,-0.11046845096483918,-0.023571534633969115,-0.2667297148875532,0.21100380144530745,0.0,1.0
2011-07-29,1300.1199951171875,1304.1600341796875,1282.8599853515625,1292.280029296875,5061190000,-0.6180906859489329,1.1876951280508203,-1.287017494395069,-1.4733528568524605,-1.18397509212867,-1.3067702855120515,-0.19657782101807683,-0.06078683444052375,-0.42198357768232486,0.19701931486479782,0.0,1.0
2011-08-01,1292.5899658203125,1307.3800048828125,1274.72998046875,1286.93994140625,4967390000,-0.41090016862547585,1.1081023931281948,-1.4293701590148384,-1.1667680118942394,-1.2700618134018231,-1.3475329563422351,-0.2787687520948816,-0.10826766449597185,-0.536748233809342,0.16756132906087445,0.0,1.0
2011-08-02,1286.56005859375,1286.56005859375,1254.030029296875,1254.050048828125,5206290000,-2.3256881249714456,1.307957517571858,-2.1502848484727872,-2.348995207469337,-2.1686203695956343,-2.5148548359149627,-0.4320622724932714,-0.1792804509748843,-0.7998264013716987,0.24450386476221853,0.0,1.0
2011-08-03,1254.25,1261.199951171875,1234.56005859375,1260.3399658203125,6446940000,0.40669443794551985,2.2173456778450626,-1.9013245642499401,-1.331330476979207,-1.8545074810693751,-1.900626048698435,-0.5324998049417167,-0.2577306236475408,-0.8829735012597794,0.30923535947865594,0.0,1.0
2011-08-04,1260.22998046875,1260.22998046875,1199.5400390625,1200.0699462890625,4266530000,-4.315498320633576,0.46099166546730297,-2.7978394479510142,-4.125111830424303,-3.5198543248727336,-4.15521931943496,-0.7718442201455656,-0.3720591296386263,-1.2840793853074004,1.0030737827247793,0.0,1.0
2011-08-05,1200.280029296875,1218.1099853515625,1168.0899658203125,1199.3800048828125,5454590000,-0.09296162331598036,1.5061830440614632,-2.8055999874089768,-2.9314267004539256,-3.3318673239805907,-3.6001366365155447,-0.9548576264300955,-0.5029534066438957,-1.4692782954296162,0.9850190700076694,0.0,1.0
2011-08-08,1198.47998046875,1198.47998046875,1119.280029296875,1119.4599609375,2615150000,-5.996988266704036,-1.621588774819156,-3.4697072583916753,-6.356284937911095,-5.5857894424800785,-6.543214640259128,-1.3076570541946007,-0.6836818434412114,-2.0264049195053206,2.136792280062553,0.0,1.0
2011-08-09,1120.22998046875,1172.8800048828125,1101.5400390625,1172.530029296875,2366660000,4.195375773350615,-2.046384054146281,-2.112301271264331,-1.3745230972867133,-3.6879785379079584,-3.31457055437567,-1.4268872663709715,-0.8539535459112916,-1.9095026757652913,3.3055364671817147,0.0,1.0
2011-08-10,1171.77001953125,1171.77001953125,1118.010009765625,1120.760009765625,5018070000,-3.9876695637158983,1.1512910429165615,-2.5661535581512305,-3.1901988190754698,-5.06968882539134,-5.133540223630805,-1.647589227282892,-1.0377226332805811,-2.060398216376917,3.5439907904930883,0.0,1.0
2011-08-11,1121.300048828125,1186.2900390625,1121.300048828125,1172.6400146484375,3685050000,4.095560154053021,-0.1623909229087634,-1.5987776805997311,1.1066348351211885,-3.189659853361491,-2.102309913394532,-1.662694881228763,-1.187992518157009,-1.6858900943988036,4.344346645287894,0.0,1.0
2011-08-12,1172.8699951171875,1189.0400390625,1170.739990234375,1178.81005859375,5640380000,0.42867933020875165,1.6486893783003271,-1.4951462950544763,1.8865464716332712,-2.7804016310394872,-1.5337663703120197,-1.6411680742991712,-1.3035703303770827,-1.298046145551726,4.388540557199107,0.0,1.0
2011-08-15,1178.8599853515625,1204.489990234375,1178.8599853515625,1204.489990234375,4272850000,1.9054069004858771,0.46728945561901386,-1.074310287504146,2.5028167523980156,-1.7833581153756164,-0.18263645588886826,-1.537995987256499,-1.3738034584406391,-0.7911101219623083,4.569728765142687,0.0,1.0
2011-08-16,1204.219970703125,1204.219970703125,1180.530029296875,1192.760009765625,5071600000,-0.9119545662926928,1.1964372972568675,-1.2150288679721453,1.3253301847212644,-1.9579333438995479,-0.6958292511200852,-1.4740234760232183,-1.4162066520603767,-0.4799822231548843,4.483857154717939,0.0,1.0
2011-08-17,1192.8900146484375,1208.469970703125,1184.3599853515625,1193.8900146484375,4388340000,0.04309327794579311,0.5807617730939725,-1.1954668995944897,0.32071258157395055,-1.7113711823115145,-0.5604412572030204,-1.406431639639552,-1.4355660901208673,-0.2223619523542549,4.470535236829456,0.0,1.0
2011-08-18,1189.6199951171875,1189.6199951171875,1131.030029296875,1140.6500244140625,3234810000,-4.027111372008778,-0.7168354693629803,-1.7956251250518982,-3.122845699812216,-3.163793171548044,-2.8799678967066837,-1.4850037544474373,-1.4679825324172153,-0.36833420754669094,4.41151022552616,0.0,1.0
2011-08-19,1140.469970703125,1154.5400390625,1122.050048828125,1123.530029296875,5167560000,-1.3829961756919378,1.2761882707643475,-1.9609438393936616,-3.601922531054815,-3.3948967243504784,-3.2517069971756545,-1.5787221617994887,-1.5141079489432225,-0.5215952350021958,4.428498676532374,0.0,1.0
2011-08-22,1123.550048828125,1145.489990234375,1121.0899658203125,1123.8199462890625,5436260000,-0.01851650020969183,1.4918612156440307,-1.9552473695015686,-2.4146472411468234,-3.0502699347458004,-2.7795705412533662,-1.63577453193298,-1.5633005999414091,-0.5558857295919482,3.4413070897537588,0.0,1.0
2011-08-23,1124.3599853515625,1162.3499755859375,1124.3599853515625,1162.3499755859375,5013170000,3.022608659685278,1.147134436906019,-1.2390064542187826,0.9496435208918512,-1.4602306586230407,-0.621500421962736,-1.559195473986604,-1.5861552464294821,-0.26143703016886377,3.14985913370258,0.0,1.0
2011-08-24,1162.1600341796875,1178.56005859375,1156.300048828125,1177.5999755859375,5315310000,1.1310098103946924,1.3961308594205248,-0.9836808735479572,2.3574075822622405,-0.7227358445669462,0.14718049057705324,-1.4422606433735257,-1.5792445660203853,0.07132780740298837,2.5291574869938716,0.0,1.0
2011-08-25,1176.68994140625,1190.6800537109375,1155.469970703125,1159.27001953125,5748420000,-1.432736428337107,1.7294160422482276,-1.219104016502452,0.6809447561192336,-1.1161766611383495,-0.7318475093475693,-1.3865899200909313,-1.5617213890444537,0.18997141271244253,1.9544188518968142,0.0,1.0
2011-08-26,1158.8499755859375,1181.22998046875,1135.9100341796875,1176.800048828125,5035320000,1.309904780320818,1.165891765959921,-0.9186294916061113,1.189484227403295,-0.30950992455765824,0.1583414355063682,-1.28178721716283,-1.5251223985655047,0.4032316266456499,2.033562579228212,0.0,1.0
2011-08-29,1177.9100341796875,1210.280029296875,1177.9100341796875,1210.0799560546875,4228070000,2.4859269849010333,0.42246453336917167,-0.40096390318131087,2.354908880646484,0.9866602622289674,1.6195264922190125,-1.0967461198823694,-1.4559748542747104,0.7671118642057901,2.151116647185457,0.0,1.0
2011-08-30,1209.760009765625,1220.0999755859375,1195.77001953125,1212.9200439453125,4572570000,0.16818499584291594,0.7557330678616269,-0.35882404526382616,1.8015145634743115,1.1600022178264842,1.4703283935835834,-0.933937223048436,-1.3655785444043103,1.0046648415719557,2.107113345409964,0.0,1.0
2011-08-31,1213.0,1230.7099609375,1209.3499755859375,1218.8900146484375,5267840000,0.3983200181891652,1.3579624061988738,-0.2663608952319448,1.6221609297349449,1.44424009073873,1.484524520303538,-0.7818690658205218,-1.2604973868295921,1.168835756878089,2.109486644071299,0.0,1.0
2011-09-01,1219.1199951171875,1229.2900390625,1203.8499755859375,1204.4200439453125,4780410000,-1.102579898742723,0.9448576568687608,-0.5124478627189758,-0.08690286799239606,0.9292199512074163,0.5837862146931314,-0.6956745547301246,-1.1578612722545982,1.1415011222049953,1.2297808189315864,0.0,1.0
2011-09-02,1203.9000244140625,1203.9000244140625,1170.56005859375,1173.969970703125,4401740000,-2.30113464129797,0.5937338547846319,-0.9844104051175603,-2.2451248302176587,-0.09330179199186153,-0.8930624583855893,-0.7056393977788534,-1.0778993732098108,0.8880121659424086,1.4712672047848727,0.0,1.0
2011-09-06,1173.969970703125,1173.969970703125,1140.1300048828125,1165.239990234375,5103980000,-0.706192016298315,1.2235152923439618,-1.1104375279301266,-2.244111457727219,-0.47926272210218607,-1.171935172387538,-0.7316135540579232,-1.0195261610552575,0.646658999849635,1.5241357551678782,0.0,1.0
2011-09-07,1165.8499755859375,1198.6199951171875,1165.8499755859375,1198.6199951171875,4441040000,2.5186792711950305,0.631552324996137,-0.5196071661119123,0.39388399533844465,0.6429521543225335,0.4891219732821729,-0.6550298473451808,-0.9563271154130841,0.700609950974898,1.3825057378708159,0.0,1.0
2011-09-08,1197.97998046875,1204.4000244140625,1183.3399658203125,1185.9000244140625,4465170000,-0.9900350255783625,0.654607202615903,-0.720429393111226,-0.0525192130616156,0.08346308724012631,-0.1791321622934629,-0.6246499982522676,-0.8992223355993002,0.6324784170760864,1.399676191602591,0.0,1.0
2011-09-09,1185.3699951171875,1185.3699951171875,1148.3699951171875,1154.22998046875,4586370000,-2.4283638011309554,0.7685543532995806,-1.1785784371325256,-1.6524332000641264,-0.989698364236694,-1.6027007779646985,-0.6824796893164861,-0.8659983085606733,0.36550084126205595,1.6104014032414926,0.0,1.0
2011-09-12,1153.5,1162.52001953125,1136.0699462890625,1162.27001953125,5168550000,0.5809773998302836,1.2770033042295617,-1.0297457253830844,-0.8862609206356633,-0.6805457153558954,-1.0166272854803844,-0.700498492557311,-0.8433013595660545,0.2478121819867029,1.5279274555037405,0.0,1.0
2011-09-13,1162.5899658203125,1176.4100341796875,1157.43994140625,1172.8699951171875,4681370000,0.7735206047862704,0.8557836444979466,-0.8326006626438716,-0.21355273322870433,-0.2551774158993554,-0.4019188729105672,-0.6801419125452864,-0.8207578379680437,0.2460969230584953,1.156564845939825,0.0,1.0
2011-09-14,1173.3199462890625,1202.3800048828125,1162.72998046875,1188.6800537109375,4986740000,1.1631695536996358,1.124643919282801,-0.5464771573603026,1.1058432115961154,0.30504105970991197,0.3540688887106314,-0.6157468443195089,-0.7888486691057256,0.3508012356107875,1.2695724284438459,0.0,1.0
2011-09-15,1189.43994140625,1209.1099853515625,1189.43994140625,1209.1099853515625,4479730000,1.494504164097069,0.6684582825846779,-0.20058320144073347,2.267179306216951,0.9923893050234686,1.1972260243384303,-0.5049873392621195,-0.7394574519397149,0.5462437712932943,1.4109230724848074,0.0,1.0
2011-09-16,1209.2099609375,1220.06005859375,1204.4599609375,1216.010009765625,5248890000,0.4684533835609265,1.3426294347169114,-0.08752740033116571,1.8441293751836494,1.097849122981227,1.2967161355794734,-0.3960513253580001,-0.676473479593221,0.6982055147478045,1.3573389800708264,0.0,1.0
2011-09-19,1214.989990234375,1214.989990234375,1188.3599853515625,1204.0899658203125,4254190000,-0.9176782415699707,0.4486680954473595,-0.3197924531228038,0.3586276129106102,0.5396667467870546,0.5398140409610095,-0.3410947028802711,-0.6142455269000602,0.6897535075512568,1.0620064215148155,0.0,1.0
2011-09-20,1204.5,1220.3900146484375,1201.2900390625,1202.0899658203125,4315610000,-0.19002997462867746,0.5096560305593753,-0.35940801528318417,-0.20998261362841153,0.3326460078082744,0.34528713802073,-0.30201082211481267,-0.5560422791413371,0.6447588636688077,1.0165383159529489,0.0,1.0
2011-09-21,1203.6300048828125,1206.300048828125,1166.2099609375,1166.760009765625,4728550000,-2.668329387524168,0.8984487685214566,-1.0017475547789887,-2.453669370256837,-0.8978543036880297,-1.312950335167341,-0.36667596084072873,-0.5234122210282673,0.3588604984995317,1.0594088795849437,0.0,1.0
2011-09-22,1164.550048828125,1164.550048828125,1114.219970703125,1129.56005859375,6703140000,-2.8911108617863817,2.3831527524685545,-1.5419683188653446,-4.049668402065242,-2.1061471055983345,-2.821981223027201,-0.5169872010213447,-0.5296937445936949,-0.07615592855472926,1.423025756936655,0.0,1.0
2011-09-23,1128.8199462890625,1141.719970703125,1121.3599853515625,1136.4300537109375,5639930000,0.5019966829394253,1.64834991811266,-1.3952029141579272,-2.4071711482179974,-1.8298942065735135,-2.1095741654562437,-0.6125389123222069,-0.5553062238303915,-0.29226853320649127,1.1981200331614998,0.0,1.0
2011-09-26,1136.9100341796875,1164.18994140625,1131.0699462890625,1162.949951171875,4762830000,2.0440732705036586,0.9291821755813909,-0.8603678887112755,0.18204237566261605,-0.8856720783081008,-0.6009029792479175,-0.6105272735839548,-0.5753627860916515,-0.23015553117963758,1.4411904542944218,0.0,1.0
2011-09-27,1163.3199462890625,1195.8599853515625,1163.3199462890625,1175.3800048828125,5548130000,0.9136880855662163,1.5785274801465607,-0.6288840559184047,1.5221320958557765,-0.39400082663177366,0.036219612346327146,-0.5705132846006844,-0.5827867522103919,-0.08892799425391246,1.4547556702317488,0.0,1.0
2011-09-28,1175.3900146484375,1184.7099609375,1150.4000244140625,1151.06005859375,4787920000,-1.8908347407158197,0.9515365000878045,-1.0232250830158107,-0.07352917171537443,-1.134924249178448,-1.100113911088967,-0.6013731763357347,-0.5953748968289994,-0.14666151169980077,1.523631189895852,0.0,1.0
2011-09-29,1151.739990234375,1175.8699951171875,1139.9300537109375,1160.4000244140625,5285740000,0.6836249685278729,1.372395219996534,-0.8407059816988548,0.16482241965069588,-0.7085381808894186,-0.5262783975068493,-0.5956420855461213,-0.6042106103757517,-0.10471078424973,1.3922087915765768,0.0,1.0
2011-09-30,1159.9300537109375,1159.9300537109375,1131.3399658203125,1131.4200439453125,4416790000,-2.2736244397198564,0.6082562446886273,-1.2857507296508295,-1.9390868975750244,-1.5986068205934543,-1.7985547224462368,-0.6657801160069763,-0.6263908927281561,-0.2538979000647203,1.506756481236877,0.0,1.0
2011-10-03,1131.2099609375,1138.989990234375,1098.9200439453125,1099.22998046875,5670340000,-2.584369868570832,1.6712291722280974,-1.7057129221374603,-3.4386534439106615,-2.60429130279831,-3.0450612694099064,-0.8033121453845701,-0.6737673215443631,-0.5355810683507404,1.6851234096282932,0.0,1.0
2011-10-04,1097.4200439453125,1125.1199951171875,1074.77001953125,1123.949951171875,3714670000,1.9683104069470605,-0.12832897700263915,-1.21182352352456,-0.78304259120222,-1.6645578570462214,-1.4584701029159786,-0.8369241691894442,-0.7189104017295402,-0.5106130948084564,2.029042269748748,0.0,1.0
2011-10-05,1124.030029296875,1146.0699462890625,1115.6800537109375,1144.030029296875,2510620000,1.5551500021688685,-1.7951446893104022,-0.8451559420921738,0.8668466288701329,-0.862240423529014,-0.32231545094178987,-0.8013841163086299,-0.7473675218827925,-0.32407051797279685,1.9699703076112889,0.0,1.0
2011-10-06,1144.1099853515625,1165.550048828125,1134.949951171875,1164.969970703125,5098330000,1.5942986709290692,1.2188028359504128,-0.4905678470521738,2.4034377767997857,-0.08541211967600833,0.677694920791591,-0.70972584907089,-0.7503848263930186,-0.03966322254630445,1.6678659318853448,0.0,1.0
2011-10-07,1165.030029296875,1171.4000244140625,1150.260009765625,1155.4599609375,5580380000,-0.7711688865177121,1.603187378504161,-0.644821440741906,1.2984579949119521,-0.42385424204317956,0.11089208650239647,-0.658160789904493,-0.7416886303656907,0.09128918114281925,1.710486069844893,0.0,1.0
2011-10-10,1158.1500244140625,1194.9100341796875,1158.1500244140625,1194.8900146484375,4446800000,3.0083183591460143,0.6370670477575636,-0.02443484717575247,2.801769714643525,0.9111720019813371,1.8883266851516574,-0.5051697604399867,-0.7017687248202942,0.44035817212234235,1.936535438902144,0.0,1.0
2011-10-11,1194.5999755859375,1199.239990234375,1187.300048828125,1195.5400390625,4424500000,0.007041192498656308,0.6156767968125914,-0.014920520625902165,1.75164613538866,0.8930726694984136,1.5977932401465396,-0.38018371309456106,-0.6429037138602451,0.6521571202026949,1.9115490458298863,0.0,1.0
2011-10-12,1196.18994140625,1220.25,1196.18994140625,1207.25,5355360000,0.8338162078979838,1.4280690448797928,0.1611107637687275,1.6635415918526755,1.2722458724045245,1.8561052281826118,-0.24841044517605151,-0.5674202661383417,0.8379448130058381,1.6946224179139613,0.0,1.0
2011-10-13,1206.9599609375,1207.4599609375,1190.5799560546875,1203.6600341796875,4436270000,-0.30734866864215443,0.6269800283130331,0.08801926798216982,0.8254464354927841,1.1556232376606235,1.3789887856644838,-0.15453354959603133,-0.48680709791468824,0.8952931033656583,1.7114809268332436,0.0,1.0
2011-10-14,1205.6500244140625,1224.6099853515625,1205.6500244140625,1224.5799560546875,4116690000,1.5117698772856907,0.30888069975599225,0.40934544365669,1.3271337829831507,1.8773027704316403,2.080797008878526,-0.02459587464773286,-0.3943206152624198,1.0280321645198376,1.3494201889579875,0.0,1.0
2011-10-17,1224.469970703125,1224.469970703125,1198.550048828125,1200.8599853515625,4300700000,-1.7727487717429289,0.4949310703788722,-0.08019763448520977,-0.4700650446043526,1.047216818552439,0.6678663087950932,0.010411700868405808,-0.3127888109837578,0.9055630990115523,1.0593162733877648,0.0,1.0
2011-10-18,1200.75,1233.0999755859375,1191.47998046875,1225.3800048828125,4840170000,1.783330020783698,0.9977158468054905,0.29546041610500784,0.8625514421718455,1.868403768240271,1.637930897589206,0.10216194457627126,-0.22779515899788252,0.944265216880745,1.0320770488067517,0.0,1.0
2011-10-19,1223.4599609375,1229.6400146484375,1206.31005859375,1209.8800048828125,4846390000,-1.172086724596616,1.003179941778401,-0.014534335216338188,-0.2868328806195078,1.2441030041219623,0.6690167907625765,0.1282162270098634,-0.15418666660772412,0.8169835378759513,1.1775486841432947,0.0,1.0
2011-10-20,1209.9200439453125,1219.530029296875,1197.3399658203125,1215.3900146484375,4870290000,0.3654478460758388,1.0241103762906574,0.07406992321648803,-0.06001376711155659,1.281630441047551,0.7884283160915382,0.1597821477848374,-0.088498782255468,0.7284342047438684,1.0888483659318013,0.0,1.0
2011-10-21,1215.3900146484375,1239.030029296875,1215.3900146484375,1238.25,4980770000,1.639441728422853,1.1195472662272992,0.42627427318526756,1.3768655361580404,1.8949524408028997,1.6547059815963732,0.24260794733725877,-0.018103097870270316,0.7810655875166713,1.0779364777047662,0.0,1.0
2011-10-24,1238.719970703125,1256.550048828125,1238.719970703125,1254.18994140625,4309380000,1.1089331209541555,0.5035095446577225,0.6516537638054758,1.7375529183058194,2.2822122554182225,2.0709899157924707,0.34578456885730213,0.06044354833411052,0.8721901867923715,0.65768311934534,0.0,1.0
2011-10-25,1254.18994140625,1254.18994140625,1226.7900390625,1229.050048828125,4473970000,-1.8330623031437396,0.6629841240304075,0.1082889905079192,-0.09368120547158997,1.3124756902316843,0.6226715367710633,0.3517335036076363,0.12456260339573293,0.7108953003038394,0.9823222096965973,0.0,1.0
2011-10-26,1229.1700439453125,1246.280029296875,1221.06005859375,1242.0,4873530000,0.9001184572205898,1.0269398987241036,0.3064619989978142,0.3656341576879149,1.5969310376194459,1.0702826901725502,0.38528373425203377,0.18308647082422444,0.6483432675190132,0.98810112068243,0.0,1.0
2011-10-27,1243.969970703125,1292.6600341796875,1243.969970703125,1284.5899658203125,6367610000,3.023194978775433,2.1646667399473625,0.8702541942057086,2.361395094873132,2.8372228150268883,2.724947079451078,0.520884368336983,0.2591216355645404,0.8441127957950725,1.3882699199491668,0.0,1.0
2011-10-28,1284.3900146484375,1287.0799560546875,1277.010009765625,1285.0899658203125,4536690000,-0.00679165391853855,0.7222157737628023,0.8762768438994162,1.7307847315157594,2.5729599507591816,2.2890808398581153,0.6201435248022346,0.34133582179643873,0.9131918652137547,1.34013791522392,0.0,1.0
2011-10-31,1284.9599609375,1284.9599609375,1253.1600341796875,1253.300048828125,4310210000,-2.252476117091655,0.5043289312493437,0.1957967062931066,-0.45266636332413324,1.2164606701249145,0.5438573565563526,0.6017666110812591,0.40314774082843935,0.6851024121959558,1.4714136706607195,0.0,1.0
2011-11-01,1251.0,1251.0,1215.4200439453125,1218.280029296875,5645540000,-2.5388979059132377,1.6525799205173162,-0.43008962615167934,-2.727545671436251,-0.13102484527672278,-1.0703075871268137,0.4826278557275561,0.42692802801083424,0.2599234837485146,1.7113218465521158,0.0,1.0
2011-11-02,1219.6199951171875,1242.47998046875,1219.6199951171875,1237.9000244140625,4110530000,1.3977648799868867,0.30250944383157174,-0.12782298913804874,-1.313971311567676,0.3710730815250891,-0.08046695270287361,0.4348678279147231,0.43566203777889034,0.09171192413283782,1.7274439985806618,0.0,1.0
2011-11-03,1238.25,1263.2099609375,1234.81005859375,1261.1500244140625,4849140000,1.637032409608406,1.0055935041079351,0.202594068594243,0.6231100266890447,0.9870180645399891,0.9103564708128713,0.4534720880771922,0.44665765887038317,0.11699586364050812,1.824770715155099,0.0,1.0
2011-11-04,1260.8199462890625,1260.8199462890625,1238.9200439453125,1253.22998046875,3830650000,-0.6028509873654283,0.0024798395038915047,0.05530437327315476,0.5185275192547054,0.5548868791958576,0.407609614021336,0.4388800206658009,0.45231019644390075,0.05726225731613322,1.7518759000853015,0.0,1.0
2011-11-07,1253.2099609375,1261.699951171875,1240.75,1261.1199951171875,3429740000,0.5210990141723834,-0.4678757354961199,0.172391566688083,0.9591508228910806,0.7053892084289445,0.6605798239868503,0.44154880776725947,0.457407234675987,0.051051989619047715,1.7059754350933027,0.0,1.0
2011-11-08,1261.1199951171875,1277.550048828125,1254.989990234375,1275.9200439453125,3908490000,1.0072859196740829,0.08806966431777713,0.388823312321772,1.1758949959757279,1.0603293592812586,1.166771489335833,0.47654952111677307,0.4690260049184408,0.12396243003230184,1.5309641192822032,0.0,1.0
2011-11-09,1275.1800537109375,1275.1800537109375,1226.6400146484375,1229.0999755859375,4659740000,-3.3211819725752187,0.8360795638142232,-0.47509068240784963,-1.9417340364942834,-0.5292725534824209,-1.0343687079079964,0.36848725728213516,0.45503827784178247,-0.16230830203846275,2.0836066931556845,0.0,1.0
2011-11-10,1229.5899658203125,1246.219970703125,1227.699951171875,1239.699951171875,4002760000,0.7292011391072186,0.18947161802216878,-0.3055722739728239,-0.9138169085437015,-0.2374705089487106,-0.44321328955565775,0.3061147926712096,0.4304095281812295,-0.28127081718103075,1.6059909246037125,0.0,1.0
2011-11-11,1240.1199951171875,1266.97998046875,1240.1199951171875,1263.8499755859375,3370180000,1.6994811394522362,-0.5424105817746914,0.06037318638837803,0.6150406169058066,0.49600656996542364,0.6361939967060755,0.3171915768650428,0.41309309628412316,-0.1995219339507765,1.8008352242360313,0.0,1.0
2011-11-14,1263.8499755859375,1263.8499755859375,1246.6800537109375,1251.780029296875,3219680000,-0.8951161091393895,-0.7367823578151992,-0.15918374437382854,-0.09246115422550236,0.012527530948144065,0.0012937284154232382,0.2869410585437648,0.392722272653056,-0.23366885169650262,1.5941537235794625,0.0,1.0
2011-11-15,1251.699951171875,1264.25,1244.3399658203125,1257.81005859375,3599300000,0.38895194722119947,-0.2625662464807781,-0.06358734966957039,0.579759960614772,0.1575335269578404,0.23699524403069397,0.27400243461218704,0.37363789999333374,-0.21928682760509358,1.1958297840415304,0.0,1.0
2011-11-16,1257.81005859375,1259.6099853515625,1235.6700439453125,1236.9100341796875,4085010000,-1.5266402914308073,0.2760121289164089,-0.45031174353026104,-0.9836176877076351,-0.5750725504205022,-0.713355079879738,0.20135510100927892,0.34271804407153444,-0.3516029509554442,1.258130093676148,0.0,1.0
2011-11-17,1236.56005859375,1237.72998046875,1209.4300537109375,1216.1300048828125,4596450000,-1.5430629419102693,0.7778951087703425,-0.8016849830938074,-2.108925871176585,-1.2600925499315545,-1.5183687813779332,0.0830824727502795,0.29249952421264497,-0.5673545465137692,1.1634288400110706,0.0,1.0
2011-11-18,1216.18994140625,1223.510009765625,1211.3599853515625,1215.6500244140625,3827610000,-0.07685287953131881,-0.0008980144440452412,-0.8097252842553335,-1.4801997754836353,-1.2396758903915635,-1.3306970835580485,-0.014244456649481188,0.23135496523371607,-0.6895034362485998,1.1626471914357988,0.0,1.0
2011-11-21,1215.6199951171875,1215.6199951171875,1183.1600341796875,1192.97998046875,4050070000,-1.708275237341175,0.23946433975877032,-1.1811653677056186,-2.268873470193273,-1.8897906046793997,-2.1346656507363373,-0.1545487367258549,0.15220981501344988,-0.8907430813334465,1.21253591122862,0.0,1.0
2011-11-22,1192.97998046875,1196.81005859375,1181.6500244140625,1188.0400390625,3911710000,-0.41166364935520333,0.09157343281781861,-1.2588464997134612,-1.646380589135927,-1.9881996084428362,-2.051907449337962,-0.2785881089408352,0.06216857585259517,-1.0125571396506803,1.0518860238068561,0.0,1.0
2011-11-23,1187.47998046875,1187.47998046875,1161.7900390625,1161.7900390625,3798940000,-2.0163234256438467,-0.03288689075784677,-1.648121898100287,-2.4831090767786415,-2.732002549703618,-2.922581760967083,-0.4465685389796046,-0.04605693160795624,-1.2158502231775694,0.6689655729297359,0.0,1.0
2011-11-25,1161.4100341796875,1172.6600341796875,1158.6600341796875,1158.6700439453125,1664200000,-0.2815940846859725,-3.544608060626561,-1.6920809037969502,-1.891357265492179,-2.6392047843223785,-2.6491855898600676,-0.5840019101912505,-0.1622482839437001,-1.3049052866470054,0.5378127485046119,0.0,1.0
2011-11-28,1158.6700439453125,1197.3499755859375,1158.6700439453125,1192.550048828125,3920750000,2.5717641981419255,0.10139470632197578,-0.9253035519606109,0.9415259211611952,-1.3595265674231534,-0.7662421816067523,-0.5950628294307202,-0.2575845154322563,-1.0717531050757834,0.898372185469307,0.0,1.0
2011-11-29,1192.56005859375,1203.6700439453125,1191.800048828125,1195.18994140625,3992650000,0.15626501003229099,0.17871172345447495,-0.8702817417068636,1.1032166941336048,-1.1762934822524218,-0.5531821170088843,-0.592158096115379,-0.3332276562473605,-0.8515919712210086,0.9170666213842514,0.0,1.0
2011-11-30,1196.719970703125,1247.1099853515625,1196.719970703125,1246.9599609375,5801910000,3.8296971139800204,1.7688235235367784,0.05868595873511288,4.01094000356769,0.5118894909677726,1.7953598527341128,-0.4444008792025085,-0.3619068803751516,-0.3265535544691459,1.8603417526451886,0.0,1.0
2011-12-01,1246.9100341796875,1251.0899658203125,1239.72998046875,1244.5799560546875,3818680000,-0.21216265999299616,-0.010835997655144673,0.01176538982532347,2.591260280713196,0.4207715016722928,1.3862358553265943,-0.33246871181832394,-0.3607337195971381,0.007184557953767122,1.7504929814263983,0.0,1.0
2011-12-02,1246.030029296875,1260.0799560546875,1243.3499755859375,1244.280029296875,4144310000,-0.06311673987719166,0.3373312085938132,0.005465480725017421,1.3170385005435643,0.4393983467245163,1.1338774769426962,-0.24420925076753472,-0.3407790950691901,0.21715405554066602,1.6104863379747794,0.0,1.0
2011-12-05,1244.3299560546875,1266.72998046875,1244.3299560546875,1257.0799560546875,4148060000,0.8778161148856207,0.34117934088119295,0.22519124036468893,1.2950986011569827,0.8619476471374109,1.4903605781015035,-0.13978835831211825,-0.3023172101890344,0.4240580652388721,1.6281434150005694,0.0,1.0
2011-12-06,1257.18994140625,1266.030029296875,1253.030029296875,1258.469970703125,3734230000,0.05724678815891546,-0.10598424899932107,0.2493118178424367,0.4977079245654278,0.9131038140133416,1.2944021503848078,-0.05500228678284909,-0.2532799715684655,0.5422864281206539,1.3969941702953685,0.0,1.0
2011-12-07,1258.1400146484375,1267.06005859375,1244.800048828125,1261.010009765625,4160540000,0.1388103346839139,0.3539609175227542,0.29588554735701555,0.4776953081764538,1.0239797954065988,1.1791182665899078,0.016569475228041097,-0.19862956202871085,0.6050395070852767,1.35788991516152,0.0,1.0
2011-12-08,1260.8699951171875,1260.8699951171875,1231.469970703125,1234.3499755859375,4298370000,-1.9311135251012193,0.49262537560501174,-0.3511141488755937,-1.2322641854110747,0.12073757898410072,-0.17494213636543327,-0.0026358666337530988,-0.1590471547784098,0.43658507177184913,1.3331489488576627,0.0,1.0
2011-12-09,1234.47998046875,1258.25,1234.47998046875,1255.18994140625,3830610000,1.467359299229033,0.0024354114635125167,0.05725233398008858,0.06436625283765872,0.7931338704046669,0.7287046781768963,0.03675560121705505,-0.11889407166276458,0.44296500713400677,1.3313151107684578,0.0,1.0
2011-12-12,1255.050048828125,1255.050048828125,1227.25,1236.469970703125,3600570000,-1.3745121050290077,-0.2610652611829659,-0.36014636083746115,-0.951426507679722,0.21196426188622153,-0.21121668547524453,0.01375479175241935,-0.09172728463483075,0.29778324167863984,1.281389734626419,0.0,1.0
2011-12-13,1236.8299560546875,1249.8599853515625,1219.4300537109375,1225.72998046875,4121570000,-0.817884914583248,0.31392129408437375,-0.5848814588051133,-1.2494243160123333,-0.1046627851893494,-0.6635922480421222,-0.03611085768283005,-0.08073774536444185,0.11692787123381299,1.347812545174208,0.0,1.0
2011-12-14,1225.72998046875,1225.72998046875,1209.469970703125,1211.8199462890625,4298290000,-1.0558313039521505,0.49254618792778393,-0.8638462095670795,-1.546062072859293,-0.49531037105311304,-1.1862548946665517,-0.11509870385273975,-0.08896457792078602,-0.0979037303721182,0.34784520051089823,0.0,1.0
2011-12-15,1212.1199951171875,1225.5999755859375,1212.1199951171875,1215.75,3810340000,0.24827111818279438,-0.020138393969728163,-0.7711734531661646,-1.0092490744073301,-0.32757764616648416,-0.8563479669375699,-0.16736537345807442,-0.10680725030051282,-0.20540509892752631,0.3718718227662242,0.0,1.0
2011-12-16,1216.0899658203125,1231.0400390625,1215.199951171875,1219.6600341796875,5345800000,0.24586243430286644,1.4204671034685472,-0.6757356164543936,-0.2307345860452886,-0.201809433633087,-0.5767815458593378,-0.1981555961555556,-0.1277153492640748,-0.23967538202511712,0.38974489094870707,0.0,1.0
2011-12-19,1219.739990234375,1224.5699462890625,1202.3699951171875,1205.3499755859375,3659820000,-1.0901919986401207,-0.19162115159149312,-0.9883248057281555,-0.8099425215035557,-0.666635830121296,-1.1336917446467434,-0.26144223330561717,-0.15807736107081902,-0.3453664695965118,0.31534389295715015,0.0,1.0
2011-12-20,1205.719970703125,1242.8199462890625,1205.719970703125,1241.300048828125,4055590000,2.6240479915004706,0.24525926889894087,-0.1654863629295749,1.53470855316418,0.4620221559148955,0.5839393266445123,-0.2124432327679232,-0.17180980551195416,-0.15945434095017041,0.9697994801493721,0.0,1.0
2011-12-21,1241.25,1245.0899658203125,1229.510009765625,1243.719970703125,2959020000,0.1326570080143941,-1.095979184430536,-0.11630477188342592,1.2452697655171738,0.44838710462864834,0.5765758120724331,-0.16744305181938632,-0.17310016870007913,-0.02035668677297526,0.9695573852385487,0.0,1.0
2011-12-22,1243.719970703125,1255.219970703125,1243.719970703125,1254.0,3492250000,0.6971490861972537,-0.39102859613348734,0.09458223923680546,1.4226037921199262,0.6356008538038398,0.9093953454984205,-0.1046596016523341,-0.16060534164252854,0.1337564062512256,0.7480811189591192,0.0,1.0
2011-12-23,1254.0,1265.4200439453125,1254.0,1265.3299560546875,2233830000,0.765922881881459,-2.2921434757847288,0.3183347572326529,1.5653637380874175,0.831737902953824,1.2328046960422976,-0.02579644838226721,-0.13361788194975077,0.2957784314589654,0.6357806489737645,0.0,1.0
2011-12-27,1265.02001953125,1269.3699951171875,1262.300048828125,1265.4300537109375,2130590000,-0.03450853328164337,-2.4934694688110124,0.32033996110724217,0.7233529263659833,0.7112147722716267,1.0223164047039468,0.0341499898926733,-0.09911204992602375,0.3798309250249237,0.4571272155008615,0.0,1.0
2011-12-28,1265.3800048828125,1265.8499755859375,1248.6400146484375,1249.6400146484375,2349980000,-1.1567916419149926,-2.07647684693947,-0.1270477052769086,-0.4867353369227016,0.09634173805661769,0.16561547892805561,0.035271090275793116,-0.07126583567133417,0.3053789751820664,0.5228041100093958,0.0,1.0
2011-12-29,1249.75,1263.5400390625,1249.75,1263.02001953125,2278130000,0.915359840159874,-2.2085928303796196,0.1689572560008339,0.1718079278570146,0.5123336474268897,0.690848581058232,0.06981769754892196,-0.04154556482641875,0.32633020272951974,0.41925505150683273,0.0,1.0
2011-12-30,1262.8199462890625,1264.1199951171875,1257.4599609375,1257.5999755859375,2271850000,-0.42511400966703977,-2.2203376891704165,0.013336761019137128,-0.2520058618324959,0.311200812879636,0.33074862050728737,0.07890397167899013,-0.015811649131885486,0.2817642945940794,0.46492304108696686,0.0,1.0
2012-01-03,1258.8599853515625,1284.6199951171875,1258.8599853515625,1277.06005859375,3943710000,1.3413980298531651,0.12623756549871384,0.4315880892202355,0.9270363966809168,0.8991722217218886,1.0859130669496273,0.13577002169660404,0.017027657276034953,0.36119981347123414,0.551724715569936,0.0,1.0
2012-01-04,1277.030029296875,1278.72998046875,1268.0999755859375,1277.300048828125,3592580000,-0.024783173291934555,-0.27051729374132344,0.43655041761612295,0.7784596246547713,0.8728658280473506,0.9046823255070755,0.1770224391224884,0.05218721384975996,0.38713931254737005,0.3703677153667024,0.0,1.0
2012-01-05,1277.300048828125,1283.050048828125,1265.260009765625,1281.06005859375,4315950000,0.22151392813650453,0.5099912174242107,0.5182335767354779,0.6016008100502266,0.9586589197050606,0.9007723141596695,0.21516849627915483,0.08853368429385917,0.400408550363952,-0.174246793682626,0.0,1.0
2012-01-06,1280.9300537109375,1281.8399658203125,1273.3399658203125,1277.81005859375,3656830000,-0.26831794191764285,-0.1950985648027036,0.4036582692313469,0.17636592046281727,0.8231416412843399,0.6017992786543379,0.2313346400312732,0.12109396530843489,0.35808041753731557,-0.14411315948091305,0.0,1.0
2012-01-09,1277.8299560546875,1281.989990234375,1274.550048828125,1280.699951171875,3371600000,0.1605500110491239,-0.5406182799693894,0.47418296900858575,0.05782182495684201,0.8401384827299594,0.6084273967082576,0.24683505976024986,0.15048186005046907,0.32261436650604597,-0.1791651757773344,0.0,1.0
2012-01-10,1280.77001953125,1296.4599609375,1280.77001953125,1292.0799560546875,4221960000,0.7525808227192646,0.4163116256313114,0.7447465691162775,0.625745242084742,1.1518031902508443,0.9696715904280594,0.28478391504296796,0.18216851255599012,0.3483135888403547,-0.1813040801624286,0.0,1.0
2012-01-11,1292.02001953125,1293.800048828125,1285.4100341796875,1292.47998046875,3968120000,-0.013908709158629374,0.15249120866703697,0.7541711365873551,0.44569499220253045,1.0702139131482042,0.8134376407389138,0.3099533068662399,0.21294074971417115,0.33809077907306995,-0.1822435535138399,0.0,1.0
2012-01-12,1292.47998046875,1296.8199462890625,1285.77001953125,1295.5,4019890000,0.16725401739631288,0.2076408907926191,0.8288056984315835,0.4534489968682751,1.0514870435176593,0.7910870680725761,0.33196638030144154,0.2423014045186994,0.3223098345447164,-0.4620009703950255,0.0,1.0
2012-01-13,1294.8199462890625,1294.8199462890625,1277.5799560546875,1289.0899658203125,3692370000,-0.4837959705036406,-0.15394778111918625,0.5392611460908094,-0.1316438275376687,0.7131038832364918,0.3795197714594828,0.3255464669747319,0.2644067147547101,0.2411978895890531,-0.46347553725662544,0.0,1.0
2012-01-17,1290.219970703125,1303.0,1290.219970703125,1293.6700439453125,4010490000,0.27596412785727037,0.19768020310854678,0.667298258754124,0.0020861777454203945,0.7326233465346468,0.4898461310631808,0.3268855844797294,0.28237948483794945,0.194997689690464,-0.5260162260330496,0.0,1.0
2012-01-18,1293.6500244140625,1308.1099853515625,1290.989990234375,1308.0400390625,4096160000,0.9511847894367675,0.2876094341312746,1.0373129791809463,0.752042128462345,1.0515452318353036,0.9880488598189474,0.3609787786263373,0.30410330943080327,0.23693302770731972,-0.6747362219876492,0.0,1.0
2012-01-19,1308.0699462890625,1315.489990234375,1308.0699462890625,1314.5,4465890000,0.39981031824858976,0.6552932069478746,1.1882832944585824,0.8867549615195092,1.078653393451259,1.078682542152924,0.3987802864026192,0.32962695880334014,0.2794135984727943,-0.676148571787899,0.0,1.0
2012-01-20,1314.489990234375,1315.3800048828125,1309.1700439453125,1315.3800048828125,3912620000,0.018253756796532756,0.09256310554655078,1.2091383703623015,0.6773978443798718,0.984322673071529,0.9246255675108952,0.42384370544518035,0.355445960905089,0.28271552770415,-0.6684491979836185,0.0,1.0
2012-01-23,1315.2900390625,1322.280029296875,1309.8900146484375,1316.0,3770910000,0.0005472026307601366,-0.0643959311276701,1.2247551203783382,0.3581027457930939,0.8851630911169783,0.7842424464420066,0.4379326508444115,0.3791367208567282,0.25892260394955985,-0.7099493772203854,0.0,1.0
2012-01-24,1315.9599609375,1315.9599609375,1306.06005859375,1314.6500244140625,3693560000,-0.13326047050366369,-0.15257677578139353,1.1444075701983898,-0.010367198648309612,0.7426078392684,0.5853110977089273,0.43789205815024423,0.3980805828484159,0.20585412148100038,-0.683971328807594,0.0,1.0
2012-01-25,1314.4000244140625,1328.300048828125,1307.6500244140625,1326.06005859375,4410910000,0.7341136052338931,0.6025882792625967,1.4453461856451655,0.5047411213614731,1.0075010828761148,0.9389827072819721,0.46156948791618996,0.41833713431186226,0.22052948185453636,-0.6885261536964423,0.0,1.0
2012-01-26,1326.280029296875,1333.469970703125,1313.5999755859375,1318.4300537109375,4522070000,-0.5558288017583471,0.708482427702519,0.9923071556392723,-0.050814805606392496,0.6779502684966878,0.4600529383178904,0.45165058365579464,0.43240528068906536,0.1513455074783524,-0.586414644224518,0.0,1.0
2012-01-27,1318.25,1320.06005859375,1311.719970703125,1316.3299560546875,4007380000,-0.1839410914990458,0.19437955847484228,0.8701218985390209,-0.20187520622748314,0.5032805218232362,0.2817437946003226,0.43059902896754965,0.43912409840918354,0.0691828567778972,-0.568901999686417,0.0,1.0
2012-01-30,1316.1600341796875,1316.1600341796875,1300.489990234375,1313.010009765625,3659010000,-0.26699178020374253,-0.19256291265071332,0.6732974681828937,-0.381558875258733,0.3176322321602915,0.08157442652272227,0.39773953349897706,0.43741935275647137,-0.02498932238948734,-0.6107126485941333,0.0,1.0
2012-01-31,1313.530029296875,1321.4100341796875,1306.68994140625,1312.4100341796875,4235550000,-0.08241804929490208,0.4299849676879125,0.6365322378243087,-0.39169665163549794,0.2110131594314496,0.023246090757978403,0.36341874618882597,0.4286609112265806,-0.10384691300018557,-0.6093644604598997,0.0,1.0
2012-02-01,1312.449951171875,1330.52001953125,1312.449951171875,1324.0899658203125,4504360000,0.7538173891283918,0.6917868878051096,1.0404892779466217,0.40549280587025555,0.5047159233516,0.4733285566269792,0.36182299581402505,0.42131034282628654,-0.08810743616156384,-0.6737796358844437,0.0,1.0
2012-02-02,1324.239990234375,1329.18994140625,1321.5699462890625,1325.5400390625,4120920000,0.05629926584225724,0.3132502480774003,1.0872206829181863,0.4068293635160542,0.47318258227975596,0.43729989349002396,0.35799496452921187,0.41460511295815505,-0.08089280107370375,-0.7010217164091883,0.0,1.0
2012-02-03,1326.2099609375,1345.3399658203125,1326.2099609375,1344.9000244140625,4608550000,1.2637649998039655,0.7890807064696523,1.6254626353590027,1.30099585679512,0.9796593635438632,1.1303841285143539,0.40128954786416826,0.4185690389238951,0.03838423291797175,-0.43950271182869194,0.0,1.0
2012-02-06,1344.3199462890625,1344.3599853515625,1337.52001953125,1344.3299560546875,3379700000,-0.07946221348869878,-0.5304089982430878,1.5869807389011796,0.847798263672715,0.8546509242622979,0.9089984897440324,0.42667471740251117,0.42720958561368017,0.09066704308156358,-0.43434231555617425,0.0,1.0
2012-02-07,1344.3299560546875,1349.239990234375,1335.9200439453125,1347.050048828125,3742460000,0.13925960872331242,-0.096617518944691,1.6570041513460851,0.5693922035440337,0.8334068118228413,0.8547934374631274,0.44670899634715566,0.43843854342998756,0.11960447793863722,-0.4490177553299667,0.0,1.0
2012-02-08,1347.0400390625,1351.0,1341.949951171875,1349.9599609375,4096730000,0.1514886092771385,0.28820145238868367,1.7327639690593482,0.42025351289527585,0.831715331417544,0.8164653303506438,0.4628401771066315,0.45089728132985357,0.13335294343233917,-0.5085352765802177,0.0,1.0
2012-02-09,1349.969970703125,1354.3199462890625,1344.6300048828125,1351.949951171875,4209890000,0.09016886806239599,0.4041306503301125,1.7854746106709063,0.2059068039661919,0.7988652357370779,0.7471774648950323,0.4732215538966914,0.4631010092676852,0.13050203072814556,-0.6026894099281642,0.0,1.0
2012-02-10,1351.2099609375,1351.2099609375,1337.3499755859375,1342.6400146484375,3877580000,-0.6570373258460336,0.05428805379377501,1.0752442139129867,-0.3657506221383716,0.434673394236477,0.23805629020755448,0.4481727167440956,0.4674670507807314,0.04287972914573717,-0.49912683708996053,0.0,1.0
2012-02-13,1343.06005859375,1353.3499755859375,1343.06005859375,1351.77001953125,3618040000,0.566170096119126,-0.24047141133716032,1.366904403536772,0.12729455638694295,0.6191102054232969,0.5437717853955617,0.4459235730310123,0.4704752908150474,0.027700033989510202,-0.5077373517696068,0.0,1.0
2012-02-14,1351.300048828125,1351.300048828125,1340.8299560546875,1350.5,3889520000,-0.12554800888319093,0.06736911988958229,1.2735152458380867,0.0008844502579504476,0.4902723275061103,0.3874126406921413,0.43320940332328944,0.47014252926337274,-0.009651071003566799,-0.5027703985296778,0.0,1.0
2012-02-15,1350.52001953125,1355.8699951171875,1340.800048828125,1343.22998046875,4080340000,-0.5226990832160949,0.2711453738388885,0.7537910738406759,-0.3811828316603457,0.21050196316488007,0.016929094926527253,0.39608318477761933,0.46187722594113756,-0.0983338186492348,-0.486301348930358,0.0,1.0
2012-02-16,1342.6099853515625,1359.02001953125,1341.219970703125,1358.0400390625,4108880000,0.9438361395776803,0.30080123613840093,1.2543491208967974,0.49508489264001254,0.5994691019900059,0.5812201398524469,0.40045089135650186,0.4562060351117022,-0.06933264472321572,-0.3784236033985604,0.0,1.0
2012-02-17,1358.06005859375,1363.4000244140625,1357.239990234375,1361.22998046875,3717640000,0.16835528272030387,-0.12492857686910024,1.3490422164212168,0.4595869155783472,0.6257880365139621,0.5957412876744127,0.40559829593155156,0.4527781254663003,-0.04425362908156712,-0.6079688989426425,0.0,1.0
2012-02-21,1361.219970703125,1367.760009765625,1358.1099853515625,1362.2099609375,3795200000,0.022763852464269138,-0.037077627752517696,1.378939104683758,0.3876636399100424,0.5835365515392099,0.5204466625944477,0.4052728819639717,0.44996568511680807,-0.03737292049767083,-0.6121449816923316,0.0,1.0
2012-02-22,1362.1099853515625,1362.699951171875,1355.530029296875,1357.6600341796875,3633710000,-0.34009850566938254,-0.2220838465216305,1.0394770030628442,0.0037075345258826688,0.37675262217268335,0.23868117268699152,0.38558712787279165,0.4434743044020771,-0.07850205028363005,-0.5827046930604618,0.0,1.0
2012-02-23,1357.530029296875,1364.239990234375,1352.280029296875,1363.4599609375,3786450000,0.3402285205860306,-0.04689831502999958,1.2415870605653299,0.11558239350805868,0.4964124965257412,0.4091140226489254,0.3791742388569078,0.43689949965780384,-0.07943469865453887,-0.5675783871029859,0.0,1.0
2012-02-24,1363.4599609375,1368.9200439453125,1363.4599609375,1365.739990234375,3505360000,0.10787635492136785,-0.3750863014155283,1.3190196609900597,0.16261542101057008,0.4926379889032735,0.4140340003235598,0.3736370765847934,0.43044663692076196,-0.07807143419687883,-0.5672414868440396,0.0,1.0
2012-02-27,1365.199951171875,1371.93994140625,1354.9200439453125,1367.5899658203125,3648890000,0.07948404185549966,-0.20434671805467441,1.383182797461472,0.1992610256055628,0.4696233094814989,0.4011491114341598,0.3676766679003697,0.4240001364965568,-0.07800030600114218,-0.6813945362776348,0.0,1.0
2012-02-28,1367.56005859375,1373.0899658203125,1365.969970703125,1372.1800537109375,3579120000,0.2583912436429392,-0.2864878786972394,1.540371999030683,0.3642058489359372,0.5179359092032418,0.4976057245002318,0.36892296961459886,0.41911146026376284,-0.060584434312204234,-0.7242293139850183,0.0,1.0
2012-02-29,1372.199951171875,1378.0400390625,1363.81005859375,1365.6800537109375,4482370000,-0.4649437750172035,0.6709649200224289,0.9931260445134062,-0.15183790134705344,0.23801775028308597,0.14432788257295592,0.34556636133659147,0.410168180559902,-0.10591333226548304,-0.6670174667440518,0.0,1.0
2012-03-01,1365.9000244140625,1376.1700439453125,1365.9000244140625,1374.0899658203125,3919240000,0.5087918291219781,0.09975578233418154,1.3077950988440996,0.2474121760857251,0.416611901210988,0.429933224531681,0.3438491468069835,0.4026435713493993,-0.09005314507784841,-0.7220867652488718,0.0,1.0
2012-03-02,1374.0899658203125,1374.530029296875,1366.4200439453125,1369.6300048828125,3283490000,-0.331665979499725,-0.6532845749755286,0.953475536516672,-0.08527306013392964,0.21376825994876816,0.16756750214641242,0.3240182107598365,0.39235117511466805,-0.12099593306511595,-0.8608894355582403,0.0,1.0
2012-03-05,1369.5899658203125,1369.5899658203125,1359.1300048828125,1364.3299560546875,3429480000,-0.3874299860244361,-0.46819828470683295,0.5547057141845457,-0.3804757022837507,0.023635991956620594,-0.08689807334792482,0.28793126818049886,0.37634208305946,-0.18490638036914178,-0.8237859649404298,0.0,1.0
2012-03-06,1363.6300048828125,1363.6300048828125,1340.030029296875,1343.3599853515625,4191060000,-1.4152763206760168,0.3850576061301082,-0.674781099540011,-1.3515883021351354,-0.609749825074344,-0.9171320944688535,0.1967983592477609,0.3438996097915582,-0.36862522373646495,-0.4581214692750872,0.0,1.0
2012-03-07,1343.3900146484375,1354.8499755859375,1343.3900146484375,1352.6300048828125,3580380000,0.5751596089107686,-0.2849903152748406,-0.2263837999363876,-0.5949007967262528,-0.337512987243673,-0.43395152441388263,0.1460203336554563,0.3070051632312402,-0.41839656253758345,-0.3873045040599589,0.0,1.0
2012-03-08,1352.6500244140625,1368.719970703125,1352.6500244140625,1365.9100341796875,3543060000,0.8358921769734077,-0.329571664269987,0.31789786829460437,0.35875995397246235,0.0401955030128682,0.1326544176409061,0.1383705687101916,0.27584141255281913,-0.3543295999639459,-0.2920740901912998,0.0,1.0
2012-03-09,1365.969970703125,1374.760009765625,1365.969970703125,1370.8699951171875,3639470000,0.2829617336712954,-0.21534484419660332,0.4990720326644601,0.6600860391646017,0.16139506914661378,0.2850348728128762,0.14191486329927666,0.2516740541740054,-0.27611264117794415,-0.28149466871807116,0.0,1.0
2012-03-12,1370.780029296875,1373.0400390625,1366.68994140625,1371.0899658203125,3081870000,-0.02723769052546643,-0.922905323501706,0.5072777000162613,0.5870189501603318,0.12474201438094315,0.2281718702043139,0.14126637053061655,0.2322004453319783,-0.2236383375155748,-0.2826357409177857,0.0,1.0
2012-03-13,1371.9200439453125,1396.1300048828125,1371.9200439453125,1395.949951171875,4386470000,1.5789160291598228,0.5789483411592206,1.2815473429290252,1.4914184032197724,0.8071860041008383,1.1399782420340967,0.2045165782748521,0.23024924193316862,-0.027744624628627493,0.008532750678671975,0.0,1.0
2012-03-14,1395.949951171875,1399.4200439453125,1389.969970703125,1394.280029296875,4502280000,-0.14849384696981718,0.6898217278470568,1.1828632466634006,0.8516884715036741,0.6894740018819895,0.8752747096429488,0.2447803843568834,0.2373633876825179,0.07360247117988748,-0.023369938222616796,0.0,1.0
2012-03-15,1394.1700439453125,1402.6300048828125,1392.780029296875,1402.5999755859375,4271650000,0.4917355576825985,0.4660943894212751,1.4024084937140033,0.9083644545026046,0.8483595158811091,1.0388150008253259,0.29381150746131146,0.2536187903098223,0.17579818603644226,-0.024776090761092676,0.0,1.0
2012-03-16,1402.550048828125,1405.8800048828125,1401.469970703125,1404.1700439453125,5163950000,0.05846672427369757,1.2732149566871158,1.44288012373776,0.5860848364166594,0.8245762623215475,0.9153764789168131,0.33075060882926627,0.27458189083512774,0.22842842698012805,-0.05247059631642461,0.0,1.0
2012-03-19,1404.1700439453125,1414.0,1402.4300537109375,1409.75,3932570000,0.31358104238585666,0.11420213300046092,1.5867079059923834,0.448913157965526,0.9172367716799787,0.9653195946182378,0.36872713261857,0.29953466933354345,0.27303148298796515,-0.09592026568260119,0.0,1.0
2012-03-20,1409.5899658203125,1409.5899658203125,1397.6800537109375,1405.52001953125,3695280000,-0.30974800322461055,-0.15059593503835536,1.2982373577754842,0.06747557452393377,0.7244070207760526,0.6309881422672197,0.38033876697535535,0.3219986970370397,0.24520821207650279,-0.4670154779167649,0.0,1.0
2012-03-21,1405.52001953125,1407.75,1400.6400146484375,1402.8900146484375,3573590000,-0.2088157023298218,-0.29306675874959504,1.118931981058962,-0.20204697865796664,0.5770076646132557,0.41076114452880075,0.3755238481088633,0.3389325124691305,0.18338257869476185,-0.4293824060109891,0.0,1.0
2012-03-22,1402.8900146484375,1402.8900146484375,1388.72998046875,1392.780029296875,3740590000,-0.6856584692283682,-0.09874399421414021,0.47467943542409713,-0.7071008907173254,0.231206828575735,-0.06148435841364062,0.3375012663294482,0.34428734323215127,0.05393401036688077,-0.36359713878128574,0.0,1.0
2012-03-23,1392.780029296875,1399.1800537109375,1386.8699951171875,1397.1099853515625,3472950000,0.2362733449545507,-0.41460742318610233,0.63866812397765,-0.35150634291848704,0.31296892897003875,0.09262861733359341,0.31326231169344787,0.343348761653565,-0.016423904493671114,-0.36543600023504674,0.0,1.0
2012-03-26,1397.1099853515625,1416.5799560546875,1397.1099853515625,1416.510009765625,3576950000,1.1994573079277824,-0.28906825196975233,1.2540498459619476,0.7673903826841735,0.8159642228170211,0.7980773554072804,0.3411843634837236,0.3486138906920628,0.05293117979512465,-0.22502341610421503,0.0,1.0
2012-03-27,1416.550048828125,1419.1500244140625,1411.949951171875,1412.52001953125,3513640000,-0.2933261007083174,-0.36504817493179836,1.0114544770156542,0.43281136002138487,0.6362842447858886,0.500379517821877,0.3458867274092941,0.35383914993272986,0.052485450882251636,-0.5052831473695277,0.0,1.0
2012-03-28,1412.52001953125,1413.6500244140625,1397.199951171875,1405.5400390625,3892800000,-0.48322273329743654,0.07095554818875285,0.602513297820959,-0.03221332326784638,0.36924924262946357,0.13565668993962626,0.32419180708929957,0.3533450404808563,-0.01145487809722833,-0.4626641217864525,0.0,1.0
2012-03-29,1405.3900146484375,1405.3900146484375,1391.56005859375,1403.280029296875,3832000000,-0.1852863777823546,0.003979013883563597,0.47282983494274394,-0.30173528283272266,0.25858932023881487,0.007333299671094271,0.2949305810738088,0.3466452245028065,-0.08083227587739374,-0.49925111623678353,0.0,1.0
2012-03-30,1403.31005859375,1410.8900146484375,1401.4200439453125,1408.469970703125,3676890000,0.28896642985850945,-0.1718227413203808,0.6648105043678063,-0.12131817733221201,0.3540082038715402,0.18242169379279688,0.280385657069037,0.3381515697854746,-0.10088669889009888,-0.48317949223848883,0.0,1.0
2012-04-02,1408.469970703125,1422.3800048828125,1404.4599609375,1419.0400390625,3572010000,0.6291438243879472,-0.2949483087356158,1.0201871603514239,0.49946395644353353,0.584124543500905,0.5341933591382592,0.29220423409274615,0.33390303810911476,-0.0534278658632771,-0.43296149627458863,0.0,1.0
2012-04-03,1418.97998046875,1419.0,1404.6199951171875,1413.3800048828125,3822090000,-0.39806035732220757,-0.007038350172897638,0.6734470083116587,0.1397107664053035,0.3126655291618023,0.21535745187356736,0.2802950402267892,0.32793829666094393,-0.07261442705673642,-0.4222558869554413,0.0,1.0
2012-04-04,1413.0899658203125,1413.0899658203125,1394.0899658203125,1398.9599609375,3938290000,-0.9534223673685389,0.12038615869581618,-0.09915399049991432,-0.6690212000485104,-0.17982209365627994,-0.3865174899442688,0.2260489491358022,0.31147881746393136,-0.18994153434560532,-0.29543801819216003,0.0,1.0
2012-04-05,1398.7900390625,1401.5999755859375,1392.9200439453125,1398.0799560546875,3303740000,-0.0977989688740036,-0.6271255871420272,-0.14254567501528093,-0.6595771532633027,-0.25282818424204334,-0.3818915075276007,0.17616542393790394,0.28756349230078676,-0.2732950073463193,-0.3579819347812177,0.0,1.0
2012-04-09,1397.449951171875,1397.449951171875,1378.239990234375,1382.199951171875,3468980000,-1.0567313793450743,-0.4194738219353633,-0.8542023840849177,-1.320679429354951,-0.735221376953663,-0.9498700686520237,0.08937372364125415,0.24973137521447122,-0.4288793562041006,-0.23070388297655958,0.0,1.0
2012-04-10,1382.1800537109375,1383.010009765625,1357.3800048828125,1358.5899658203125,4631730000,-1.5682220133849714,0.8104272016185508,-1.6382323054226853,-2.0520834179052025,-1.4100018424500003,-1.7317772029309881,-0.04641986286285909,0.19020803784835255,-0.6713788059188702,-0.3002648236286603,0.0,1.0
2012-04-11,1358.97998046875,1374.7099609375,1358.97998046875,1368.7099609375,3743040000,0.6241612012200717,-0.09595818634765745,-1.1807312059422885,-0.865395451475116,-1.073932787482849,-1.1019335489487594,-0.12709943532906645,0.1252064101470899,-0.7326239721434333,-0.1664215344698642,0.0,1.0
2012-04-12,1368.77001953125,1388.1300048828125,1368.77001953125,1387.5699462890625,3618280000,1.189944579405701,-0.2401891893496691,-0.4557499201808647,0.4661767922112468,-0.5101504612686428,-0.22982290716930673,-0.13985118589198053,0.0704576573583412,-0.6180007977803932,0.06769932098600843,0.0,1.0
2012-04-13,1387.6099853515625,1387.6099853515625,1369.8499755859375,1370.260009765625,3631160000,-1.1565234104981548,-0.22507067111609644,-1.0020802587058033,-0.2752975596400545,-0.9721743788591372,-0.8818323617374535,-0.1978481444865756,0.014162819397848697,-0.6352854317716454,0.1641490245530009,0.0,1.0
2012-04-16,1370.27001953125,1379.6600341796875,1365.3800048828125,1369.5699462890625,3574780000,-0.08658769125638324,-0.29165019113202895,-1.0225687421983085,-0.1592210603694453,-0.9425483200656603,-0.7951991070621723,-0.24532180874351917,-0.041101571989700596,-0.6237654377982375,0.1354192646093944,0.0,1.0
2012-04-17,1369.5699462890625,1392.760009765625,1369.5699462890625,1390.780029296875,3456200000,1.342532093554625,-0.43517736495256876,-0.28705101238427533,0.7737736682905684,-0.2900115555998464,0.1232541443912272,-0.22430318188908882,-0.08078448024188185,-0.4495704853093312,0.3098668992884179,0.0,1.0
2012-04-18,1390.780029296875,1390.780029296875,1383.2900390625,1385.1400146484375,3463140000,-0.4040174041647864,-0.4266425853117211,-0.4749037696457105,0.2095843656973991,-0.4263963301596106,-0.13418332231362118,-0.22306365570832143,-0.11226374257142002,-0.3578568981420804,0.3100731920180155,0.0,1.0
2012-04-19,1385.0799560546875,1390.4599609375,1370.300048828125,1376.9200439453125,4180020000,-0.5719614091611851,0.3738352201760919,-0.7409687318565632,-0.17413016885355545,-0.6309737342386362,-0.4516655944685246,-0.24436845521519762,-0.14203741512017917,-0.33878906433914974,0.2691643003906948,0.0,1.0
2012-04-20,1376.9599609375,1387.4000244140625,1376.9599609375,1378.530029296875,3833320000,0.06292356605164612,0.005444362685208099,-0.6823227792578677,-0.1767814802508831,-0.5626150123356922,-0.3414732371175673,-0.25629391493722536,-0.16842577385462,-0.300942565779159,0.2738828554141105,0.0,1.0
2012-04-23,1378.530029296875,1378.530029296875,1358.7900390625,1366.93994140625,3654860000,-0.7929995631756215,-0.19739125743067412,-1.0560479101669062,-0.8741615408307054,-0.861146846869733,-0.7583584026704182,-0.29672244556391064,-0.19824706032424502,-0.33932136955111125,0.23423113850677127,0.0,1.0
2012-04-24,1366.969970703125,1375.5699462890625,1366.8199462890625,1371.969970703125,3617100000,0.28729847501086614,-0.24157696107190826,-0.8574320903853503,-0.32069963406244395,-0.6473422089673472,-0.4688720550057368,-0.313710167253208,-0.22576420866466962,-0.3135619968099573,0.00011122783644244298,0.0,1.0
2012-04-25,1372.1099853515625,1391.3699951171875,1372.1099853515625,1390.68994140625,3998430000,1.1778973104589272,0.18486660647981978,-0.1971336883439471,0.7915491505738297,-0.060524369135062886,0.30552854078045993,-0.27481600009132384,-0.23939791680770445,-0.158350507341579,0.10091995235833295,0.0,1.0
2012-04-26,1390.6400146484375,1402.0899658203125,1387.280029296875,1399.97998046875,4034700000,0.5554564624174736,0.22328711240193233,0.08688227173069092,1.083092468199043,0.2231434073654931,0.5946040413697571,-0.21829185835485787,-0.23812637591406777,0.008284409580081462,-0.011638725634244621,0.0,1.0
2012-04-27,1400.18994140625,1406.6400146484375,1397.31005859375,1403.3599853515625,3645830000,0.17419977465370146,-0.20791624112449072,0.18790953226512347,0.9794931701096212,0.323224660821148,0.610558251787686,-0.1647117789658898,-0.22556495387195877,0.13450091241090065,-0.20976597959158605,0.0,1.0
2012-04-30,1403.260009765625,1403.260009765625,1394.0,1397.9100341796875,3574010000,-0.38866406977068235,-0.2925667398516768,-0.033030626572746885,0.24783999660657136,0.17744201517832445,0.28523454599214726,-0.13812207606772076,-0.20978688548805594,0.17046177389080203,-0.17791554023868536,0.0,1.0
2012-05-01,1397.8599853515625,1415.3199462890625,1395.72998046875,1405.8199462890625,3807950000,0.46413545747447593,-0.022807942266442536,0.2203534299651759,0.31711619797506946,0.43190887802952044,0.5227324167618028,-0.0965586001404442,-0.1882092996823452,0.23529813465143315,-0.37936265478588804,0.0,1.0
2012-05-02,1405.5,1405.5,1393.9200439453125,1402.31005859375,3803860000,-0.26471814135451704,-0.027380221848138955,0.06932435505808955,-0.045398978791907206,0.3443936083944183,0.2859649644657486,-0.07487107977876198,-0.1662745085642764,0.2392915518296581,-0.3968926670056517,0.0,1.0
2012-05-03,1402.3199462890625,1403.0699462890625,1388.7099609375,1391.5699462890625,4004910000,-0.7260851221488677,0.1917563205953563,-0.37127971803086557,-0.6079035342409709,0.03662139727111782,-0.19060382289140698,-0.08871485635036754,-0.15170941066328555,0.1569012332281682,-0.3624760095678726,0.0,1.0
2012-05-04,1391.510009765625,1391.510009765625,1367.9599609375,1369.0999755859375,3975140000,-1.4847244736203906,0.16001151990561333,-1.1268328794845877,-1.5852322035350157,-0.5879442405507807,-1.0455753348637842,-0.16221798114593858,-0.15589407611849346,-0.05271386622264125,-0.07370391727538447,0.0,1.0
2012-05-07,1368.7900390625,1373.9100341796875,1363.93994140625,1369.5799560546875,3559390000,-0.010245813541500974,-0.31000683183116773,-1.107463917591095,-1.206280700765363,-0.5551030705246961,-0.8891495111794008,-0.21905649323691756,-0.17148804910300663,-0.1802655097813601,-0.13982502187582174,0.0,1.0
2012-05-08,1369.1600341796875,1369.1600341796875,1347.75,1363.719970703125,4261670000,-0.42398225289077407,0.45614239611766605,-1.2893477537451707,-1.0518050476640046,-0.7368707001250953,-1.0012769753531963,-0.2794756491000564,-0.19698094195143737,-0.29093160365740206,-0.13779532893178925,0.0,1.0
2012-05-09,1363.199951171875,1363.72998046875,1343.1300048828125,1354.5799560546875,4288540000,-0.6405892199957718,0.4828841373790449,-1.558853919428635,-1.0328560167334935,-0.9880166843823333,-1.224518797794597,-0.3509539838520549,-0.2327757453406912,-0.40610297737151735,-0.3673625752480878,0.0,1.0
2012-05-10,1354.5799560546875,1365.8800048828125,1354.5799560546875,1357.989990234375,3727990000,0.18341310910472355,-0.11309988969120412,-1.3991581973110028,-0.3915674926305466,-0.8433215502389027,-0.9271831531772874,-0.3960670568243495,-0.27113150376448447,-0.4347334637438455,-0.4468351602540842,0.0,1.0
2012-05-11,1358.1099853515625,1365.6600341796875,1348.8900146484375,1353.3900146484375,3869070000,-0.3443200568817752,0.0449401729474731,-1.5413760015521711,-0.4855366459277187,-0.9556608081245437,-0.9862933248236224,-0.44184722656711056,-0.3116797567124978,-0.45924470417973057,-0.49187411042055357,0.0,1.0
2012-05-14,1351.9300537109375,1351.9300537109375,1336.6099853515625,1338.3499755859375,3688120000,-1.034783339894676,-0.15884783831930552,-1.9624225849238355,-1.0523779481850064,-1.3586185262930426,-1.445569274703124,-0.5160911628790793,-0.36011471568247394,-0.5474150258913638,-0.42259727408304804,0.0,1.0
2012-05-15,1338.3599853515625,1344.93994140625,1328.4100341796875,1330.6600341796875,4114040000,-0.5551090313055411,0.30614098782254795,-2.1525407786907897,-1.1267770800511334,-1.5012519553824517,-1.5503094015011227,-0.591751059624074,-0.41516411769134975,-0.6213619397308009,-0.5799707791224662,0.0,1.0
2012-05-16,1330.780029296875,1341.780029296875,1324.7900390625,1324.800048828125,4280420000,-0.435167013838724,0.47482060356426553,-2.291313378669552,-1.1252356088691582,-1.5893680907464542,-1.568586582177945,-0.6626690830493375,-0.47448340555614255,-0.6690976114471989,-0.5926123743231831,0.0,1.0
2012-05-17,1324.8199462890625,1326.3599853515625,1304.8599853515625,1304.8599853515625,4664280000,-1.3867851424668272,0.8402228989095312,-2.6998977559949267,-1.7424174648000827,-2.083860154399531,-2.1447779114498733,-0.7674504040675272,-0.5445146778695384,-0.7888534527798365,-0.4763094562157932,0.0,1.0
2012-05-18,1305.050048828125,1312.239990234375,1291.97998046875,1295.219970703125,4512470000,-0.7018562564739366,0.6994404648331505,-2.866391931512221,-1.625672434438344,-2.2546703884410944,-2.2301706828123167,-0.8694876088208631,-0.6225242993924416,-0.8780483098685934,-0.6298357970482068,0.0,1.0
2012-05-21,1295.72998046875,1316.3900146484375,1295.72998046875,1315.989990234375,3786750000,1.3916189187425414,-0.04656123020904079,-1.8582450566012936,0.03909195447997476,-1.554711572016471,-1.0838045929602869,-0.8853049424081916,-0.6883399477684699,-0.7417244083171821,-0.1231331189955058,0.0,1.0
2012-05-22,1316.0899658203125,1328.489990234375,1310.0400390625,1316.6300048828125,4123680000,0.0018872855095305226,0.31609888353745524,-1.8298543090777515,0.26781202743405463,-1.4544897663034615,-0.9144864154090218,-0.8882714243958014,-0.7416316150127666,-0.6017111451855159,-0.10589294319600946,0.0,1.0
2012-05-23,1316.02001953125,1320.7099609375,1296.530029296875,1318.8599853515625,4108330000,0.10979481067473627,0.30023168113424004,-1.7257414832671687,0.49494928459862286,-1.2813575858924857,-0.7067280145455508,-0.8768010334963429,-0.7817935757585479,-0.4549261068273435,-0.09677417821363729,0.0,1.0
2012-05-24,1318.719970703125,1324.1400146484375,1310.5,1320.6800537109375,3937670000,0.0817606190048458,0.11971629636476665,-1.637262982614284,0.40460916111565803,-1.1086741641472146,-0.5467672560881929,-0.8552679654793504,-0.8092836996806131,-0.3132598742692952,-0.10718283467610792,0.0,1.0
2012-05-25,1320.81005859375,1324.199951171875,1314.22998046875,1317.8199462890625,2872660000,-0.23513065546038275,-1.2220016773217262,-1.7216392057642995,-0.0839380914361408,-1.06844132265779,-0.5992843022785134,-0.8388560232181401,-0.8277397352130761,-0.21226226164567585,-0.10739634067222739,0.0,1.0
2012-05-29,1318.9000244140625,1334.9300537109375,1318.9000244140625,1332.4200439453125,3441640000,0.9485972690164594,-0.4531390166853479,-1.0188905450306054,0.6606956123029073,-0.5239029787220155,0.058264903312396255,-0.7790415009538528,-0.8296171215633803,-0.026919378588463768,-0.043055291649455006,0.0,1.0
2012-05-30,1331.25,1331.25,1310.760009765625,1313.3199462890625,3534290000,-1.3227499041871713,-0.34011617686580486,-1.5985723813651462,-0.5529960043332443,-0.9694383104350014,-0.7400864885419343,-0.7777808517649746,-0.8308474152769134,-0.019685133289800975,0.09867737732343176,0.0,1.0
2012-05-31,1313.0899658203125,1319.739990234375,1298.9000244140625,1310.3299560546875,4557620000,-0.24505417035964994,0.7417996027881556,-1.6798152435813776,-0.6382712898741486,-0.9226600904843063,-0.7689075054365422,-0.7784890032496186,-0.8319842262592779,-0.018640032526738654,0.09073462139264885,0.0,1.0
2012-06-01,1309.8699951171875,1309.8699951171875,1277.25,1278.0400390625,4669350000,-2.2439928561269347,0.8448451633629492,-2.398349834510157,-2.2187814311489684,-1.7490735062607026,-1.9830704465539348,-0.8606122034284714,-0.8505876721767864,-0.21391025271278227,0.366909906852845,0.0,1.0
2012-06-04,1278.2900390625,1282.550048828125,1266.739990234375,1278.1800537109375,4011960000,-0.031787420782956745,0.1992394241554437,-2.3917858911930483,-1.6932005334135882,-1.6090774173278841,-1.7005601610309642,-0.9171722786961071,-0.8776566784404025,-0.30855194179146345,0.3450286375615892,0.0,1.0
2012-06-05,1277.8199462890625,1287.6199951171875,1274.1600341796875,1285.5,3403230000,0.47025459693236027,-0.5008898581634182,-2.0428225065845345,-0.5816582127198142,-1.2548763049448877,-1.1652734203078712,-0.9334850036382523,-0.9028265700161952,-0.2873205744086291,0.14161980298616694,0.0,1.0
2012-06-06,1285.6099853515625,1315.1300048828125,1285.6099853515625,1315.1300048828125,4268360000,2.018445640771021,0.4628161934816413,-0.8820032804404163,1.3861433973419828,-0.2568581090953255,0.20200225542795985,-0.8572549233622327,-0.9065381985581471,-0.04742549656525658,0.5676542544852614,0.0,1.0
2012-06-07,1316.1500244140625,1329.050048828125,1312.6800537109375,1314.989990234375,4258140000,-0.051093942811389764,0.4526167218300918,-0.8859764023600809,1.3130741521507772,-0.1995339781803472,0.14374382262661783,-0.7905507437440114,-0.8951356361908737,0.12154530964539209,0.5654924257133342,0.0,1.0
2012-06-08,1314.989990234375,1325.81005859375,1307.77001953125,1325.6600341796875,3497190000,0.683619054812978,-0.38501433877874547,-0.5237790893408597,1.3793844657683245,0.1847230830476418,0.5338827103173169,-0.7025984939810708,-0.8670636811346227,0.30790266999732746,0.6057126945493605,0.0,1.0
2012-06-11,1325.719970703125,1335.52001953125,1307.72998046875,1308.9300537109375,3537530000,-1.1694927623012559,-0.33621755413668697,-1.0164894541074567,-0.14613157393811496,-0.26920995324855307,-0.24994941929030862,-0.6737020937222794,-0.8383801928419115,0.31473937495956456,0.7012742307189356,0.0,1.0
2012-06-12,1309.4000244140625,1324.31005859375,1306.6199951171875,1324.1800537109375,3442920000,0.9996978869081782,-0.4515569268028148,-0.5229255027510958,0.3501287046618754,0.23100268593980694,0.3868934955769668,-0.6042165633517782,-0.8004622762361913,0.41797671040906914,0.709573644766558,0.0,1.0
2012-06-13,1324.02001953125,1327.280029296875,1310.510009765625,1314.8800048828125,3506510000,-0.6692769872587886,-0.3736907001442686,-0.7918197039779244,-0.26026309270891784,-0.035726665022146276,-0.07167092297943092,-0.5706532735103612,-0.762896505880382,0.4140398515914933,0.6140565691682123,0.0,1.0
2012-06-14,1314.8800048828125,1333.6800537109375,1314.1400146484375,1329.0999755859375,3687720000,0.9249734204333877,-0.1593093108688286,-0.35674735825583886,0.4906799138246303,0.4034752886181458,0.49449254723228564,-0.5014938703323487,-0.7179430299264693,0.4966315416432939,0.6701731816993003,0.0,1.0
2012-06-15,1329.18994140625,1343.3199462890625,1329.18994140625,1342.8399658203125,4401570000,0.8823564091592254,0.5935695310510638,0.01906184802770733,1.165962905343256,0.7734749392265466,0.9507680802452103,-0.4065424900854672,-0.6615223341518391,0.6248306222119183,0.1556943444686865,0.0,1.0
2012-06-18,1342.4200439453125,1348.219970703125,1334.4599609375,1344.780029296875,3259430000,0.08754448436585441,-0.6845758556515488,0.07057777535970212,0.8176529825075832,0.754896027363222,0.8587839917263217,-0.3246360166615896,-0.5987384756409928,0.6959683194955858,0.14622618211929692,0.0,1.0
2012-06-19,1344.8299560546875,1363.4599609375,1344.8299560546875,1357.97998046875,3815350000,0.8356922914127032,-0.014547824997498673,0.4107322907820737,1.2317151582441146,1.0998533812311442,1.2319032235815113,-0.22318540224895292,-0.5266531700036711,0.7999548993479638,0.16258112063954813,0.0,1.0
2012-06-20,1358.0400390625,1361.5699462890625,1346.449951171875,1355.68994140625,3695700000,-0.19229575277406002,-0.15011238142646324,0.3252039439174745,0.5486085545023136,0.96576450047882,0.9259462659352877,-0.14980903614111377,-0.45317549273165886,0.81552107547155,-0.12140483143256234,0.0,1.0
2012-06-21,1355.4300537109375,1358.27001953125,1324.4100341796875,1325.510009765625,4094470000,-2.0312008630660365,0.28585366758103564,-0.6482964769649393,-1.3553131320668759,0.014904698986153679,-0.44565380610342614,-0.1753007859589577,-0.3998857202709968,0.5898281110141804,0.36830001643174204,0.0,1.0
2012-06-22,1325.9200439453125,1337.8199462890625,1325.9200439453125,1335.02001953125,5271490000,0.5996465814563545,1.360909386593486,-0.3748610476837727,-0.6402126451151399,0.2885942493978885,-0.017500311772114866,-0.16975581970152048,-0.35605920193959373,0.4840325914788848,0.3589758574097352,0.0,1.0
2012-06-25,1334.9000244140625,1334.9000244140625,1309.27001953125,1313.719970703125,3501820000,-1.4675328362887559,-0.3793852019128104,-0.9438315326580456,-1.6237247454121677,-0.3682698013837749,-0.8904471547550491,-0.22395522345136631,-0.3326756142105445,0.2554885373555716,0.4298390256237957,0.0,1.0
2012-06-26,1314.0899658203125,1324.239990234375,1310.300048828125,1319.989990234375,3412940000,0.38497995634432264,-0.48876779680388477,-0.7565452317991896,-0.7258760600899743,-0.15365216710989846,-0.5235540121707435,-0.2491807521209373,-0.31940375424306433,0.14244333352583533,0.34986403205321853,0.0,1.0
2012-06-27,1320.7099609375,1334.4000244140625,1320.7099609375,1331.8499755859375,3286910000,0.7614410144260451,-0.6488553095813889,-0.41592959613164093,0.36284596209949704,0.18674908108558885,0.012071452616544298,-0.23617851495331726,-0.30598484661364267,0.14408726948898898,0.3600748177165962,0.0,1.0
2012-06-28,1331.52001953125,1331.52001953125,1313.2900390625,1329.0400390625,3969370000,-0.23014064202898712,0.15383126851064005,-0.49738066991291474,0.13203247995678555,0.06997183764397502,-0.12384718111279332,-0.233368641210315,-0.2946443142687435,0.12085183799660955,0.28994240736522475,0.0,1.0
2012-06-29,1330.1199951171875,1362.1700439453125,1330.1199951171875,1362.1600341796875,4590480000,2.185650490583861,0.7723654115404208,0.3360740178933181,1.9398852247983078,0.9659622731042091,1.1985081468966687,-0.140620215312927,-0.26558861474766315,0.31890055247253185,0.6284785295341568,0.0,1.0
2012-07-02,1362.3299560546875,1366.3499755859375,1355.699951171875,1365.510009765625,3301650000,0.17822050961924274,-0.6298180219951046,0.40849608337583093,1.4701591750024545,0.9308333802518755,1.1222607445903108,-0.05962630253777617,-0.2248933705836694,0.44902615787543027,0.6289799157294519,0.0,1.0
2012-07-03,1365.75,1374.81005859375,1363.530029296875,1374.02001953125,2116390000,0.515411880581749,-2.521921096349313,0.5926753456470133,1.3102203932122451,1.0530312551799212,1.2617986680866535,0.02530306638058705,-0.17403857014747628,0.562606065947662,0.5989271837795923,0.0,1.0
2012-07-05,1373.719970703125,1373.8499755859375,1363.02001953125,1367.5799560546875,3041520000,-0.46047821938947653,-0.9789785145916945,0.3696929924052353,0.43406493256739986,0.7719821402730563,0.7883626285904486,0.07158941647272657,-0.12338202362073432,0.5603896639506536,0.6153593853229091,0.0,1.0
2012-07-06,1367.0899658203125,1367.0899658203125,1348.030029296875,1354.6800537109375,2745140000,-0.8846153260605634,-1.4151913941180618,-0.054981571049377856,-0.716470730099843,0.31359511871984014,0.13502286519379117,0.06946090995110522,-0.08331538747925696,0.44199856341185567,0.30739480379394335,0.0,1.0
2012-07-09,1354.6600341796875,1354.8699951171875,1346.6500244140625,1352.4599609375,2904860000,-0.18804822103137636,-1.174575701160008,-0.12633435227413783,-0.7352580202362538,0.20392119125609146,0.005144008881869464,0.058541237519454496,-0.05361479560904259,0.3261101994067747,0.29448690590218374,0.0,1.0
2012-07-10,1352.9599609375,1361.5400390625,1336.27001953125,1341.469970703125,3470600000,-0.7678278572806828,-0.4174873647751381,-0.47406795040953814,-1.1334421026310288,-0.18305127010496966,-0.4516495417665171,0.01694890265586399,-0.03881567106384779,0.15951756055811986,0.12264826415883773,0.0,1.0
2012-07-11,1341.4000244140625,1345.0,1333.25,1341.449951171875,3426290000,-0.042912536360098195,-0.4721577071724526,-0.4747007189073511,-0.7207369225372701,-0.21008790435455654,-0.40440332786584765,-0.018293219909801203,-0.03456952432761436,0.04153935193201998,0.11877247365761341,0.0,1.0
2012-07-12,1341.2900390625,1341.2900390625,1325.4100341796875,1334.760009765625,3654440000,-0.4872971497432256,-0.19788021465976718,-0.691334338898098,-0.7320446863357828,-0.4451291172870652,-0.6290453019282296,-0.06634274356716233,-0.04152520074789595,-0.08369269662111516,0.09410324445916828,0.0,1.0
2012-07-13,1334.81005859375,1357.699951171875,1334.81005859375,1356.780029296875,3212930000,1.432861689030741,-0.7457115892293674,-0.005394913425099816,0.6642397665433879,0.18583244356616943,0.31911377810211283,-0.0456068000258987,-0.04262204305186159,-0.018193198167373574,0.2746139489857512,0.0,1.0
2012-07-16,1356.5,1357.260009765625,1348.510009765625,1353.6400146484375,2862720000,-0.24841895344550316,-1.2367492990460769,-0.1141362169147664,0.4459455565224679,0.07327008072570507,0.12422245834282915,-0.03980940653763142,-0.04225042938348011,-0.001776428588203604,-0.24491137611833722,0.0,1.0
2012-07-17,1353.6800537109375,1365.3599853515625,1345.0699462890625,1363.6700439453125,3566680000,0.6206556508883555,-0.30130170779739307,0.17456139747944122,0.8042901946934555,0.3504673433184304,0.4796940012536572,-0.009876482350791287,-0.03550388813279376,0.06949279512254565,-0.18830970814670933,0.0,1.0
2012-07-18,1363.5799560546875,1375.260009765625,1358.9599609375,1372.780029296875,3642630000,0.5554855408542473,-0.21165228182998377,0.4201083261292829,0.982572306517418,0.6055638522337995,0.7422873980362668,0.036116606972314565,-0.02019713396423273,0.1651926633295322,-0.18213263976817815,0.0,1.0
2012-07-19,1373.010009765625,1380.3900146484375,1371.2099609375,1376.510009765625,4043360000,0.2012601867084557,0.2324094964448598,0.5185928309814797,0.6817324647176971,0.6869512394844431,0.7515320821135579,0.07950076112841076,0.0013956778681389929,0.23546835573807548,-0.20242973429985422,0.0,1.0
2012-07-20,1376.510009765625,1376.510009765625,1362.18994140625,1362.6600341796875,3925020000,-0.9408327031379963,0.10602586555045306,-0.024727115987645334,-0.27553997460079077,0.20755625899018612,0.07021339280114298,0.07241810475749587,0.017143921269510597,0.17012834212632352,-0.18853974941479998,0.0,1.0
2012-07-23,1362.3399658203125,1362.3399658203125,1337.56005859375,1350.52001953125,3717180000,-0.8378195254108448,-0.12545506034069204,-0.4468489153639649,-1.0091308034560862,-0.1856380481049877,-0.43893122327174794,0.030538517893589415,0.020719276659585416,0.03404016423217666,-0.10644358704179052,0.0,1.0
2012-07-24,1350.52001953125,1351.530029296875,1329.239990234375,1338.31005859375,3891290000,-0.8496059306607218,0.06930485457172259,-0.8291922220923463,-1.4689630158341822,-0.5941856448045497,-0.874208031767497,-0.03831705619672917,0.008744163327659607,-0.13980805911573163,-0.09127611027541982,0.0,1.0
2012-07-25,1338.3499755859375,1343.97998046875,1331.5,1337.8900146484375,3719170000,-0.06962990424879643,-0.12317791561998441,-0.842110492104198,-1.0547446875417466,-0.6338522858761048,-0.7786855865071083,-0.09538004455369693,-0.013130532883095321,-0.25048156524194376,-0.09130703237368713,0.0,1.0
2012-07-26,1338.1700439453125,1363.1300048828125,1338.1700439453125,1360.02001953125,4429300000,1.4367595128402229,0.6202900675257157,-0.11189598743643374,0.5808740702950451,-0.004487272067504322,0.19299632893939528,-0.08107516902394285,-0.027548207979093645,-0.16711495453430966,0.10213022011327604,0.0,1.0
2012-07-27,1360.050048828125,1389.18994140625,1360.050048828125,1385.969970703125,4399010000,1.6637337052791326,0.5910942412624259,0.5450269217922722,1.9452324741978106,0.6948754384521144,1.160414807667317,-0.000603970587212812,-0.02174428583697856,0.05895467821761555,0.16990983873510257,0.0,1.0
2012-07-30,1385.93994140625,1391.739990234375,1381.3699951171875,1385.300048828125,3212060000,-0.08477868344736512,-0.7468638324644257,0.5206714382529152,1.4478701593110899,0.6388631342174969,0.9310245387888325,0.058215928319002415,-0.004428004355606619,0.18765840113761606,0.15891263153080015,0.0,1.0
2012-07-31,1385.27001953125,1387.1600341796875,1379.1700439453125,1379.3199462890625,3821570000,-0.42739232474410926,-0.007617244576770832,0.2971235737323386,0.5384067219648252,0.4367092459857453,0.5310603458198406,0.08492506055802529,0.01517968343635484,0.21327543707303945,0.16332231491107138,0.0,1.0
2012-08-01,1379.3199462890625,1385.030029296875,1373.3499755859375,1375.3199462890625,4440920000,-0.30076245791217454,0.6314373588956415,0.14711457013222567,-0.19014601947315352,0.31374410177912826,0.2712865123453125,0.091570175624901,0.03229756851070579,0.18544040607291346,0.14469462081292606,0.0,1.0
2012-08-02,1375.1300048828125,1375.1300048828125,1354.6500244140625,1365.0,4193740000,-0.7122140621044929,0.3877774217817523,-0.22787577350081129,-0.9040408122635931,0.005558284134850344,-0.19459689705933103,0.0651897741113263,0.04030804121433684,0.08362305971174755,0.18010057569868795,0.0,1.0
2012-08-03,1365.449951171875,1394.1600341796875,1365.449951171875,1390.989990234375,3751170000,1.6601337353229422,-0.08672689994593087,0.47367454056251396,0.6719090539203599,0.7355296159983065,0.8262382285734335,0.11222736507966168,0.056850985466474574,0.1790127901432055,0.3512612750001763,0.0,1.0
2012-08-06,1391.0400390625,1399.6300048828125,1391.0400390625,1394.22998046875,3122050000,0.16659809069790335,-0.8677931950893839,0.5504426348870726,0.7625016559882734,0.7688807975646931,0.8014898474741058,0.15422663784492813,0.07913436733354617,0.2431886615228151,0.2501978191507357,0.0,1.0
2012-08-07,1394.4599609375,1407.1400146484375,1394.4599609375,1401.3499755859375,3682490000,0.41483424124009277,-0.16534767456119195,0.7193923713405762,0.9301964366943983,0.8910017288733331,0.9301303738356868,0.20237797267227495,0.10733560253942939,0.30934797204767056,0.11471129058150009,0.0,1.0
2012-08-08,1401.22998046875,1404.1400146484375,1396.1300048828125,1402.219970703125,3221790000,0.013907185307592586,-0.7339949863476626,0.7403934348581357,0.644332146682619,0.823551110323788,0.7969438288642782,0.2377611438785175,0.13752013348458375,0.3315204510133975,0.1075028888898791,0.0,1.0
2012-08-09,1402.260009765625,1405.949951171875,1398.800048828125,1402.800048828125,3119610000,-0.004605890597887279,-0.8711196918776429,0.7553071899154913,0.20640023861993387,0.7365847273141363,0.6735870975334974,0.26194713818503995,0.1668787937696795,0.32228753658920284,-0.022212705369366488,0.0,1.0
2012-08-10,1402.5799560546875,1405.97998046875,1395.6199951171875,1405.8699951171875,2767980000,0.15401173409980912,-1.3799381972360116,0.8377529600707437,0.2116380197493993,0.7533798686912738,0.665101292701011,0.28387293802181235,0.19508978339058225,0.3094570226332998,-0.3149936824212456,0.0,1.0
2012-08-13,1405.8699951171875,1405.8699951171875,1397.3199462890625,1404.1099853515625,2499990000,-0.15346652651765438,-1.8131973277034117,0.748035280381374,-0.02027129014981176,0.6238665777512161,0.47282238382354297,0.2906101179666655,0.21911014592672381,0.26260743331071906,-0.3108727988401471,0.0,1.0
2012-08-14,1404.3599853515625,1410.030029296875,1400.5999755859375,1403.9300537109375,2930900000,-0.05303174847571313,-1.1366054205082474,0.7383276475387154,-0.0634003494526811,0.5573692865165432,0.37118725473099706,0.2896783839632178,0.2381256875830879,0.2066554723969719,-0.34896435071031845,0.0,1.0
2012-08-15,1403.8900146484375,1407.72998046875,1401.8299560546875,1405.530029296875,2655750000,0.06027583830195126,-1.5560426208511002,0.7904951025141377,-0.005330481874864746,0.555398408940295,0.35342939041858185,0.28760143413354383,0.25289062806512475,0.15913539595889953,-0.37760139491349387,0.0,1.0
2012-08-16,1405.5699462890625,1417.43994140625,1404.1500244140625,1415.510009765625,3114100000,0.5930244856172893,-0.878641157680167,1.1016604779361603,0.4542398277178791,0.7930579465615174,0.657725997697946,0.3074973748512236,0.2689892950115939,0.1740459417706541,-0.4990204411870428,0.0,1.0
2012-08-17,1415.8399658203125,1418.7099609375,1414.6700439453125,1418.1600341796875,2922990000,0.1257419397344484,-1.148103612558044,1.179784416745123,0.4651680692725025,0.7874366639112756,0.634702612364226,0.324398094402523,0.2855096025363165,0.17875972028956413,-1.0246866747357402,0.0,1.0
2012-08-20,1417.8499755859375,1418.1300048828125,1412.1199951171875,1418.1300048828125,2766320000,-0.04347123770331229,-1.3824905621820254,1.177759636997382,0.28960123172178953,0.6842033760731837,0.5134444044956172,0.33145287928015515,0.3002458495194903,0.1588146137440259,-1.0142122740024224,0.0,1.0
2012-08-21,1418.1300048828125,1426.6800537109375,1410.8599853515625,1413.1700439453125,3282950000,-0.35416864427212763,-0.6539843543669198,0.8377378920615902,-0.12950974956939051,0.4250899879335214,0.22432149055922443,0.31727270657886475,0.30897963329853007,0.09170939766307615,-0.9884707759356596,0.0,1.0
2012-08-22,1413.0899658203125,1416.1199951171875,1406.780029296875,1413.489990234375,3062690000,-0.021344116826000258,-0.9494670678143712,0.8498324326882143,-0.20757868419729536,0.3216636615950719,0.1804232428733328,0.30101170712623293,0.3124631183622976,0.03301308953157214,-0.9874964559857629,0.0,1.0
2012-08-23,1413.489990234375,1413.489990234375,1400.5,1402.0799560546875,3008240000,-0.7630298998733099,-1.0257894069481313,0.10472704705041196,-0.7447126318823606,-0.07617759532083994,-0.3014568240404784,0.2513262066813653,0.3045448303758485,-0.09445432146626277,-0.806614172449794,0.0,1.0
2012-08-24,1401.989990234375,1413.4599609375,1398.0400390625,1411.1300048828125,2598790000,0.5353083943635024,-1.6482890700336106,0.48878446066448206,-0.1012753137913504,0.1525265831493293,0.06700505942172769,0.23180011417057966,0.29400317171544454,-0.12378259053668784,-0.734795615031918,0.0,1.0
2012-08-27,1411.1300048828125,1416.1700439453125,1409.1099853515625,1410.43994140625,2472500000,-0.0852841153084095,-1.8602411514042534,0.4449938064281801,-0.04901510537658385,0.09512729238290042,0.009219992557510843,0.20957116540770476,0.2807804679144158,-0.15375563782842136,-0.7385841684990181,0.0,1.0
2012-08-28,1410.43994140625,1413.6300048828125,1405.5899658203125,1409.300048828125,2629090000,-0.11380948927867555,-1.5989695037254836,0.3688154713217703,-0.07157881717405418,0.017523017448896294,-0.05667402265911714,0.18425154310869435,0.2647470215510163,-0.18517865211127574,-0.7362461591698446,0.0,1.0
2012-08-29,1409.3199462890625,1413.949951171875,1406.5699462890625,1410.489990234375,2571220000,0.03388438095379525,-1.6936672285156302,0.4253893110582209,0.038912232815629555,0.0006571363071553404,-0.02413265043597611,0.16315083959474508,0.2473739756328059,-0.2001548568009804,-0.7369461210291236,0.0,1.0
2012-08-30,1410.0799560546875,1410.0799560546875,1397.010009765625,1399.47998046875,2530280000,-0.739217214685022,-1.7619571539506245,-0.2985539494952866,-0.6088206390091236,-0.37176839366010384,-0.4591261347741236,0.11233520181104786,0.22252696715203396,-0.2837108663398965,-0.7387655202106495,0.0,1.0
2012-08-31,1400.0699462890625,1413.0899658203125,1398.9599609375,1406.5799560546875,2938250000,0.4118435588853459,-1.1259490398691436,0.06826103837089591,-0.11421924995972588,-0.18700269498101957,-0.14046713898891994,0.08819111776131988,0.1974473546858184,-0.2863112888953784,-0.6859804223640037,0.0,1.0
2012-09-04,1406.5400390625,1409.31005859375,1396.56005859375,1404.93994140625,3200310000,-0.14578554317172027,-0.7624563825182619,-0.036241152668496666,-0.14764639589072023,-0.2505261015922367,-0.20230831694649887,0.06139079517960214,0.1716093545318671,-0.29478976980028254,-0.6870995002752435,0.0,1.0
2012-09-05,1404.93994140625,1408.81005859375,1401.25,1403.43994140625,3389110000,-0.13700024772279826,-0.5185792651135901,-0.13499438309781153,-0.16800825866747923,-0.2973730485247294,-0.24935973343340123,0.033196513805787316,0.14486430640826517,-0.304930215135669,-0.7000963808432998,0.0,1.0
2012-09-06,1403.739990234375,1432.1199951171875,1403.739990234375,1432.1199951171875,3952870000,1.7848336558934224,0.13610840287135795,1.0719295244107523,1.3349635493524845,0.4957663820055255,0.8531666620944098,0.0865115097190555,0.13495534321462052,-0.11670930002803787,-0.16573653953328915,0.0,1.0
2012-09-07,1432.1199951171875,1437.9200439453125,1431.449951171875,1437.9200439453125,3717620000,0.3203849008212241,-0.12495146610018232,1.2465571021949002,1.2114703281958668,0.6127661222083655,0.9168991645839564,0.14070154246118927,0.13870378054898957,0.03597515339855347,-0.26954389016152047,0.0,1.0
2012-09-10,1437.9200439453125,1438.739990234375,1428.97998046875,1429.0799560546875,3223670000,-0.591036834170401,-0.7315129890070614,0.6919030742645673,0.39136205523544676,0.3210106642506662,0.4202404366856242,0.15504608006215906,0.1447931577497251,0.06214595532147752,-0.22017880380910704,0.0,1.0
2012-09-11,1429.1300048828125,1437.760009765625,1429.1300048828125,1433.56005859375,3509630000,0.23860577446291184,-0.369906677347792,0.8453977954279176,0.31371404620454313,0.40796687240576346,0.5018839860800962,0.1743241021850145,0.1538182393440532,0.0949659945257396,-0.22135904833110123,0.0,1.0
2012-09-12,1433.56005859375,1439.1500244140625,1432.989990234375,1436.56005859375,3641200000,0.14545418063155,-0.21332288618718526,0.9474872990042328,0.0921498617794186,0.44705855913833675,0.5149687949317089,0.19321248269169383,0.16510793354018855,0.12028348716430405,-0.22866799062468668,0.0,1.0
2012-09-13,1436.56005859375,1463.760009765625,1435.3399658203125,1459.989990234375,4606550000,1.416093729123543,0.7872338747803607,1.599607442319572,1.1702019529290686,1.0461915382388367,1.287699959337686,0.2672786128357151,0.1900977359710555,0.2734453962270492,-0.045067056014278434,0.0,1.0
2012-09-14,1460.0699462890625,1474.510009765625,1460.0699462890625,1465.77001953125,5041990000,0.3122498059358692,1.1715239734599792,1.728265732303997,1.178051803177685,1.1385979948539673,1.2785132870086375,0.33561205336122957,0.2248124783631101,0.3821664621088524,-0.1857650438502781,0.0,1.0
2012-09-17,1465.4200439453125,1465.6300048828125,1457.550048828125,1461.18994140625,3482430000,-0.32084585002349286,-0.4030093695760745,1.434500521671701,0.5133679799449786,0.9421179499443987,0.8870995578936778,0.37043050278358125,0.2600861419416561,0.388414984709689,-0.130305615483585,0.0,1.0
2012-09-18,1461.18994140625,1461.469970703125,1456.1300048828125,1459.3199462890625,3377390000,-0.15595781087753016,-0.533318038030031,1.3133729041853388,0.09208713490692397,0.8271402950860589,0.658166263464318,0.3859824965762427,0.29165585471458616,0.3470062478776374,-0.12914421828427808,0.0,1.0
2012-09-19,1459.5,1465.1500244140625,1457.8800048828125,1461.050048828125,3451360000,0.06437931976348198,-0.44113972412775815,1.3629600017529198,-0.09695225416981142,0.8063557952026541,0.5981460084692352,0.3960774316244509,0.31908664674647186,0.3007347154710056,-0.14691881221418115,0.0,1.0
2012-09-20,1461.050048828125,1461.22998046875,1449.97998046875,1460.260009765625,3382520000,-0.08990645917604788,-0.5268603969584134,1.3058888690480817,-0.1471696712542576,0.7147990521131503,0.4546834930430396,0.3949111702604813,0.34078000149848486,0.23659238667645568,-0.491120466926708,0.0,1.0
2012-09-21,1460.3399658203125,1467.0699462890625,1459.510009765625,1460.1500244140625,4833870000,-0.048310337502561564,0.9921743115583731,1.2974215450381839,-0.08684970820012401,0.6265330720170552,0.3587218437901747,0.3867893604999275,0.35638478663207207,0.16852453420099733,-0.49378933690186766,0.0,1.0
2012-09-24,1459.760009765625,1460.719970703125,1452.06005859375,1456.8900146484375,3008920000,-0.241120669582091,-1.0248277620706359,1.0387074232549145,-0.22984748602656593,0.46630055656826597,0.1619887045768792,0.364722667945406,0.36411419706021486,0.08048089222359837,-0.5619036790689802,0.0,1.0
2012-09-25,1456.93994140625,1463.239990234375,1441.5899658203125,1441.5899658203125,3739900000,-0.980174907097709,-0.09952889798055274,0.00264267921227525,-0.9322223611686228,-0.016896871025884122,-0.4473570508845517,0.29915712045921883,0.3561711861711003,-0.09473071395199655,-0.37670450845337144,0.0,1.0
2012-09-26,1441.5999755859375,1441.5999755859375,1430.530029296875,1433.3199462890625,3565380000,-0.5542955013529492,-0.3028527575786691,-0.45019710411137304,-1.0988187043708415,-0.2878821351564579,-0.7052360749211785,0.2194244811072109,0.3326378427748699,-0.2690245989929431,-0.33810608843014606,0.0,1.0
2012-09-27,1433.3599853515625,1450.199951171875,1433.3599853515625,1447.1500244140625,3150330000,0.8207923792811707,-0.8294271215985919,0.17768375697070288,-0.11256160337973614,0.05494639238376403,-0.10787070723956903,0.18975256522615125,0.30741815374103443,-0.2878772907213521,-0.5831022183543093,0.0,1.0
2012-09-28,1447.1300048828125,1447.1300048828125,1435.5999755859375,1440.6700439453125,3509230000,-0.4417748604694799,-0.37039162044255325,-0.16363034590032954,-0.26828372158704367,-0.1889277665044765,-0.35163675681976425,0.14426868956317476,0.277442594862014,-0.34104607539531884,-0.6108058746911903,0.0,1.0
2012-10-01,1440.9000244140625,1457.1400146484375,1440.9000244140625,1444.489990234375,3505080000,0.19539784115048045,-0.37542616929567146,0.004805869009012711,0.11142958756887648,-0.1340769444572681,-0.17781480066188124,0.11499562903507839,0.2471550695167206,-0.3445337397786402,-0.5888965138289565,0.0,1.0
2012-10-02,1444.989990234375,1451.52001953125,1439.010009765625,1445.75,3321790000,0.036381295675750096,-0.6039433671039448,0.06138993520997454,0.13712836938977271,-0.15631840852893203,-0.12519651243109428,0.09177777148945471,0.21792260530357338,-0.33273856455748735,-0.5833267000912126,0.0,1.0
2012-10-03,1446.050048828125,1454.300048828125,1441.989990234375,1450.989990234375,3531640000,0.2823503727885539,-0.3433075231541313,0.2962332628322908,0.23922055545108234,-0.07504172710248697,0.06609267495397232,0.08441926056192568,0.1929511931445682,-0.2851016513268588,-0.5592379123148092,0.0,1.0
2012-10-04,1451.0799560546875,1463.1400146484375,1451.0799560546875,1461.4000244140625,3615860000,0.5996315036021264,-0.2430357853887985,0.7149032252924263,0.6924020520242181,0.1786584511084971,0.41776315833326383,0.10366515109931349,0.17712072028439205,-0.18290948688205375,-0.4785023213778752,0.0,1.0
2012-10-05,1461.4000244140625,1470.9599609375,1456.8900146484375,1460.9300537109375,3172940000,-0.07032058052962183,-0.7990001972489839,0.683850560923346,0.4195927141166666,0.13245290538315566,0.31435205607538425,0.11387338021841405,0.1666557737811654,-0.12292497830178438,-0.478310465859378,0.0,1.0
2012-10-08,1460.9300537109375,1460.9300537109375,1453.0999755859375,1455.8800048828125,2328720000,-0.3505221183951865,-2.1151436635016334,0.3478435555035813,-0.0191333383622861,-0.04878756244323683,0.05890731346527967,0.10439778587052052,0.15624223589435782,-0.122350249861825,-0.468673108489238,0.0,1.0
2012-10-09,1455.9000244140625,1455.9000244140625,1441.1800537109375,1441.47998046875,3216320000,-0.9255748899711446,-0.7412247883872743,-0.4718384988408761,-0.8291459909862288,-0.4677311889155778,-0.5010756209591948,0.054117467582710764,0.1370781720330808,-0.22017774440345078,-0.48589288526560537,0.0,1.0
2012-10-10,1441.47998046875,1442.52001953125,1430.6400146484375,1432.56005859375,3225060000,-0.5946297190892184,-0.7296788257853491,-0.8905213369194244,-1.1448508680851537,-0.7146900310284993,-0.7746062295749196,-0.012618923828755214,0.10736811549520621,-0.3380778619524896,-0.47841647026041,0.0,1.0
2012-10-11,1432.8199462890625,1443.9000244140625,1432.8199462890625,1432.8399658203125,3672540000,-0.024115947287903648,-0.1768592897889842,-0.8751350501306726,-0.7884473096693997,-0.6687973266003917,-0.6671657158329474,-0.06640615793015159,0.07201124805833144,-0.40120702287507376,-0.6338873135757397,0.0,1.0
2012-10-12,1432.8399658203125,1438.4300537109375,1425.530029296875,1428.5899658203125,3134750000,-0.30667523370138566,-0.8505209253262855,-1.0746302931118221,-0.6575685088300302,-0.737301029563886,-0.7437286965046823,-0.12178500114251736,0.03179400898908689,-0.45554409709474775,-0.6482098941749462,0.0,1.0
2012-10-15,1428.75,1441.31005859375,1427.239990234375,1440.1300048828125,3483810000,0.6803800313259046,-0.401323678346461,-0.43979179643009114,0.231242375423392,-0.3800775539547192,-0.2237800984186142,-0.1347312311198831,-0.003169134795020212,-0.39680534478116136,-0.5459367047446726,0.0,1.0
2012-10-16,1440.31005859375,1455.510009765625,1440.31005859375,1454.9200439453125,3568770000,0.8762894885273802,-0.29880928164771225,0.21322070404734245,0.9625871581835058,0.046237937212331916,0.3358806662864299,-0.10542450131920426,-0.02482531730846158,-0.24803866665578092,-0.405844517677852,0.0,1.0
2012-10-17,1454.219970703125,1462.199951171875,1453.3499755859375,1460.9100341796875,3655320000,0.32638048383812757,-0.19685579731278952,0.4412726882323559,0.9777988255223947,0.21657968869302793,0.48313313943835506,-0.06733922002302574,-0.03394453270297249,-0.10788022521191458,-0.4018052279427501,0.0,1.0
2012-10-18,1460.93994140625,1464.02001953125,1452.6300048828125,1457.3399658203125,3880030000,-0.2599853632515272,0.05697547366565858,0.240128509340592,0.4657275592476133,0.11934973571577806,0.25546636965594344,-0.04887383631182298,-0.03726141360922724,-0.04301237073840321,-0.4561307230129077,0.0,1.0
2012-10-19,1457.3399658203125,1457.3399658203125,1429.8499755859375,1433.18994140625,3875170000,-1.5226277265933246,0.05164285299778357,-0.8684020423366469,-1.0387906001150509,-0.5287331508244026,-0.6955172211144202,-0.10209788825405401,-0.051382399147787534,-0.16379808008064703,-0.1736935704917757,0.0,1.0
2012-10-22,1433.2099609375,1435.4599609375,1422.06005859375,1433.8199462890625,3216220000,-0.0022913883827475976,-0.7413570746881156,-0.8394074304788982,-0.9260148306160775,-0.47827283935824333,-0.587094059918191,-0.14332435442606878,-0.07156170765342167,-0.23152778669736918,-0.17221254151895565,0.0,1.0
2012-10-23,1433.739990234375,1433.739990234375,1407.56005859375,1413.1099853515625,3587670000,-1.3324929660747054,-0.2763361732179757,-1.5552918915663063,-1.6767907379315075,-1.0279345349607367,-1.2868556374255482,-0.23286049505878875,-0.10699631958643221,-0.4020761762600882,-0.07680250180943485,0.0,1.0
2012-10-24,1413.199951171875,1420.0400390625,1407.0999755859375,1408.75,3385970000,-0.31733272950732533,-0.522523044559789,-1.6841414758397297,-1.3190740694267955,-1.1179460510291508,-1.275434223679736,-0.31465067919425965,-0.1529662557128039,-0.5198570242945146,-0.09396151511694997,0.0,1.0
2012-10-25,1409.739990234375,1421.1199951171875,1405.1400146484375,1412.969970703125,3512640000,0.22614581687740035,-0.36625925238291335,-1.4677717532611052,-0.5252364071714527,-0.9498507672755833,-0.945410853558163,-0.366048413266794,-0.20081619292987532,-0.5408747090571537,-0.07707799592483414,0.0,1.0
2012-10-26,1412.969970703125,1417.0899658203125,1403.280029296875,1411.93994140625,3284910000,-0.10673099400154919,-0.6514449634301892,-1.5022592617972137,-0.32887397270126567,-0.9390227078805939,-0.8611001318909657,-0.4073617841193169,-0.24799738697762244,-0.5333984191818137,-0.07967056526100115,0.0,1.0
2012-10-31,1410.989990234375,1418.760009765625,1405.949951171875,1412.1600341796875,3577110000,-0.02764711067919084,-0.28887794058366506,-1.489746308103144,-0.04928416629112897,-0.8873629684415545,-0.7426970617136492,-0.43689527572996456,-0.2921055320903909,-0.4990429211477658,-0.16949186684783907,0.0,1.0
2012-11-01,1412.199951171875,1428.3499755859375,1412.199951171875,1427.5899658203125,3929890000,0.9349674753808161,0.11130162725771063,-0.6857103838265399,0.7210938827836731,-0.4202083726892349,-0.07238748922792547,-0.41539625487883275,-0.3227599391974678,-0.348635335917319,-0.15254801902203177,0.0,1.0
2012-11-02,1427.5899658203125,1434.27001953125,1412.9100341796875,1414.199951171875,3732480000,-0.8798610322806,-0.10797862087134472,-1.1991659547770097,-0.1688762589397595,-0.7515522893920576,-0.5839507000839794,-0.43273153620753757,-0.35101846811532017,-0.32185034480220226,-0.1499896309334977,0.0,1.0
2012-11-05,1414.02001953125,1419.9000244140625,1408.1300048828125,1417.260009765625,2921040000,0.15181019363091686,-1.150942966665682,-1.049647675784644,-0.03365013288273238,-0.6012832058813679,-0.4009370422570933,-0.4354470411382912,-0.3742103650941552,-0.2652073601627904,-0.12345070273815105,0.0,1.0
2012-11-06,1417.260009765625,1433.3800048828125,1417.260009765625,1428.3900146484375,3306970000,0.6602942587825453,-0.6229678998809396,-0.5386633592314258,0.4463843521092318,-0.2352120580876378,0.05659020255624146,-0.4046762039871415,-0.386134098364092,-0.1392336499032523,-0.27033092997253716,0.0,1.0
2012-11-07,1428.27001953125,1428.27001953125,1388.1400146484375,1394.530029296875,4356490000,-2.1601968658127757,0.5497692200143801,-1.6369953939370574,-1.4146140350931604,-1.1220825022319714,-1.2453734599280415,-0.47067684300330226,-0.4098933676150762,-0.2715503626312914,0.18949452144705964,0.0,1.0
2012-11-08,1394.530029296875,1401.22998046875,1377.510009765625,1377.510009765625,3779520000,-1.1323781867128424,-0.054692417459379784,-2.02998001845095,-1.857233219347475,-1.523140492423116,-1.7218747288972627,-0.5658325203586451,-0.44940271521669906,-0.4476301443921463,0.1503729870015019,0.0,1.0
2012-11-09,1377.550048828125,1391.3900146484375,1373.030029296875,1379.8499755859375,3647350000,0.1102407182202637,-0.20614277037573614,-1.9258464150860337,-1.2937471431250083,-1.3817973976128142,-1.3944047442999672,-0.62996479505995,-0.4948279242453739,-0.5137671861142631,0.16271660187175563,0.0,1.0
2012-11-12,1379.8599853515625,1384.8699951171875,1377.18994140625,1380.030029296875,2567540000,-0.029916486267735475,-1.6997610106856167,-1.9173789075710488,-0.8239120565026294,-1.3023578038776444,-1.197527448072388,-0.6749487175899763,-0.540860180847219,-0.5205537430965598,0.14511164779572183,0.0,1.0
2012-11-13,1380.030029296875,1388.81005859375,1371.3900146484375,1374.530029296875,3455550000,-0.3977729765493419,-0.43597760946466224,-2.053382968638031,-0.49788487706181,-1.3857109826952094,-1.2471067138260559,-0.7199033058478951,-0.5873717552409105,-0.5259123305463173,0.14449306327215392,0.0,1.0
2012-11-14,1374.6400146484375,1380.1300048828125,1352.5,1355.489990234375,4109510000,-1.2795949400884419,0.30145354183535067,-2.4679825463735483,-1.211414768758526,-1.8204461014670246,-1.8104763905248678,-0.8012369189580453,-0.6421048900303393,-0.6178261945910911,0.2240393856296148,0.0,1.0
2012-11-15,1355.4100341796875,1360.6199951171875,1348.050048828125,1353.3299560546875,3928870000,-0.18400073516183751,0.1101971837260125,-2.510605526875107,-1.0454224013697593,-1.7411336941189075,-1.6424372132925857,-0.8641256537519088,-0.6994411997525809,-0.6469286830899114,0.028081526552486996,0.0,1.0
2012-11-16,1353.3599853515625,1362.030029296875,1343.3499755859375,1359.8800048828125,4045910000,0.3909884260863067,0.23509192541802612,-2.164231659831496,-0.376397553434483,-1.4066497880675466,-1.1619757868303853,-0.8881002273673968,-0.7504757310461203,-0.5764772386127371,0.08572264277227426,0.0,1.0
2012-11-19,1359.8800048828125,1386.8900146484375,1359.8800048828125,1386.8900146484375,3374800000,1.733578675330842,-0.536582055682018,-0.9870471294286676,1.255936884634943,-0.5122844152076287,0.037828059923944515,-0.8255331378454523,-0.7778228548325364,-0.311661188083974,0.4644038533214085,0.0,1.0
2012-11-20,1386.8199462890625,1389.77001953125,1377.0400390625,1387.81005859375,3207160000,0.017710950640388478,-0.7533593127960813,-0.952379818005087,1.1430683044598788,-0.4189583857168163,0.0461569595851067,-0.7670050367086005,-0.7870902798906227,-0.10953715190372068,0.3968581884335213,0.0,1.0
2012-11-21,1387.7900390625,1391.25,1386.3900146484375,1391.030029296875,2667090000,0.16578584428545015,-1.5379138788843385,-0.825954902840768,0.891046226027843,-0.2613124902390097,0.14172415482686324,-0.7060380644149206,-0.7813684747330769,0.05803664210376914,0.01602959754572909,0.0,1.0
2012-11-23,1391.030029296875,1409.1600341796875,1391.030029296875,1409.1500244140625,1504960000,1.1226391996192622,-3.972536612709316,-0.17977435204190464,1.319404557497022,0.27890651859740545,0.794162152581946,-0.6032330270838948,-0.7546409922294646,0.29287198707742457,-0.013411440785849748,0.0,1.0
2012-11-26,1409.1500244140625,1409.1500244140625,1397.6800537109375,1406.2900390625,2948960000,-0.22297123957446957,-1.11046879628464,-0.2860554813910746,0.55395789308628,0.19821935375638963,0.5395421344988887,-0.5260183252186835,-0.7166225781484407,0.41910023329734,0.002263046360995178,0.0,1.0
2012-11-27,1406.2900390625,1409.010009765625,1398.030029296875,1398.93994140625,3323120000,-0.5087014055996882,-0.6022401896029786,-0.5568906922636203,-0.053924873994239175,0.002205279136248889,0.15323039521676549,-0.48197439812154164,-0.6767182858579343,0.44018362197392896,0.042931172933555424,0.0,1.0
2012-11-28,1398.77001953125,1410.31005859375,1385.4300537109375,1409.9300537109375,3359250000,0.660548421478741,-0.5562315870178699,-0.1678907098872816,0.35295816164161437,0.32951774614929646,0.5281627758733372,-0.41441984222712336,-0.6302397675229736,0.5136809253766815,0.041685967153695144,0.0,1.0
2012-11-29,1409.9599609375,1419.699951171875,1409.0400390625,1415.949951171875,3356850000,0.3400176286196729,-0.5592724123460958,0.031808372723991674,0.41542726093964727,0.5014913158748996,0.6540304627859445,-0.34276546469242747,-0.5776185341401293,0.5823541028029141,-0.2554342978419735,0.0,1.0
2012-11-30,1415.949951171875,1418.8599853515625,1411.6300048828125,1416.1800537109375,3966000000,-0.0270547522296343,0.15021750179503704,0.03961763306463405,0.3423933931288244,0.5253968237513911,0.5396197485092228,-0.28450031182077135,-0.5229679274392721,0.605041711270115,-0.2760383696080268,0.0,1.0
2012-12-03,1416.3399658203125,1423.72998046875,1408.4599609375,1409.4599609375,3074280000,-0.46567996643165904,-0.9333966443874044,-0.2517949792810809,-0.11129859520490239,0.33410321033369494,0.17920526355420482,-0.2563376524406784,-0.47317960724988006,0.550683229443082,-0.1909402383661238,0.0,1.0
2012-12-04,1409.4599609375,1413.1400146484375,1403.6500244140625,1407.050048828125,3247710000,-0.1943920613853645,-0.699902084232254,-0.3554057574495592,-0.35960629060520605,0.27818550208769127,0.03863128610987159,-0.2403296316914647,-0.42989991510606973,0.4779192862857996,-0.5395631637441342,0.0,1.0
2012-12-05,1407.050048828125,1415.56005859375,1398.22998046875,1409.280029296875,4253920000,0.10006722196037991,0.4483980554867578,-0.26191149008571873,-0.2142528277599623,0.372637700374417,0.0960723698123412,-0.22137712944781937,-0.39119271700982733,0.42680057207534494,-0.5406054700738809,0.0,1.0
2012-12-06,1409.4300537109375,1413.949951171875,1405.9300537109375,1413.93994140625,3229700000,0.25394551505831203,-0.7235618702422782,-0.06557356627992758,0.09761982217878262,0.4812315982057827,0.23669597541049184,-0.19370893924428267,-0.3542656604217977,0.4068992788061064,-0.5370542807683146,0.0,1.0
2012-12-07,1413.949951171875,1420.3399658203125,1410.9000244140625,1418.0699462890625,3125160000,0.21947643297234662,-0.8635570415990462,0.10559170825275782,0.3287107426252821,0.5422871452967699,0.3351408160610826,-0.16097221566428466,-0.3176706673536566,0.40318693713954257,-0.7737295930566938,0.0,1.0
2012-12-10,1418.0699462890625,1421.6400146484375,1415.6400146484375,1418.550048828125,2999430000,-0.011320135104058689,-1.038268054498131,0.1260053444364971,0.24588120813434944,0.49846084892002795,0.2800308835133767,-0.13458824326927257,-0.2827100681728144,0.3849150458777958,-0.7893851212537583,0.0,1.0
2012-12-11,1418.550048828125,1434.27001953125,1418.550048828125,1427.8399658203125,3650230000,0.5437230906070957,-0.20278453591800283,0.5072981126518309,0.5597580304644078,0.7001794860285611,0.5659540488982187,-0.08946390609521318,-0.24501924616753992,0.41543788064610954,-0.8302588428594573,0.0,1.0
2012-12-12,1427.8399658203125,1438.5899658203125,1426.760009765625,1428.47998046875,3709050000,-0.0015176305410645058,-0.13477085036654513,0.5326036374729635,0.36228337292709745,0.6381421762469415,0.48071541899283954,-0.05375347835595488,-0.20717253615655662,0.4171806482319757,-0.9189610694775966,0.0,1.0
2012-12-13,1428.47998046875,1431.3599853515625,1416.0,1419.449951171875,3349960000,-0.6065517887649216,-0.5680142097909898,-0.012529873324101248,-0.25742710503012184,0.2783115599110506,0.04488307889684595,-0.052189090817090555,-0.17655811030583105,0.33632650971786243,-0.8263960876955492,0.0,1.0
2012-12-14,1419.449951171875,1419.449951171875,1411.8800048828125,1413.5799560546875,3210170000,-0.41117740212451637,-0.749368057364766,-0.3337149450793934,-0.5616755425678706,0.017866161220132352,-0.20452721710917782,-0.06877990165454474,-0.1556411716710767,0.22791235490525166,-0.788929304200629,0.0,1.0
2012-12-17,1413.5400390625,1430.6700439453125,1413.5400390625,1430.3599853515625,3455610000,1.0193471610432674,-0.43590373443458097,0.3877096990491184,0.31960878350030486,0.40371983098053993,0.4373311495832165,-0.03765486942676466,-0.13220152273299166,0.2561152799807517,-0.6125275247541168,0.0,1.0
2012-12-18,1430.469970703125,1448.0,1430.469970703125,1446.7900390625,4302240000,0.9850332846266225,0.49645432042280074,0.9262807981309074,1.0884138803266277,0.7932125126131327,0.9636652316238726,0.029545528031156603,-0.09897102490275482,0.36557318220850143,-0.502714154152282,0.0,1.0
2012-12-19,1446.7900390625,1447.75,1435.800048828125,1435.81005859375,3869800000,-0.719858387686155,0.04574285338351321,0.355353588084136,0.32997353664260026,0.4031596944167483,0.3814530218297498,0.049516101264708554,-0.06808383199902814,0.33937593982828723,-0.3723754884122787,0.0,1.0
2012-12-20,1435.81005859375,1443.699951171875,1432.8199462890625,1443.68994140625,3686580000,0.44891726858266745,-0.16062478230114494,0.6090934976419162,0.5124583624843249,0.5541480589446157,0.5951582120453405,0.08367345348646706,-0.03601464585995632,0.35259016684919214,-0.3594228254696258,0.0,1.0
2012-12-21,1443.6700439453125,1443.6700439453125,1422.5799560546875,1430.1500244140625,5229160000,-0.8797925237149288,1.3266064101017947,-0.026846753537440655,-0.5085079315155223,0.13115841335817527,-0.02382596899975562,0.07015958427238143,-0.013270951177836499,0.24833478068558942,-0.22535838022791313,0.0,1.0
2012-12-24,1430.1500244140625,1430.1500244140625,1424.6600341796875,1426.6600341796875,1248960000,-0.25967858566058555,-4.765844319206378,-0.17831284308436865,-0.6751859915185723,0.0004952273184115113,-0.17182345393699344,0.04684966276589444,-9.827517009220652e-05,0.14133449523337294,-0.21458766430561638,0.0,1.0
2012-12-26,1426.6600341796875,1429.4200439453125,1416.4300537109375,1419.8299560546875,2285030000,-0.4694547219854115,-2.1957257180430254,-0.46881029354812404,-0.7648288622182299,-0.22730700833308032,-0.4221223992159147,0.007024304856119789,0.00185922378232151,0.015953155258521843,-0.23556616870223232,0.0,1.0
2012-12-27,1419.8299560546875,1422.800048828125,1401.800048828125,1418.0999755859375,2830180000,-0.15047617070060107,-1.2853884618345093,-0.5419946778999698,-0.6561807548590178,-0.2891017697687768,-0.4433980212851539,-0.0313822126181139,-0.004849720172241797,-0.08093432312291385,-0.23642385234113542,0.0,1.0
2012-12-28,1418.0999755859375,1418.0999755859375,1401.5799560546875,1402.4300537109375,2426680000,-1.029159698374572,-1.9398280753977994,-1.1474632891321899,-1.1140084225854265,-0.7227710892387786,-0.9851132828423798,-0.10624398917755361,-0.026346349794092484,-0.24625492706381494,-0.15848079160257186,0.0,1.0
2012-12-31,1402.4300537109375,1426.739990234375,1398.1099853515625,1426.18994140625,3204330000,1.4725956307208699,-0.7571153065578996,-0.20573221415421503,0.3903328174280661,-0.050172411357954125,0.036768637603933015,-0.10131666574715556,-0.04248202843977115,-0.18632156947028036,0.09848668420109408,0.0,1.0
2013-01-02,1426.18994140625,1462.4300537109375,1426.18994140625,1462.4200439453125,4202600000,2.228834509585039,0.39675669599392144,0.7642592580210223,2.1614300361960854,0.9186327060375769,1.3622999943952179,6.497419019526228e-05,-0.033547213543377696,0.09395684776984657,0.4509103240236145,0.0,1.0
2013-01-03,1462.4200439453125,1465.469970703125,1455.530029296875,1459.3699951171875,3829730000,-0.22797938444917903,0.0014578771839613596,0.646961509241633,1.4844843739892875,0.753455786700852,1.0137261434672662,0.06877111628087806,-0.011596160114030137,0.23947335817735582,0.3918579776036127,0.0,1.0
2013-01-04,1459.3699951171875,1467.93994140625,1458.989990234375,1466.469970703125,3424290000,0.3932358933018133,-0.4746419842577526,0.8104753317753711,1.318977590613658,0.8735146881068081,1.096394984978199,0.13876590917580306,0.021045532645200527,0.35899056934180085,0.33921903967437017,0.0,1.0
2013-01-07,1466.469970703125,1466.469970703125,1456.6199951171875,1461.8900146484375,3304970000,-0.32070511527462015,-0.6255418401995745,0.6210968346567668,0.323361901908507,0.6715512077700466,0.734405701998193,0.17712958165102052,0.055424598725191496,0.3784137308236742,0.34631624498010893,0.0,1.0
2013-01-08,1461.8900146484375,1461.8900146484375,1451.6400146484375,1457.1500244140625,3601600000,-0.33136346257110766,-0.25984831540800485,0.424208630262772,-0.3287658997424042,0.47858165368990274,0.4239023077613864,0.18983754203425104,0.08566586732748815,0.3321547560666699,0.27342256500325657,0.0,1.0
2013-01-09,1457.1500244140625,1464.72998046875,1457.1500244140625,1461.02001953125,3674390000,0.19578744417046007,-0.17471658074151744,0.5316368559556374,-0.08184388955334988,0.527609626462444,0.47928862036095654,0.2057735211796076,0.11329239635238553,0.30292297931609463,0.2571721087581496,0.0,1.0
2013-01-10,1461.02001953125,1472.300048828125,1461.02001953125,1472.1199951171875,4081840000,0.6374350117102885,0.27270917835776026,0.8259832342610952,0.42610490328340794,0.7804290623122795,0.7910804463594908,0.24376811849634583,0.1435798117138076,0.3326706589780634,0.22527964978611945,0.0,1.0
2013-01-11,1472.1199951171875,1472.75,1467.5799560546875,1472.050048828125,3340650000,-0.04582528176064699,-0.5798550252816457,0.8226476380385301,0.3553238780491908,0.7148594283265777,0.6437949786199642,0.2681594799104415,0.17306502725977538,0.3237023754375525,0.21720404457351303,0.0,1.0
2013-01-14,1472.050048828125,1472.050048828125,1465.68994140625,1470.6800537109375,3003010000,-0.12475688408480674,-1.033192860843021,0.7531785654470156,0.1693487524306984,0.6013434485038571,0.4721679227144206,0.2780707382669847,0.19878864712857197,0.28164919124612114,0.042982051537227256,0.0,1.0
2013-01-15,1470.6700439453125,1473.31005859375,1463.760009765625,1472.3399658203125,3135350000,0.059295333922201,-0.8497066446059054,0.8031871677281852,0.08731052804761437,0.5634685977723565,0.43811965300505334,0.2847846966299915,0.22081411061666592,0.2403052338425551,-0.10555902445696988,0.0,1.0
2013-01-16,1472.3299560546875,1473.9599609375,1467.5999755859375,1472.6300048828125,3384080000,-0.02397273502386559,-0.5248986116878676,0.8124246889485304,-0.03297946700933698,0.5106626078788812,0.35936518114096094,0.28518244031743495,0.23852017796608443,0.19201605632199917,-0.8718413556556085,0.0,1.0
2013-01-17,1472.6300048828125,1485.1600341796875,1472.6300048828125,1480.93994140625,3706710000,0.46275354663790147,-0.13745593249246177,1.0732284806312422,0.3532132357184169,0.6970131913163826,0.5847337675784925,0.3024917569635542,0.2564144408118999,0.19412000915297778,-0.8466824134972819,0.0,1.0
2013-01-18,1480.949951171875,1485.97998046875,1475.81005859375,1485.97998046875,3795740000,0.2625862048479245,-0.03647229305293872,1.2215791901888677,0.4851584187256985,0.7671601897908583,0.6553484724421818,0.32393887822134343,0.2753507779544111,0.2057699965788072,-0.8653995887216099,0.0,1.0
2013-01-22,1485.97998046875,1492.56005859375,1481.1600341796875,1492.56005859375,3570950000,0.354180259335666,-0.29621108095260296,1.4062693998641802,0.6129323983329225,0.8824492176298914,0.7700973468470796,0.3525820776538586,0.2966712180910958,0.23242334556944536,-0.9047442421612588,0.0,1.0
2013-01-23,1492.56005859375,1496.1300048828125,1489.9000244140625,1494.81005859375,3552010000,0.09315097314713791,-0.318837605990527,1.4682021494803903,0.4794911743226188,0.8524256944224803,0.7098779541138154,0.37473168721816136,0.3184998529079326,0.23810476545708573,-0.9898691527590485,0.0,1.0
2013-01-24,1494.81005859375,1502.27001953125,1489.4599609375,1494.8199462890625,3699430000,-0.04098756905618242,-0.14582037440739323,1.4684881679758401,0.21939238578110967,0.7545045151019051,0.5782987843797008,0.38543407411041947,0.33826866217002527,0.2150767127661564,-0.972268018117337,0.0,1.0
2013-01-25,1494.8199462890625,1503.260009765625,1494.8199462890625,1502.9599609375,3476290000,0.4451074380147225,-0.41051758093441765,1.6987950021846696,0.4359496891092747,0.8636020419721625,0.7595582697253697,0.40921110111522435,0.3592066303463664,0.22814745704320105,-1.031859167631465,0.0,1.0
2013-01-28,1502.9599609375,1503.22998046875,1496.3299560546875,1500.1800537109375,3388540000,-0.2068874144117958,-0.5192949026080493,1.4823709579959123,0.10855463179088139,0.6682493975385567,0.5201333327384834,0.413189763446503,0.3768142345098115,0.19091527600131075,-0.9969869337757928,0.0,1.0
2013-01-29,1500.1800537109375,1509.3499755859375,1498.0899658203125,1507.8399658203125,3949640000,0.4147660632128246,0.13263036056600397,1.702842169083698,0.37505879287902044,0.7318544758668023,0.6921110749356957,0.43007370376037507,0.39453807660828993,0.1922147711388807,-1.0012775783539276,0.0,1.0
2013-01-30,1507.8399658203125,1509.93994140625,1500.1099853515625,1501.9599609375,3726810000,-0.3901047320153858,-0.11444681459309926,1.2514090700206582,-0.04869623266150644,0.4608684299701435,0.35292272174172407,0.4199622295334772,0.40653856499597957,0.12822989119731415,-0.8979892951807603,0.0,1.0
2013-01-31,1501.9599609375,1504.18994140625,1496.760009765625,1498.1099853515625,3999880000,-0.27067202690466996,0.18640925555173868,0.968304532545534,-0.3096543069825653,0.3037195193762342,0.13935411180584698,0.3943502163964407,0.41062067480627956,0.039705482571115676,-0.8570206295477631,0.0,1.0
2013-02-01,1498.1099853515625,1514.4100341796875,1498.1099853515625,1513.1700439453125,3836320000,0.8568749110970556,0.00877282516190775,1.4550671356279257,0.44320324735018146,0.6456093695363534,0.6335919038811856,0.40844034989057104,0.41692217690781563,0.06451742963464914,-0.7460658422241612,0.0,1.0
2013-02-04,1513.1700439453125,1513.1700439453125,1495.02001953125,1495.7099609375,3390000000,-1.0728461532780618,-0.5174621068663443,0.38199590221538193,-0.5146959677087899,0.12105716428428218,-0.10821766301559005,0.3648156753554535,0.4125641483543361,-0.05465199858169906,-0.48007409777609517,0.0,1.0
2013-02-05,1495.7099609375,1514.9599609375,1495.7099609375,1511.2900390625,3618360000,0.8893897039423445,-0.24009511951376344,0.8819177827163542,0.34637525859359125,0.4828652706687737,0.44216774318773366,0.366547633981829,0.40945088767401594,-0.040735975399506144,-0.3782963875421502,0.0,1.0
2013-02-06,1511.2900390625,1512.530029296875,1504.7099609375,1512.1199951171875,3611570000,0.007502993562629257,-0.24808670919203643,0.9064183949443155,0.2764076087233501,0.42875569008927666,0.38168606493031837,0.36358230992153223,0.4063213800695315,-0.040917609725217366,-0.3778356926361247,0.0,1.0
2013-02-07,1512.1199951171875,1512.9000244140625,1498.489990234375,1509.3900146484375,3614580000,-0.2029350807726627,-0.2445421933957874,0.7472216333206372,-0.011559035480957642,0.28601795914750006,0.20427870940276735,0.3472650897206309,0.4003021188872397,-0.0732239365888149,-0.36889262648703375,0.0,1.0
2013-02-08,1509.3900146484375,1518.31005859375,1509.3900146484375,1517.9300537109375,2986150000,0.4640958082892976,-1.0571475296034896,1.0190535753833003,0.4255815188896431,0.4571665743981363,0.4540687044946197,0.35139847264494345,0.3963772751586332,-0.049809159852412126,-0.3664979068737929,0.0,1.0
2013-02-11,1517.9300537109375,1518.31005859375,1513.6099853515625,1517.010009765625,2684100000,-0.09575008612854674,-1.5108647817926908,0.9615233423094753,0.12657533934599882,0.3692582779550754,0.32970021128261456,0.3457162081938431,0.39201311799142147,-0.05472051411187221,-0.37360752878289305,0.0,1.0
2013-02-12,1517.010009765625,1522.2900390625,1515.6099853515625,1519.4300537109375,3414370000,0.10099760940388375,-0.48698548456722823,1.0419347928064746,0.17181712957810136,0.36791484813924563,0.3428016740942731,0.341514483665053,0.3876165023809991,-0.05508338694777624,-0.3947232974220723,0.0,1.0
2013-02-13,1519.4300537109375,1524.68994140625,1515.9300537109375,1520.3299560546875,3385880000,0.011354355757711003,-0.5226361367324482,1.072947913623283,0.12901016046546215,0.32602858119382705,0.30010313869123517,0.33437623570719055,0.38256122624594374,-0.06244695675675952,-0.4256369805416206,0.0,1.0
2013-02-14,1520.3299560546875,1523.1400146484375,1514.02001953125,1521.3800048828125,3759740000,0.020149554682725317,-0.077017646895667,1.1110033407922215,0.05153882808159937,0.2873286347686666,0.26931369929676574,0.32542798580209603,0.3765890445690921,-0.07269760593452929,-0.4457738394689995,0.0,1.0
2013-02-15,1521.3800048828125,1524.239990234375,1514.1400146484375,1519.7900390625,3838510000,-0.13498217757362413,0.011200959607738665,0.984632405477961,-0.06076228417876952,0.19035869221049548,0.1502870464660021,0.3079661257279874,0.36804902375136206,-0.10140505395205206,-0.5561456447806689,0.0,1.0
2013-02-19,1519.7900390625,1530.93994140625,1519.7900390625,1530.93994140625,3748910000,0.6141137097465211,-0.08929102926322283,1.3929913716069242,0.4169549663965516,0.43237371055048024,0.49792328678392195,0.318765852405949,0.3635438810188704,-0.05629667817996404,-0.7874893633737603,0.0,1.0
2013-02-20,1530.93994140625,1530.93994140625,1511.4100341796875,1511.949951171875,4240570000,-1.1501900708909816,0.43502466019579394,0.1270399729658623,-0.5827844813198996,-0.11147594646809274,-0.2683676340247695,0.2694141578055182,0.34930661151502934,-0.1650980898185737,-0.605998973116828,0.0,1.0
2013-02-21,1511.949951171875,1511.949951171875,1497.2900390625,1502.4200439453125,4274600000,-0.6049101763245553,0.4690316590055694,-0.3669274872217852,-0.9248660206363181,-0.3812667355911665,-0.5844491208693445,0.1992887893684845,0.32280781251535046,-0.30217724521171907,-0.5508028164322978,0.0,1.0
2013-02-22,1502.4200439453125,1515.6400146484375,1502.4200439453125,1515.5999755859375,3419320000,0.7424545497141819,-0.4808217011669498,0.18457696112933528,-0.1032948991227271,-0.05084754065571976,-0.051127538444412084,0.175600904906779,0.29650505891082685,-0.29998553354999513,-0.44348460487240815,0.0,1.0
2013-02-25,1515.5999755859375,1525.8399658203125,1487.8499755859375,1487.8499755859375,4011050000,-1.6779849607216462,0.1982742594579262,-0.9595084037819325,-1.3338020770440044,-0.7854888761527591,-1.0449742173464331,0.07697803087556393,0.2542138929276249,-0.4787297975254235,-0.1365817621580141,0.0,1.0
2013-02-26,1487.8499755859375,1498.989990234375,1485.010009765625,1496.93994140625,3975280000,0.50445039875755,0.1601613625164894,-0.5986517514991079,-0.42016202655265683,-0.5337217921988868,-0.5847932631065084,0.021206391047978602,0.20836458434243776,-0.5185084550586515,-0.07828580719284538,0.0,1.0
2013-02-27,1496.93994140625,1520.0799560546875,1494.8800048828125,1515.989990234375,3551850000,1.0957982372556059,-0.3190292622273809,0.049454174104272164,0.6348895664097651,-0.026318247638238194,0.15776155712798287,0.026797479124997785,0.17288977509413161,-0.402525566691491,0.08229030941939018,0.0,1.0
2013-02-28,1515.989990234375,1525.3399658203125,1514.4599609375,1514.6800537109375,3912320000,-0.1188053026601531,0.09223686524743464,-0.0022653053820087614,0.4165544699731346,-0.07930671452796131,0.06581661707834821,0.02489348090752365,0.14409969844327516,-0.3277928427846994,0.08198749776555063,0.0,1.0
2013-03-01,1514.6800537109375,1519.989990234375,1501.47998046875,1518.199951171875,3695610000,0.16611423237906184,-0.15021599543121433,0.11379591807262465,0.5895160036393985,-0.010987172327784874,0.1585664591471685,0.030306574861545456,0.12223392470864408,-0.25038181541126486,0.08693039865637847,0.0,1.0
2013-03-04,1518.199951171875,1525.27001953125,1512.2900390625,1525.199951171875,3414430000,0.3705014861260169,-0.48691071855374024,0.3409440451975327,0.5592604325104086,0.1628113997977147,0.35934005094775423,0.05087857543795965,0.10917368193616155,-0.1519393863905418,0.10306651358942977,0.0,1.0
2013-03-05,1525.199951171875,1543.469970703125,1525.199951171875,1539.7900390625,3610690000,0.813377408946176,-0.24912353768436565,0.7649573450686563,0.899476270966143,0.49840043799978023,0.7946423889131073,0.1037856873248757,0.11012468166008767,0.004700883330149201,0.13292743452666864,0.0,1.0
2013-03-06,1539.7900390625,1545.25,1538.1099853515625,1541.4599609375,3676890000,0.05534882790452003,-0.1718227413203808,0.8104798021751195,0.7013597183949525,0.5021181627082244,0.7077907632436026,0.14619929984495522,0.12002378019813444,0.10473716577194703,-0.032758010269037297,0.0,1.0
2013-03-07,1541.4599609375,1545.780029296875,1541.4599609375,1544.260009765625,3634710000,0.12076892450418375,-0.22091311488125764,0.8894981231456188,0.5217198330470195,0.5337179726744623,0.6739562148084594,0.1829892373453754,0.13586969909114968,0.17122031632918838,-0.10490245747355084,0.0,1.0
2013-03-08,1544.260009765625,1552.47998046875,1542.93994140625,1551.1800537109375,3652260000,0.35891998264718844,-0.20041903867621416,1.0818084936625687,0.5374676640800095,0.6633756352344493,0.7886789025836627,0.22618627684616405,0.15785352758912083,0.23983977076286536,-0.13978353982632208,0.0,1.0
2013-03-11,1551.1500244140625,1556.27001953125,1547.3599853515625,1556.219970703125,3091080000,0.24880605687812232,-0.9102093922813073,1.2166803809942504,0.46957083070453404,0.7467397939203981,0.8193274508750118,0.26878504736969605,0.18461878268653417,0.2932942700607174,-0.7837298163687242,0.0,1.0
2013-03-12,1556.219970703125,1556.77001953125,1548.239990234375,1552.47998046875,3274910000,-0.2563678352776564,-0.6644169288305252,0.9960905224149038,0.11628244114502576,0.5969603872160697,0.5405517923220912,0.2864929053193469,0.2098462641414524,0.2761025557504738,-0.7095405117853263,0.0,1.0
2013-03-13,1552.47998046875,1556.3900146484375,1548.25,1554.52001953125,3073830000,0.07586372328585049,-0.9340194725661101,1.057644743199415,0.0839125752127373,0.6037799382154304,0.5058054412677322,0.30025567452253493,0.2329935307151952,0.252846558279312,-0.9020966470162085,0.0,1.0
2013-03-14,1554.52001953125,1563.3199462890625,1554.52001953125,1563.22998046875,3459260000,0.45918468184474315,-0.4314120808645041,1.3108248765373576,0.3583421337414053,0.77933502868266,0.7066390391559209,0.32895497983195154,0.2576948027862947,0.2702197384462944,-0.9179519386577888,0.0,1.0
2013-03-15,1563.2099609375,1563.6199951171875,1555.739990234375,1560.699951171875,5175850000,-0.18622773845568058,1.2830083316446548,1.1460130912773987,0.11025028329256868,0.6573132581706357,0.4880543112610468,0.33838597177014373,0.2794877912375326,0.23770625288238753,-0.8662556843094767,0.0,1.0
2013-03-18,1560.699951171875,1560.699951171875,1545.1300048828125,1552.0999755859375,3164560000,-0.5340609338433775,-0.8102520403394327,0.6103344351643422,-0.3240413508067504,0.3822415870051687,0.09469282136662524,0.3160646907863353,0.29211291152633767,0.13521303416211275,-0.748096637746901,0.0,1.0
2013-03-19,1552.0999755859375,1557.25,1538.5699462890625,1548.3399658203125,3796210000,-0.25809076671681885,-0.03594549775836944,0.38947946930752975,-0.48805277303253686,0.25772259504732586,-0.0708415456865136,0.28231588176387773,0.29494159932787184,0.025692709501398715,-0.8732635616135817,0.0,1.0
2013-03-20,1548.3399658203125,1561.56005859375,1548.3399658203125,1558.7099609375,3349090000,0.5570050340218514,-0.5691193144340708,0.7692391736341794,0.0446527665938655,0.47222810780785046,0.27599130775610187,0.27852122187688094,0.29638696451384366,0.010227697910317735,-0.7960452270084093,0.0,1.0
2013-03-21,1558.7099609375,1558.7099609375,1543.550048828125,1545.800048828125,3243270000,-0.7818155925461143,-0.7057227161260086,0.060696471146063094,-0.4827103391431822,0.06799528195705182,-0.23247972559773525,0.23476996991254173,0.28811675446743507,-0.09838867392692749,-0.6495630896515306,0.0,1.0
2013-03-22,1545.9000244140625,1557.739990234375,1545.9000244140625,1556.8900146484375,2948380000,0.599615487285594,-1.111305687859627,0.46459782607623107,0.18097970299808996,0.30877810220175256,0.16393204701574,0.2256433335124458,0.27953419108851796,-0.10188066332507242,-0.6000309568581602,0.0,1.0
2013-03-25,1556.8900146484375,1564.9100341796875,1546.219970703125,1551.68994140625,3178170000,-0.3400924386101031,-0.7919929164654926,0.19745151774971995,-0.1057124197798595,0.08409238305957395,-0.06158088985331792,0.19933659590126934,0.267000176413929,-0.14605635987024804,-0.5980113361810799,0.0,1.0
2013-03-26,1551.68994140625,1563.949951171875,1551.68994140625,1563.77001953125,2869260000,0.6542101846194357,-1.2270403854042498,0.6140142985750229,0.3971867599326281,0.31600066520141873,0.3418011228397422,0.20698046382390464,0.25861988755114285,-0.09961931250108197,-0.5217727900224344,0.0,1.0
2013-03-27,1563.75,1564.0699462890625,1551.9000244140625,1562.8499755859375,2914210000,-0.0941621210947957,-1.1609029543751215,0.5643316018722394,0.29926057837379166,0.22861138381221144,0.2359452204756712,0.2056943686315515,0.2516385585812049,-0.08397948220049767,-0.5202127986708305,0.0,1.0
2013-03-28,1562.8599853515625,1570.280029296875,1561.0799560546875,1569.18994140625,3304440000,0.32098330085993637,-0.6262241954618358,0.7771166835294291,0.39073619322855324,0.32375232061964593,0.39527684830879956,0.21721953928773052,0.24853667112280695,-0.04060882717907225,-0.5400071947529633,0.0,1.0
2013-04-01,1569.1800537109375,1570.5699462890625,1558.469970703125,1562.1700439453125,2753110000,-0.4414019361144125,-1.4028566112061582,0.38208053378963663,-0.05918100231049259,0.07900482350138896,0.072425195755998,0.20222758956197986,0.24282504451588144,-0.06978470106968407,-0.5124633753361421,0.0,1.0
2013-04-02,1562.1700439453125,1573.6600341796875,1562.1700439453125,1570.25,3312160000,0.4206888043504966,-0.6162957790312731,0.666125589607502,0.18338481080124808,0.2327133964052805,0.3162900594427414,0.20779781104305814,0.2394558850014121,-0.04359682535000982,-0.537827079045169,0.0,1.0
2013-04-03,1570.25,1571.469970703125,1549.800048828125,1553.68994140625,4060610000,-0.9841317686655271,0.25052245104231513,-0.16520316969507196,-0.6251076053503842,-0.22342775007005256,-0.3203645207680788,0.1622382597709259,0.22694444491770677,-0.1458039846789855,-0.3778836949687944,0.0,1.0
2013-04-04,1553.68994140625,1562.5999755859375,1552.52001953125,1559.97998046875,3350670000,0.3202488628627886,-0.5671125554441966,0.07201629379432666,-0.24344811071943198,-0.08173156569421733,-0.07698261081153966,0.13943536035350898,0.2120222544400911,-0.17275524128796726,-0.4125349699868104,0.0,1.0
2013-04-05,1559.97998046875,1559.97998046875,1539.5,1553.280029296875,3515410000,-0.42543210030441847,-0.36290541256274084,-0.23650551797740735,-0.43990925213719934,-0.2705517702416195,-0.3158129971681473,0.09930690040043405,0.19143855482555328,-0.23604872282330966,-0.4830743684349359,0.0,1.0
2013-04-08,1553.260009765625,1563.0699462890625,1548.6300048828125,1563.0699462890625,2887120000,0.5217241282712555,-1.200638754196417,0.13611937081645972,0.09578517317475181,-0.02782942317383585,0.04671646739441332,0.09101803957534918,0.17318570418783216,-0.20999073314107083,-0.4984671867120885,0.0,1.0
2013-04-09,1563.1099853515625,1573.8900146484375,1560.9200439453125,1568.6099853515625,3252780000,0.2751935021790413,-0.6932652752115491,0.33256486757094245,0.4229704011342155,0.10192578022826376,0.2075757201856215,0.09618271934502372,0.15969618875294841,-0.156738488657131,-0.5113290703433941,0.0,1.0
2013-04-10,1568.6099853515625,1589.0699462890625,1568.6099853515625,1587.72998046875,3453350000,1.047816611548252,-0.4386872467307054,0.9148250780131002,1.1042418462237147,0.559018118037804,0.8056403272129717,0.14885220216397232,0.16025257156222716,0.00028921891405154566,-0.4075913231441484,0.0,1.0
2013-04-11,1587.72998046875,1597.3499755859375,1586.1700439453125,1593.3699951171875,3393950000,0.27590120109534694,-0.5125074694942399,1.062772744063444,1.04187460601647,0.6554333237514539,0.8499683843572995,0.2013897533970317,0.17201724741720778,0.1255935983248934,-0.4104347235446601,0.0,1.0
2013-04-12,1593.300048828125,1593.300048828125,1579.969970703125,1588.8499755859375,3206290000,-0.29511286230323086,-0.7545136293126157,0.8228895527531299,0.3967047957343844,0.5022138139725756,0.5429180879012436,0.22552584313706345,0.18662927135487067,0.1574258481610061,-0.39277067660630377,0.0,1.0
2013-04-15,1588.8399658203125,1588.8399658203125,1552.280029296875,1552.3599853515625,4660130000,-2.094175215239598,0.8364356475360167,-0.6628608667331809,-1.4952011522671984,-0.446470356244212,-0.801528852370756,0.1399750483502712,0.17988639500715964,-0.08131367414879911,0.13149187583222266,0.0,1.0
2013-04-16,1552.3599853515625,1575.3499755859375,1552.3599853515625,1574.5699462890625,3654700000,1.2371195132826986,-0.19757752022552014,0.008721009709461568,-0.3369308940541105,0.1079917767345333,0.05564625983921985,0.12949629289156672,0.17223437542039116,-0.09147754378542856,0.27544171822582747,0.0,1.0
2013-04-17,1574.5699462890625,1574.5699462890625,1543.68994140625,1552.010009765625,4250310000,-1.3221054459776456,0.4447858737000952,-0.6668651356516709,-1.1907528177619362,-0.4897821560699819,-0.7418909054226379,0.055897569411372236,0.15025541859387237,-0.25164715858448183,0.34664268775230295,0.0,1.0
2013-04-18,1552.030029296875,1554.3800048828125,1536.030029296875,1541.6099853515625,3890800000,-0.6404763366005463,0.06876906136946775,-0.9380633483961266,-1.200839284871593,-0.7409599775618527,-1.005212226197006,-0.03316372854576075,0.11348339605987413,-0.4170279092930238,0.35827985617384894,0.0,1.0
2013-04-19,1541.6099853515625,1555.8900146484375,1539.4000244140625,1555.25,3569870000,0.7491964520771959,-0.2974980646355909,-0.5331672853527825,-0.06728983084273618,-0.3946326037475355,-0.4064981094678265,-0.06778409590915027,0.07660658648279398,-0.4181993878892861,0.41002959901360214,0.0,1.0
2013-04-22,1555.25,1565.550048828125,1548.18994140625,1562.5,2979880000,0.3750512276674816,-1.0660904555732231,-0.3300474327681835,0.22431026878752003,-0.21140699677388128,-0.11757855735212606,-0.07677792351750899,0.04516735802888144,-0.3574093349029483,0.397506809322941,0.0,1.0
2013-04-23,1562.5,1579.5799560546875,1562.5,1578.780029296875,3565150000,0.8896317751159663,-0.3031272329571122,0.09301273530149307,1.085773244656036,0.18059308207979402,0.4343351186131581,-0.040972847122354314,0.02773042036352441,-0.2008691418123584,0.46115334387174395,0.0,1.0
2013-04-24,1578.780029296875,1583.0,1575.800048828125,1578.7900390625,3598240000,-0.04101210170201838,-0.26381944291094594,0.09326535654677591,0.7844582380992415,0.16097853864926798,0.34593733401914945,-0.014834026244130018,0.019412655410528938,-0.09892031938208358,0.3578023766653675,0.0,1.0
2013-04-25,1578.9300537109375,1592.6400146484375,1578.9300537109375,1585.1600341796875,3908580000,0.31902267642400817,0.0881676349422549,0.25900300114849717,0.650279434514652,0.29857153298204364,0.48723733451840634,0.020772915216744764,0.020430199038541236,0.0054448184299088626,0.3608041678704838,0.0,1.0
2013-04-26,1585.1600341796875,1585.780029296875,1577.56005859375,1582.239990234375,3198620000,-0.20621633953013432,-0.7647037636130048,0.1518957287408783,0.18928998904084013,0.2047117541916481,0.2912582019662134,0.0380646192455794,0.024969848150098138,0.04482059492286228,0.3580039288718496,0.0,1.0
2013-04-29,1582.3399658203125,1596.6500244140625,1582.3399658203125,1593.6099853515625,2891200000,0.6006661153705546,-1.1946303932596833,0.4565207635601264,0.47092124559453663,0.4609775104552309,0.6095535012156443,0.079768763018355,0.03758700637359065,0.1351240213526912,-0.09832323880500675,0.0,1.0
2013-04-30,1593.5799560546875,1597.5699462890625,1586.5,1597.5699462890625,3745070000,0.18050745182777597,-0.09365132654838043,0.558640563064082,0.4806988854382565,0.5283182826090139,0.6269760807270554,0.11992216921661135,0.05633205502153532,0.20363146522507183,-0.2547988106994591,0.0,1.0
2013-05-01,1597.550048828125,1597.550048828125,1581.280029296875,1582.699951171875,3530320000,-0.873464463087465,-0.34489806848370946,-0.017795628092516315,-0.3765136982375531,0.10097166908026516,0.006644577968929863,0.10706677029530728,0.06855831157456728,0.1307538919290583,-0.4183404862182185,0.0,1.0
2013-05-02,1582.77001953125,1598.5999755859375,1582.77001953125,1597.5899658203125,3366950000,0.799253297149187,-0.5464902514073754,0.38852026423386615,0.3020165909405308,0.4403914956736774,0.486292369051188,0.13396169544258246,0.08413400975850673,0.16819935335858874,-0.48032919071012053,0.0,1.0
2013-05-03,1597.5999755859375,1618.4599609375,1597.5999755859375,1614.4200439453125,3603910000,0.8999498738803965,-0.25712031370346683,0.7839432446204893,0.8664008136337114,0.7982002406839068,0.9543405573485657,0.19698275168736423,0.11017287974503362,0.2851735655821879,-0.45253759513166913,0.0,1.0
2013-05-06,1614.4000244140625,1619.77001953125,1614.2099609375,1617.5,3062240000,0.12892765396936673,-0.9500922531069109,0.8518232055503692,0.7714285596493484,0.8058713479191769,0.8867765914619046,0.25010250669088974,0.1424489850692249,0.35490344327530493,-0.45004304987650134,0.0,1.0
2013-05-07,1617.550048828125,1626.030029296875,1616.6400146484375,1625.9599609375,3309580000,0.4258729973044842,-0.6196112480299406,1.036740041765034,0.9189238222676103,0.949362334608451,1.0088553362317865,0.30952702647343255,0.181073282740258,0.42587377739827886,-0.5166172262786686,0.0,1.0
2013-05-08,1625.949951171875,1632.780029296875,1622.699951171875,1632.68994140625,3554700000,0.328348799433188,-0.3156166775603955,1.1786147790644559,0.7371236805333362,1.0640248107455617,1.0531226063539634,0.36849751548579834,0.22467831029837354,0.481556410335256,-0.5298463316852036,0.0,1.0
2013-05-09,1632.68994140625,1635.010009765625,1623.0899658203125,1626.6700439453125,3457400000,-0.37111113369559373,-0.43370038578664555,0.9073138194958894,0.10025889680015838,0.8636393500049308,0.6675741590274326,0.39168016572746406,0.26455719063078226,0.4398995261150788,-0.46812638808717516,0.0,1.0
2013-05-10,1626.68994140625,1633.699951171875,1623.7099609375,1633.699951171875,3086470000,0.3446662259603218,-0.9165595147999702,1.0697237438733036,0.269451550068842,0.9860464378956924,0.7747122165562144,0.4221375020758169,0.30302253334833756,0.4240967225230541,-0.4968687652015989,0.0,1.0
2013-05-13,1632.0999755859375,1636.0,1626.739990234375,1633.77001953125,2910600000,-0.03774554395775202,-1.166176744730563,1.0713739858121216,0.09897254670646782,0.879879477233337,0.6348782680167239,0.4389726255107608,0.3374220483644285,0.37864234201693686,-0.5121568997133328,0.0,1.0
2013-05-14,1633.75,1651.0999755859375,1633.75,1650.3399658203125,3457790000,0.8648692567067378,-0.4332204779319691,1.4384223324160084,0.7202320174405892,1.2064491528582986,1.0594975941909943,0.4899269633075322,0.37592011597640085,0.4244625741803481,-0.4396478294158654,0.0,1.0
2013-05-15,1649.1300048828125,1661.489990234375,1646.6800537109375,1658.780029296875,3657440000,0.4154936683547611,-0.19438889517967137,1.6029779906389094,0.8884835048305505,1.2814669680096027,1.1484702695502917,0.5448676423091061,0.41855590975252016,0.47072075167948657,-0.7119573352043084,0.0,1.0
2013-05-16,1658.0699462890625,1660.510009765625,1648.5999755859375,1650.469970703125,3513130000,-0.4893209310498297,-0.3656657813580301,1.1829703592451597,0.194980486648731,0.9248945794718137,0.6759180347497761,0.5566394344633381,0.4552008567553811,0.40374540280096477,-0.6218049535438059,0.0,1.0
2013-05-17,1652.449951171875,1667.469970703125,1652.449951171875,1667.469970703125,3440710000,0.8789853074548086,-0.45428887297262593,1.5297644832225388,0.7331529138397543,1.2113293093797481,1.1028041369208257,0.6034583011955414,0.49460425483564646,0.43458381851511335,-0.6273334785573517,0.0,1.0
2013-05-20,1665.7099609375,1672.8399658203125,1663.52001953125,1666.2900390625,3275080000,-0.10482161838341164,-0.6641960746357775,1.4704010047138238,0.3271609715142116,1.0451356796371518,0.870466158628735,0.6276380691527836,0.5313366673199023,0.40472323303982277,-0.6058509794856713,0.0,1.0
2013-05-21,1666.199951171875,1674.9300537109375,1662.6700439453125,1669.1600341796875,3513560000,0.11235834099204091,-0.36514504844291734,1.5293499027371018,0.2794933038636243,1.0000030578621628,0.8060824199412386,0.6448464443920838,0.564430257766968,0.36404261063840804,-0.6133687461414336,0.0,1.0
2013-05-22,1669.3900146484375,1687.1800537109375,1648.8599853515625,1655.3499755859375,4361020000,-0.7810312226769714,0.554191061345132,0.8278701589428332,-0.40712066808231445,0.5515477694715664,0.21249003953977547,0.6109218392737301,0.5835958452410787,0.2083329265819454,-0.4630344696251025,0.0,1.0
2013-05-23,1651.6199951171875,1655.5,1635.530029296875,1650.510009765625,3945510000,-0.3028942626353557,0.12817905842889968,0.6011162022169184,-0.6608040868130688,0.3456481244386287,0.0016567144461109775,0.5617776190284126,0.5883398616510662,0.04710534224319931,-0.4729580743588254,0.0,1.0
2013-05-24,1646.6700439453125,1649.780029296875,1636.8800048828125,1649.5999755859375,2758080000,-0.09085665985100877,-1.3951828462908438,0.5573555303886786,-0.5223719239119214,0.23693130914497715,-0.04934141952037791,0.5119834492420663,0.5814065851993512,-0.08344227363979029,-0.4818142291213508,0.0,1.0
2013-05-28,1652.6300048828125,1674.2099609375,1652.6300048828125,1660.06005859375,3457400000,0.5251421233968387,-0.43370038578664555,0.8623675460466431,0.0916279132834557,0.41539113056460575,0.27526182278369854,0.4932459508383214,0.5718228436835912,-0.11307344750775436,-0.4492258346979451,0.0,1.0
2013-05-29,1656.5699462890625,1656.5699462890625,1640.050048828125,1648.3599853515625,3587140000,-0.6714872982126605,-0.27696475651043106,0.3002773448675121,-0.30466002347964316,0.05739967050981313,-0.16678271924872573,0.438638734123361,0.552390357482208,-0.22317860230481681,-0.4865276072176606,0.0,1.0
2013-05-30,1649.1400146484375,1661.9100341796875,1648.6099853515625,1654.4100341796875,3498620000,0.2864557598901726,-0.38327495504077314,0.4887529131027156,0.0235487884307581,0.11858884264280828,0.033261747739159304,0.4049430577941873,0.529584407888566,-0.2608926177314793,-0.5051723650172311,0.0,1.0
2013-05-31,1652.1300048828125,1658.989990234375,1630.739990234375,1630.739990234375,4099600000,-1.320278646950757,0.29118106529451365,-0.4741827976234328,-1.0161349509902728,-0.5148264472061345,-0.7595290650234618,0.3069889503424116,0.4902347753822586,-0.44584459142530014,-0.29271963848571425,0.0,1.0
2013-06-03,1631.7099609375,1640.4200439453125,1622.719970703125,1640.4200439453125,3952070000,0.48894614110428064,0.13524723309700282,-0.15122140785842186,-0.40910164368419966,-0.3052316334605976,-0.3505055710560487,0.25072882693872156,0.44663344649888725,-0.4933769118062024,-0.39318188195078063,0.0,1.0
2013-06-04,1640.72998046875,1646.530029296875,1623.6199951171875,1631.3800048828125,3653840000,-0.5341033900694693,-0.19857882247732853,-0.4764530234900174,-0.5853523707665701,-0.548206103256293,-0.6114622875540018,0.17673934134367136,0.3958108499030247,-0.5741078906968935,-0.3779877710850303,0.0,1.0
2013-06-05,1629.050048828125,1629.31005859375,1607.0899658203125,1608.9000244140625,3632350000,-1.273132911182811,-0.22367655870246927,-1.1632592684983514,-1.3645539415177597,-1.0886567316322027,-1.271913700903819,0.05306110128674837,0.32850546199980457,-0.7583791198042424,-0.2620045841689059,0.0,1.0
2013-06-06,1609.2900390625,1622.56005859375,1598.22998046875,1622.56005859375,3547380000,0.7172354466002707,-0.32438715110002464,-0.692413850147064,-0.29895957712597093,-0.7349469632847809,-0.6534567344989209,-0.009608841654272011,0.2611584899662625,-0.7588440142910388,-0.156981647091787,0.0,1.0
2013-06-07,1625.27001953125,1644.4000244140625,1625.27001953125,1643.3800048828125,3371990000,1.1052314415758684,-0.540126160193747,-0.0820103969674258,0.6776243603918303,-0.23553667975363443,0.10458956523712302,-0.004245951483612346,0.2084363831818968,-0.5953436796242919,0.02824306458477859,0.0,1.0
2013-06-10,1644.6700439453125,1648.68994140625,1639.260009765625,1642.81005859375,2978730000,-0.07257496598218723,-1.0677327471008047,-0.10063468822717293,0.6214922626260694,-0.2611206321650272,0.04858396639068014,-0.003957524992460592,0.16632084118641866,-0.4767663892971002,0.02821867414522921,0.0,1.0
2013-06-11,1638.6400146484375,1640.1300048828125,1622.9200439453125,1626.1300048828125,3435710000,-0.9490289760094245,-0.46047622825006856,-0.6223039508331941,-0.2125219238289547,-0.6681759754096614,-0.5238143887661185,-0.05156921210222284,0.12237014861672722,-0.4972826626394922,0.04903439443752701,0.0,1.0
2013-06-12,1629.93994140625,1637.7099609375,1610.9200439453125,1612.52001953125,3202550000,-0.7896020335561431,-0.7594794334954077,-0.9958576084344226,-0.9773861834426533,-0.9617669945332726,-0.9099410683569381,-0.12779694440861267,0.07078581572817812,-0.582623807709467,0.0621008210839639,0.0,1.0
2013-06-13,1612.1500244140625,1639.25,1608.0699462890625,1636.3599853515625,3378620000,1.2797571462153805,-0.5317688212214526,-0.2972160476447689,0.14716561333790673,-0.3377863828026733,-0.012198546132649054,-0.12347587890810677,0.030449352110913416,-0.4568769814098957,0.25949912327775515,0.0,1.0
2013-06-14,1635.52001953125,1640.800048828125,1623.9599609375,1626.72998046875,2939400000,-0.5675480292589015,-1.124284127068536,-0.5642712586810936,-0.1886999637143604,-0.549310068129012,-0.3462622453616866,-0.14734545723262218,-0.006962680355353629,-0.42418297269587346,0.1314124127262209,0.0,1.0
2013-06-17,1630.6400146484375,1646.5,1630.3399658203125,1639.0400390625,3137080000,0.6347492521037781,-0.8473596739556049,-0.23059313235662338,0.5089708224070918,-0.2055338773023978,0.08798142235369867,-0.13321434391484005,-0.03384766269579031,-0.3064946255349443,0.1500405607049387,0.0,1.0
2013-06-18,1639.77001953125,1654.18994140625,1639.77001953125,1651.81005859375,3120980000,0.654750627947498,-0.869251625554981,0.0886331006347182,0.9135774956529726,0.13275485652906066,0.4692622336141436,-0.08821765229787375,-0.04566080800336754,-0.1379973192740227,0.1612571441503001,0.0,1.0
2013-06-19,1651.8299560546875,1652.449951171875,1628.9100341796875,1628.9300537109375,3545060000,-1.279544780310578,-0.32717064130717305,-0.5526496269207669,-0.4784717652159333,-0.3907170751788822,-0.3703796518745555,-0.11674424059678103,-0.06125757001720751,-0.18029669005007082,0.16303356261359508,0.0,1.0
2013-06-20,1624.6199951171875,1624.6199951171875,1584.3199462890625,1588.18994140625,4858850000,-2.276861707307101,1.0141046379930256,-1.4145740421759325,-2.1434314226655222,-1.3314673093507658,-1.6706906689506842,-0.25124159437777926,-0.10271334124628947,-0.46939040741479277,0.547794647427495,0.0,1.0
2013-06-21,1588.6199951171875,1599.18994140625,1577.699951171875,1592.4300537109375,5797280000,0.19703069789855163,1.7654268741529897,-1.2982597924991266,-1.5564126285672861,-1.1535291665260676,-1.2998205182524334,-0.3446018179361778,-0.15599304780536014,-0.6015774293526522,0.4045556790673893,0.0,1.0
2013-06-24,1588.77001953125,1588.77001953125,1560.3299560546875,1573.0899658203125,4733660000,-1.12703119078488,0.9030441940005938,-1.646720364015633,-1.9014043563674874,-1.5477126338300902,-1.7646434994680498,-0.4689550395027035,-0.22540955299593896,-0.7819805942194232,0.447190038596126,0.0,1.0
2013-06-25,1577.52001953125,1593.7900390625,1577.0899658203125,1588.030029296875,3761170000,0.8072334277335784,-0.07539970463530177,-1.2315043244444748,-0.4052814698075279,-1.0814353969031973,-1.0230767369308944,-0.5227151587021145,-0.2925257372665428,-0.7562638964004122,0.5259026055233267,0.0,1.0
2013-06-26,1592.27001953125,1606.8299560546875,1592.27001953125,1603.260009765625,3558340000,0.815564393882008,-0.3112621249852152,-0.8409374784992714,0.7080420085553311,-0.6394950786826037,-0.38265432639829117,-0.5197642379045803,-0.3455828889028629,-0.5990893514297801,0.5732875156824951,0.0,1.0
2013-06-27,1606.43994140625,1620.0699462890625,1606.43994140625,1613.199951171875,3364540000,0.512526906495485,-0.5495367657282741,-0.5996969858662567,0.9749691185554012,-0.3355215151328269,-0.015611239253949437,-0.48683749270659804,-0.3809343209755309,-0.40114625760635564,0.4416077256681613,0.0,1.0
2013-06-28,1611.1199951171875,1615.93994140625,1601.06005859375,1606.280029296875,4977190000,-0.42495544935194873,1.116488050975639,-0.7565175147126922,0.44546216600095956,-0.48035291141091474,-0.2637758378264949,-0.47676582089710934,-0.40704545704174044,-0.2978433236144787,0.43313364698064827,0.0,1.0
2013-07-01,1609.780029296875,1626.6099853515625,1609.780029296875,1614.9599609375,3104690000,0.4413774704612385,-0.8915171714112321,-0.535929202301262,0.4593343527951481,-0.22760046462199476,0.04316651347947873,-0.4421853242917574,-0.42048376476844396,-0.15616600629354419,0.40942132683454113,0.0,1.0
2013-07-02,1614.2900390625,1624.260009765625,1606.77001953125,1614.0799560546875,3317130000,-0.09027954599589387,-0.6099162764110598,-0.5581922436291018,0.12876525767008937,-0.2280165695854839,-0.013913405390553456,-0.4148601637055897,-0.4253470208824489,-0.06030024721998352,0.34386544415076514,0.0,1.0
2013-07-03,1611.47998046875,1618.969970703125,1604.5699462890625,1615.4100341796875,1966050000,0.03206990439371133,-2.8354290347140325,-0.5211260897046851,0.06915760766363016,-0.20245875363863752,0.010968145336908455,-0.3875054150718214,-0.4233438607619647,0.01646362944981305,0.23255184504467968,0.0,1.0
2013-07-05,1618.6500244140625,1632.0699462890625,1614.7099609375,1631.8900146484375,2634140000,0.870194058777911,-1.590804873313628,-0.07877631978830378,0.7542495434669347,0.20463137738735754,0.5322571689310214,-0.31913592700545446,-0.40701066553251647,0.17666787722801228,-0.3258645924277989,0.0,1.0
2013-07-08,1634.199951171875,1644.6800537109375,1634.199951171875,1640.4599609375,3514590000,0.42777461309189746,-0.36389797056964684,0.13295964113651068,0.8436496660192035,0.4262527099606532,0.7101815565902064,-0.2409767090933537,-0.3771041789208421,0.3284120229491656,-0.3191790568300136,0.0,1.0
2013-07-09,1642.8900146484375,1654.1800537109375,1642.8900146484375,1652.3199462890625,3155360000,0.6045681085948421,-0.8226392623425202,0.41049218982090624,1.0734218233581045,0.7154257178321224,0.967017056016153,-0.14706851996604395,-0.33294583717963533,0.48774224880760536,-0.6707611408499815,0.0,1.0
2013-07-10,1651.56005859375,1657.9200439453125,1647.6600341796875,1652.6199951171875,3011010000,-0.025349051175277904,-1.021873478154591,0.4174945527754339,0.6748955112235281,0.6886911206347643,0.8042926096855102,-0.07340751413877043,-0.28174840347799646,0.5664365732797887,-0.6828914706980593,0.0,1.0
2013-07-11,1657.4100341796875,1676.6300048828125,1657.4100341796875,1675.02001953125,3446340000,1.169823033713159,-0.44733266394898924,0.9028371103595494,1.2215447746809112,1.1755972604585139,1.3864652931772037,0.04380220222967524,-0.2155368329279285,0.7342888138047906,-0.5854772557017827,0.0,1.0
2013-07-12,1675.260009765625,1680.18994140625,1672.3299560546875,1680.18994140625,3039070000,0.23427360514563017,-0.9824071219646447,1.0036289108735859,0.9788284106672818,1.2491808996894733,1.3144467748719326,0.14682099703384055,-0.14037148262161372,0.8343886069814241,-0.5893693441682907,0.0,1.0
2013-07-15,1679.5899658203125,1684.510009765625,1677.8900146484375,1682.5,2623200000,0.08130015413406833,-1.6085120472038597,1.049813918879659,0.6557331272571604,1.2346712329613272,1.1611315844701173,0.22975067826982226,-0.06237144346410292,0.8660793315077742,-0.7011134736326099,0.0,1.0
2013-07-16,1682.699951171875,1683.72998046875,1671.8399658203125,1676.260009765625,3081710000,-0.3730467137062666,-0.92312621770195,0.7913084355464518,0.0805632896538021,1.0286081923892796,0.7570099816168094,0.2726858953613964,0.009279269842261356,0.7950963252452622,-0.5971915264069085,0.0,1.0
2013-07-17,1677.9100341796875,1684.75,1677.9100341796875,1680.9100341796875,3153440000,0.20634981479316686,-0.8252289766143467,0.898129504553429,0.027843238972364657,1.1081142468325067,0.7670240962840251,0.3134866571109515,0.07539063967433215,0.7331686085483824,-0.6272857706605188,0.0,1.0
2013-07-18,1681.050048828125,1693.1199951171875,1681.050048828125,1689.3699951171875,3452370000,0.4082390188116174,-0.4398948227528147,1.0879580086316367,0.31669023462693435,1.2426388817673253,0.8970266785798378,0.36253721750169593,0.13884800946219175,0.7034979149699557,-0.6464260710509839,0.0,1.0
2013-07-19,1686.1500244140625,1692.0899658203125,1684.0799560546875,1692.0899658203125,3302580000,0.10231839091637705,-0.6286197424950212,1.1483501145975843,0.33369292364271647,1.1760823771964213,0.8224141812779631,0.40184333596425875,0.19808267350678319,0.6562896986575066,-0.7019654655263549,0.0,1.0
2013-07-22,1694.4100341796875,1697.6099853515625,1690.6700439453125,1695.530029296875,2779130000,0.1401215827304515,-1.362833868219576,1.2266623956163258,0.3760614688048856,1.128989024913912,0.7823055145787237,0.4350301815340583,0.2526207343574809,0.6037834922128501,-0.7039047372689724,0.0,1.0
2013-07-23,1696.6300048828125,1698.780029296875,1691.1300048828125,1692.3900146484375,3096180000,-0.20709434280440014,-0.9031953355215397,1.0635797323735865,0.04766287558481842,0.897406147078954,0.53914664724512,0.4451052107249236,0.29842191600041607,0.5061085632426464,-0.6981381056817069,0.0,1.0
2013-07-24,1696.06005859375,1698.3800048828125,1682.5699462890625,1685.93994140625,3336120000,-0.3822040601506635,-0.5856283930121043,0.7317777333184435,-0.3358074303510545,0.6123556978619926,0.22906960213896324,0.4279336386320042,0.3313631303411081,0.36233910472824493,-0.6419406569292458,0.0,1.0
2013-07-25,1685.2099609375,1690.93994140625,1680.0699462890625,1690.25,3322500000,0.18690419712592043,-0.6030340672139481,0.856113167976433,-0.12322412357938729,0.6093454313716191,0.3091825968860788,0.41894613020335664,0.3557796825312843,0.2670366803446238,-0.9476220925222,0.0,1.0
2013-07-26,1687.31005859375,1691.8499755859375,1676.030029296875,1691.6500244140625,2762770000,0.03244948150423464,-1.3879540769493182,0.897390566104021,-0.04671542555472919,0.5451571601986814,0.2843593655465683,0.40853941109824227,0.37307072649285683,0.18737625543144593,-0.9626120602464756,0.0,1.0
2013-07-29,1690.3199462890625,1690.9200439453125,1681.8599853515625,1685.3299560546875,2840520000,-0.3754845628333343,-1.2698723923547628,0.5453084187199847,-0.26702413371187445,0.29009855011167796,0.018657977114318693,0.376092022773262,0.3799125530957134,0.07055804849091829,-0.9171318310526045,0.0,1.0
2013-07-30,1687.9200439453125,1693.18994140625,1682.4200439453125,1685.9599609375,3320530000,-0.008169119544043228,-0.6055575328382505,0.5674207940670771,-0.16845973741678655,0.2172650763141556,0.014470144768160508,0.34569411173125436,0.3788365795092524,-0.017959893980434762,-0.9633306826320852,0.0,1.0
2013-07-31,1687.760009765625,1698.4300537109375,1684.93994140625,1685.72998046875,3847390000,-0.053770231525926054,0.0210323693658899,0.5535276917439929,-0.1781474892959601,0.1228145634850775,-0.016335150240312433,0.31490374690443645,0.3713418089575792,-0.08971956041764712,-0.9785723267975164,0.0,1.0
2013-08-01,1689.4200439453125,1707.8499755859375,1689.4200439453125,1706.8699951171875,3775170000,1.079226078428965,-0.05959212349366626,1.2386636054250444,0.7381567486426925,0.5278224649290556,0.6335068298679983,0.342417970138074,0.3712741174056066,-0.006687690970794906,-0.7011130150900232,0.0,1.0
2013-08-02,1706.0999755859375,1709.6700439453125,1700.6800537109375,1709.6700439453125,3136630000,0.10503607152104281,-0.847970033081786,1.3146892703343815,0.6951818595076439,0.49961484350870256,0.6018046618827156,0.36529848674122933,0.37614972572062194,0.04857648882437533,-0.7010482604208284,0.0,1.0
2013-08-05,1708.010009765625,1709.239990234375,1703.550048828125,1707.1400146484375,2529300000,-0.17383797538087375,-1.7636053504283635,1.1504612291956762,0.34048550438201625,0.35528822056825754,0.407247691221925,0.3697564276199847,0.38101070578923063,0.0484129506896756,-0.6935006730627298,0.0,1.0
2013-08-06,1705.7900390625,1705.7900390625,1693.2900390625,1697.3699951171875,3141210000,-0.5530709462341891,-0.8417620191914531,0.5509226553376482,-0.2760483532175307,0.06177409332304674,0.01533813593779634,0.3399914838623141,0.3784864320440811,-0.034151329361817584,-0.6358816414504728,0.0,1.0
2013-08-07,1695.300048828125,1695.300048828125,1684.9100341796875,1690.9100341796875,3010230000,-0.381725318685687,-1.0229757939608228,0.19127456473115995,-0.65881101544897,-0.1422193115821023,-0.21180384902804306,0.29277717808084586,0.3662943725608741,-0.1422334331437853,-0.635955301025746,0.0,1.0
2013-08-08,1693.3499755859375,1700.1800537109375,1688.3800048828125,1697.47998046875,3271660000,0.3056806705662259,-0.6686413474531927,0.4450557456256475,-0.22746947586911623,-0.009804660621657307,0.006513288445055497,0.26795330875844864,0.3511922549727799,-0.17476675676367545,-0.6234033724336745,0.0,1.0
2013-08-09,1696.0999755859375,1699.4200439453125,1686.02001953125,1691.4200439453125,2957670000,-0.36064152441753605,-1.0979207511916853,0.1093519561867712,-0.35130133988423556,-0.17078534522463457,-0.20662687357399298,0.22652175258074725,0.33018385280313034,-0.2407967330587197,-0.6007375965613331,0.0,1.0
2013-08-12,1688.3699951171875,1691.489990234375,1683.3499755859375,1689.469970703125,2789160000,-0.14462025160098452,-1.347506170571785,0.002577139266709406,-0.2705447739553363,-0.2266375337248538,-0.25755882382468726,0.1837553816574544,0.3041628281323279,-0.29683591308075274,-0.6222644943404823,0.0,1.0
2013-08-13,1690.6500244140625,1696.81005859375,1682.6199951171875,1694.1600341796875,3035560000,0.20652936048739154,-0.9873239464082797,0.20926225060123455,0.0032974374659593664,-0.13443514957949332,-0.091369336777712,0.15853363653743505,0.27791181337118537,-0.29940711330037606,-0.6128729221090929,0.0,1.0
2013-08-14,1693.8800048828125,1695.52001953125,1684.8299560546875,1685.3900146484375,2871430000,-0.5042354445581646,-1.223823815257359,-0.2781772922916265,-0.390727389530268,-0.3528432369568697,-0.37507685591928064,0.11064878240958846,0.24659388691329567,-0.35605322552295965,-0.566753089839247,0.0,1.0
2013-08-15,1679.6099853515625,1679.6099853515625,1658.5899658203125,1661.3199462890625,3426690000,-1.3179870763354464,-0.4716610257739861,-1.2972014020240887,-1.2613773046324126,-0.9038998249645933,-1.1002911810731029,0.003840989106233523,0.1985270866096387,-0.5432991544540506,-0.6069632512492485,0.0,1.0
2013-08-16,1661.219970703125,1663.5999755859375,1652.6099853515625,1655.8299560546875,3211450000,-0.3369246974084974,-0.7476719132858294,-1.4827901234886187,-1.1820182012562312,-0.9941538773417239,-1.1286783886049518,-0.09725931027685984,0.13829090527291577,-0.6793481256885371,-0.6412113561743149,0.0,1.0
2013-08-19,1655.25,1659.1800537109375,1645.8399658203125,1646.06005859375,2904530000,-0.56891423039379,-1.1750590723649135,-1.7902887869404536,-1.2444888913683838,-1.1731499239257606,-1.2899075019095108,-0.20440412955361184,0.06701688654808304,-0.8027468768021382,-0.6369717967568292,0.0,1.0
2013-08-20,1646.81005859375,1658.9200439453125,1646.0799560546875,1652.3499755859375,2994090000,0.2999379580762805,-1.0458495831546986,-1.4548271018262529,-0.48296268269275583,-0.9720758930532503,-0.9143113758211988,-0.27127966702572326,-0.004411113837488366,-0.8044683321888629,-0.5697295561055383,0.0,1.0
2013-08-21,1650.6600341796875,1656.989990234375,1639.4300537109375,1642.800048828125,2932180000,-0.5581267980922712,-1.1347476950860036,-1.757091375867269,-0.5394091918526553,-1.153687479536465,-1.102089810391787,-0.34902736839554255,-0.07830478056069018,-0.8320335277999342,-0.557530773155249,0.0,1.0
2013-08-22,1645.030029296875,1659.550048828125,1645.030029296875,1656.9599609375,2537460000,0.7287721075291494,-1.74990102797661,-1.058655550323011,0.25215508769057327,-0.7677686430850303,-0.5013740726559052,-0.36976682080334905,-0.1418881687804638,-0.7167686035017217,-0.438364798395676,0.0,1.0
2013-08-23,1659.9200439453125,1664.8499755859375,1654.81005859375,1663.5,2582670000,0.31118264115441474,-1.6747625879806285,-0.7709575772332748,0.5153034082461839,-0.5737988682776614,-0.23616195639473897,-0.36637946097194385,-0.1920250498439146,-0.5664418563693754,-0.39521047011231863,0.0,1.0
2013-08-26,1664.2900390625,1669.510009765625,1656.02001953125,1656.780029296875,2430670000,-0.4026203935057533,-1.9328381753899404,-1.0185145997144835,0.04866748366035165,-0.7037650966580808,-0.4364953365920325,-0.3802787949714464,-0.23512925991053352,-0.48781931578576937,-0.3892863203262721,0.0,1.0
2013-08-27,1652.5400390625,1652.5400390625,1629.050048828125,1630.47998046875,3219190000,-1.4603240152532548,-0.7374299234476335,-1.8033700303631068,-1.1064611978133803,-1.2817855750998148,-1.2368843743950648,-0.46094475255774925,-0.286992652354533,-0.5857435855625073,-0.22820387187964944,0.0,1.0
2013-08-28,1630.25,1641.1800537109375,1627.469970703125,1634.9599609375,2784010000,0.20399015141566712,-1.3553694268391667,-1.5983894931453693,-0.7884269188160725,-1.1110486008778457,-0.9255972767904209,-0.5090856468430031,-0.33885564653677713,-0.5857391331501834,-0.19096696385893058,0.0,1.0
2013-08-29,1633.5,1646.4100341796875,1630.8800048828125,1638.1700439453125,2527550000,0.133898919275624,-1.7665501474305398,-1.4498807976404937,-0.42167390990318393,-0.9494026149475223,-0.7019219435978032,-0.5346574585146405,-0.38585566110567615,-0.5313729027123144,-0.33602830598335937,0.0,1.0
2013-08-30,1638.8900146484375,1640.0799560546875,1628.050048828125,1632.969970703125,2734300000,-0.3252812770367508,-1.4320255382325788,-1.6046391951322168,-0.3749021613265757,-0.9848965572869397,-0.7842027745902823,-0.5651841962157547,-0.43003286420176184,-0.49981496268055275,-0.33661284895054017,0.0,1.0
2013-09-03,1635.949951171875,1651.3499755859375,1633.4100341796875,1639.77001953125,3731610000,0.3305956967201818,-0.10897045661438941,-1.276115935138971,0.16696850783389172,-0.735136572030481,-0.46523503908237823,-0.5665290921767866,-0.4656643935803707,-0.4042776371083409,-0.3367174770788684,0.0,1.0
2013-09-04,1640.719970703125,1655.719970703125,1637.4100341796875,1653.0799560546875,3312150000,0.6838683720909232,-0.6163086247000457,-0.6962433814233098,0.6324309128729338,-0.35153451488468335,0.01579616202001687,-0.5272474394803401,-0.4857061201832056,-0.22998967425882624,-0.275298849865459,0.0,1.0
2013-09-05,1653.280029296875,1659.1700439453125,1653.0699462890625,1655.0799560546875,2957110000,0.06655190880628281,-1.0987264019132426,-0.6142213198714764,0.5236377523132693,-0.25776398293962977,0.05671459977182383,-0.48741788909049144,-0.49315795631359516,-0.08923957020036948,-0.31912907986111194,0.0,1.0
2013-09-06,1657.43994140625,1664.8299560546875,1640.6199951171875,1655.1700439453125,3123880000,-0.036714005958617464,-0.8653000281614814,-0.6103156183881372,0.3476773072305097,-0.20314873943030007,0.02957912018843419,-0.452819979914512,-0.49166507243590996,0.010758938497201442,-0.40341977747731855,0.0,1.0
2013-09-09,1656.8499755859375,1672.4000244140625,1656.8499755859375,1671.7099609375,3102780000,0.8515281154756791,-0.8941354515985567,0.050255737125057834,0.8076636955553453,0.2320161459160583,0.5369760273479665,-0.37786792004665626,-0.4743218387280972,0.18795971660056351,-0.30359444933815954,0.0,1.0
2013-09-10,1675.1099853515625,1684.0899658203125,1675.1099853515625,1683.989990234375,3691800000,0.6149461349444932,-0.15460463767349997,0.4557834027782573,0.982565613276535,0.5438729633475233,0.8265023111384926,-0.28376727880688263,-0.4401726342048877,0.3758439675595029,-0.28861736388320186,0.0,1.0
2013-09-11,1681.0400390625,1689.1300048828125,1678.699951171875,1689.1300048828125,3135460000,0.23121698043610606,-0.8495573767100892,0.6124371710323304,0.8702954699452616,0.6779042333337638,0.8406568569789157,-0.19520243550285687,-0.39377137801551604,0.5128171644841453,-0.7971197678076274,0.0,1.0
2013-09-12,1689.2099609375,1689.969970703125,1681.9599609375,1683.4200439453125,3106290000,-0.3437010512600837,-0.8893250872238827,0.33228490989986004,0.27702237417979264,0.5385587128977415,0.5057517283823354,-0.14156441200089667,-0.34509369928703076,0.5382666876521583,-0.7110122733428493,0.0,1.0
2013-09-13,1685.0400390625,1688.72998046875,1682.219970703125,1687.989990234375,2736500000,0.20104388742096446,-1.4286036231045665,0.48441664700805903,0.17264796400720442,0.6183264118207158,0.5516258880043617,-0.0878757769857915,-0.29458397793553803,0.5587482153026322,-0.7127763722832495,0.0,1.0
2013-09-16,1691.699951171875,1704.949951171875,1691.699951171875,1697.5999755859375,3079800000,0.46724289530457425,-0.9257640281935571,0.7860891432516878,0.4001504083164763,0.8037998575144578,0.7502710329535082,-0.02101862889056766,-0.23977137756386546,0.6068527378293992,-0.7892512909955943,0.0,1.0
2013-09-17,1697.72998046875,1705.52001953125,1697.72998046875,1704.760009765625,2774240000,0.3353788066941825,-1.3703267646440087,0.9929408278694237,0.5534259370404854,0.906645486641051,0.8390152997556045,0.048714505141136295,-0.18089682341689117,0.6522638093399608,-0.7891860520270587,0.0,1.0
2013-09-18,1705.739990234375,1729.43994140625,1700.3499755859375,1725.52001953125,3989760000,1.0467924079342386,0.17563093981783806,1.4954286093984444,1.240420604456871,1.3265624709155486,1.3420574618175327,0.15698394085730147,-0.1104698002501167,0.7814159429687427,-0.6940833993878883,0.0,1.0
2013-09-19,1727.3399658203125,1729.8599853515625,1720.199951171875,1722.3399658203125,3740130000,-0.20629148499845243,-0.09926724730264296,1.321790536612423,0.6761264959231779,1.14671386417341,1.0099082697902735,0.22894382051799458,-0.038623940509159994,0.7972779868757297,-0.6463228828590736,0.0,1.0
2013-09-20,1722.43994140625,1725.22998046875,1708.8900146484375,1709.9100341796875,5074030000,-0.6865830100223677,1.1984753932244445,0.683169709063975,-0.17979622252728872,0.7738257572402436,0.440321418605006,0.24641797477795413,0.022617671625079928,0.6787266017486171,-0.485500922562453,0.0,1.0
2013-09-23,1711.43994140625,1711.43994140625,1697.0999755859375,1701.8399658203125,3126950000,-0.46338855948756913,-0.8611207806708385,0.3089099776445154,-0.6324812120654603,0.5274124427019083,0.09709354813029142,0.23289107510317578,0.06869649960273004,0.5092125418346845,-0.48949341503934385,0.0,1.0
2013-09-24,1702.5999755859375,1707.6300048828125,1694.9000244140625,1697.4200439453125,3268930000,-0.2736966318621865,-0.6721931033815781,0.11064818366295903,-0.7829490605339752,0.36827076021965777,-0.07816216097872274,0.20518117498178368,0.09958927719081512,0.3394383744385245,-0.5197870591939898,0.0,1.0
2013-09-25,1698.02001953125,1701.7099609375,1691.8800048828125,1692.77001953125,3148730000,-0.2864166415755298,-0.8315885537865183,-0.09661710621372825,-0.6887706960147832,0.17712802174307857,-0.23368600785353422,0.16604768952453286,0.11587192599182038,0.17610278771601817,-0.5136893773372626,0.0,1.0
2013-09-26,1694.050048828125,1703.8499755859375,1693.1099853515625,1698.6700439453125,2813930000,0.26992879365852057,-1.3098879191131088,0.1199960440840994,-0.14658754960636286,0.24283784295298463,-0.03335329769290786,0.14717274487573018,0.12483131095811224,0.09423153164438017,-0.5240740594342707,0.0,1.0
2013-09-27,1695.52001953125,1695.52001953125,1687.1099853515625,1691.75,2951700000,-0.4056719327743053,-1.1065174292637048,-0.19801527342533864,-0.31528043584916216,0.007925467225345014,-0.2671971675334946,0.10943352645325283,0.12386764989410762,-0.0167042834366081,-0.499512529907177,0.0,1.0
2013-09-30,1687.260009765625,1687.260009765625,1674.989990234375,1681.550048828125,3308630000,-0.5804371160353116,-0.6208327113576997,-0.6281391343299305,-0.6314347527875781,-0.30008968282436216,-0.5688477195187215,0.04840264712779763,0.1099472066380485,-0.16155609495838252,-0.5055103566393369,0.0,1.0
2013-10-01,1682.4100341796875,1696.550048828125,1682.0699462890625,1695.0,3238690000,0.6732855833321687,-0.7117352366434209,-0.10194083403349176,0.08453122369425803,-0.03981264710140914,-0.07880318525036042,0.03429573112769045,0.09577142187584932,-0.1644107141973919,-0.4342997331160168,0.0,1.0
2013-10-02,1691.9000244140625,1693.8699951171875,1680.3399658203125,1693.8699951171875,3148600000,-0.10116188523158336,-0.8317642183932877,-0.15137778030732338,0.015137565945981136,-0.11698324400015009,-0.12352012561517195,0.017363922555646862,0.08078272175942929,-0.1734987933151345,-0.7099268933335665,0.0,1.0
2013-10-03,1692.3499755859375,1692.3499755859375,1670.3599853515625,1678.6600341796875,3279650000,-0.844107769349794,-0.6582632866160778,-0.769116469406922,-0.5619706163522287,-0.5150055363784541,-0.6055219036675373,-0.03997445616316566,0.05643782141100997,-0.27809749170157805,-0.6297179413264915,0.0,1.0
2013-10-04,1678.7900390625,1691.93994140625,1677.3299560546875,1690.5,2880270000,0.5887983346532103,-1.2107454413691736,-0.30532809446966086,0.06079627996052344,-0.2702692046332974,-0.16013053511686184,-0.05457055607929128,0.0338170730022667,-0.25882214014445964,-0.5505609786017448,0.0,1.0
2013-10-07,1687.1500244140625,1687.1500244140625,1674.699951171875,1676.1199951171875,2678490000,-0.8018290150940915,-1.5197667449692613,-0.8298847611886031,-0.6244263556752832,-0.6243988844580266,-0.6110096046968606,-0.1069964820435647,0.00442495508442262,-0.33452343120097255,-0.4922177498812942,0.0,1.0
2013-10-08,1676.219970703125,1676.7900390625,1655.030029296875,1655.449951171875,3569230000,-1.143749837986909,-0.29826090537358846,-1.4425403431257493,-1.2879091595342513,-1.0919318142555057,-1.194400242917712,-0.205612295062548,-0.040336181006746845,-0.5063431076235995,-0.35286558136724083,0.0,1.0
2013-10-09,1656.989990234375,1662.469970703125,1646.469970703125,1656.4000244140625,3577840000,0.009713734582615484,-0.2880097528885575,-1.4027918215498396,-0.8540541087262816,-1.0299778142094578,-1.0039417604912755,-0.2803498506674347,-0.0922478000957589,-0.5862827407933466,-0.34295404379173444,0.0,1.0
2013-10-10,1660.8800048828125,1692.56005859375,1660.8800048828125,1692.56005859375,3362300000,1.9095068537503928,-0.5523703380664989,-0.15911378054023104,0.8809667854365959,-0.16241262875436488,0.2773640370157118,-0.23953447792839705,-0.1249831481438017,-0.371899450456003,0.15614128424032703,0.0,1.0
2013-10-11,1691.0899658203125,1703.43994140625,1688.52001953125,1703.199951171875,2944670000,0.5202524777829273,-1.1166628058137533,0.12327385818569407,1.29958563988679,0.07747868573010458,0.5496466209119777,-0.17822707096260312,-0.13796233243299272,-0.1510331839114123,0.17143322849141504,0.0,1.0
2013-10-14,1699.8599853515625,1711.030029296875,1692.1300048828125,1710.1400146484375,2580580000,0.32259658240181466,-1.678207043048748,0.29965471570289537,1.301068688784742,0.23062676453729694,0.6617392911219724,-0.11165018329876437,-0.13400124057325133,0.038352548709510784,0.13469310860308578,0.0,1.0
2013-10-15,1709.1700439453125,1711.5699462890625,1695.9300537109375,1698.06005859375,3327740000,-0.6728941850065089,-0.5963291807861232,-0.11375798553830628,0.23540535541096735,-0.05443744309561763,0.1568327936963347,-0.09355791868444673,-0.12693426670099925,0.07307510784621962,0.14752563595023993,0.0,1.0
2013-10-16,1700.489990234375,1721.760009765625,1700.489990234375,1721.5400390625,3486180000,1.194247468625603,-0.3984302443790327,0.4669074278458889,0.7660826581926368,0.5205170581846159,0.8497461957498009,-0.01671103880348628,-0.10472350925132981,0.24237674863692418,0.277111704951216,0.0,1.0
2013-10-17,1720.1700439453125,1733.449951171875,1714.1199951171875,1733.1500244140625,3453590000,0.5611574328628345,-0.43839156606567514,0.7136337120146784,0.9393502195557066,0.7889877511882436,1.0590325398374392,0.07293165423814953,-0.0676407807282417,0.4086396308057059,0.1888207194762289,0.0,1.0
2013-10-18,1736.719970703125,1745.31005859375,1735.739990234375,1744.5,3664890000,0.5437117690399137,-0.1857311561084619,0.9385276219422135,1.0905784402106613,1.021295741812386,1.2254684454471048,0.17086912128592427,-0.016873310365604546,0.5616297495160507,0.18590920860470306,0.0,1.0
2013-10-21,1745.199951171875,1747.7900390625,1740.6700439453125,1744.6600341796875,3052710000,-0.03337987250932208,-0.9633539076221886,0.9417041728040009,0.7466380384321957,0.971827916194302,1.01683337056828,0.24368202481454565,0.039428696875250656,0.6235037303286303,0.07311980075861285,0.0,1.0
2013-10-22,1746.47998046875,1759.3299560546875,1746.47998046875,1754.6700439453125,3850840000,0.47120754303121276,0.024845885688534894,1.1414104216912957,0.6757305484523751,1.1427218989622125,1.1460674163174787,0.3228347272539975,0.10152428603528067,0.6882737344664558,-0.21420572987270228,0.0,1.0
2013-10-23,1752.27001953125,1752.27001953125,1740.5,1746.3800048828125,3713380000,-0.46383281369901364,-0.12980676543955594,0.8048909902798612,0.012804874972195714,0.8758515414787066,0.6893547369038183,0.3561609224699319,0.15838111079904776,0.629706375558485,-0.12946929016075928,0.0,1.0
2013-10-24,1747.47998046875,1753.93994140625,1745.5,1752.0699462890625,3671700000,0.24961480727881408,-0.17783255185185365,0.9297461771757325,0.10741014583009474,0.9470093718317446,0.7359420924190799,0.3913170994502388,0.2114412059541958,0.5872604076078863,-0.48291159412959084,0.0,1.0
2013-10-25,1756.010009765625,1759.8199462890625,1752.449951171875,1759.77001953125,3175720000,0.35120737196855173,-0.7952740490647789,1.0950822163004292,0.3377581511542847,1.0482066788875493,0.8364331910124434,0.432986620207828,0.26286726125051996,0.5689924742475058,-0.4932875695897841,0.0,1.0
2013-10-28,1759.4200439453125,1764.989990234375,1757.6700439453125,1762.1099853515625,3282300000,0.07726225429202642,-0.6548268340909502,1.145367281355507,0.27996143821997616,1.0048523766764583,0.7562286885867482,0.4646710204888251,0.31083472313603916,0.5303267381529687,-0.4898164104280028,0.0,1.0
2013-10-29,1762.9300537109375,1772.0899658203125,1762.9300537109375,1771.949951171875,3358460000,0.4575048474276458,-0.557232285427209,1.3527582403207417,0.5949600505634874,1.1457119433377616,0.9175453613377247,0.5086185514203735,0.3586774844663871,0.5289326341967097,-0.6617987910780554,0.0,1.0
2013-10-30,1772.27001953125,1775.219970703125,1757.239990234375,1763.31005859375,3523040000,-0.4773610777943967,-0.3536808656029128,0.9458859450410557,0.00013405927969805274,0.8536642458297724,0.48953450542810084,0.511291344452954,0.3975275648088047,0.42839794030196143,-0.7390393423423431,0.0,1.0
2013-10-31,1763.239990234375,1768.530029296875,1755.719970703125,1756.5400390625,3826530000,-0.38472081448361,-0.0020986873889137074,0.6413753547865882,-0.37797269960657376,0.5971331880479387,0.1858192266145684,0.48669376967300676,0.4233079157659995,0.2822834228633762,-0.7218001164668746,0.0,1.0
2013-11-01,1758.699951171875,1765.6700439453125,1752.699951171875,1761.6400146484375,3686290000,0.2179125257028978,-0.1609594846726732,0.7759551037871739,-0.14482303639512334,0.6322781590883507,0.29114196629312505,0.47337209349727527,0.4410619515884462,0.1925523252899477,-0.7724902365581742,0.0,1.0
2013-11-04,1763.4000244140625,1768.780029296875,1761.56005859375,1767.9300537109375,3194870000,0.27753748122147676,-0.7696947995288423,0.9387879661649412,0.10787320430766485,0.6704984709452156,0.41599710871200213,0.47228110381377447,0.4550301191639268,0.15022778316002938,-0.7630677109723305,0.0,1.0
2013-11-05,1765.6700439453125,1767.030029296875,1755.760009765625,1762.969970703125,3516680000,-0.29232623741160535,-0.36136861496464934,0.6957471070917042,-0.04805167050788278,0.4234202675790274,0.17948018474992172,0.4501137011533107,0.46142853687429813,0.06560090864173836,-0.782499956774413,0.0,1.0
2013-11-06,1765.0,1773.739990234375,1764.4000244140625,1770.489990234375,3322100000,0.33965098952611267,-0.60354632494058,0.9035671600859198,0.2518558833569057,0.4643075350662815,0.3586127941108895,0.4457106569080001,0.4655986054757732,0.04068882782243652,-0.8271253981159261,0.0,1.0
2013-11-07,1770.739990234375,1774.5400390625,1746.199951171875,1747.1500244140625,4143200000,-1.2197799519221093,0.3361914935423236,-0.1158897132101266,-0.8069462631697424,-0.150368433084902,-0.4268397931220995,0.37114192378401767,0.45286832408254446,-0.148250545842892,-0.5103206868795249,0.0,1.0
2013-11-08,1748.3699951171875,1770.780029296875,1747.6300048828125,1770.6099853515625,3837170000,1.158500167065985,0.009715416324894078,0.5351305102541372,0.2619286745863612,0.32161787991232765,0.32999016961304156,0.37004085176489654,0.4424468655783029,-0.12243879930000184,-0.30703689244424887,0.0,1.0
2013-11-11,1769.9599609375,1773.43994140625,1767.8499755859375,1771.8900146484375,2534060000,0.02303273295229193,-1.7556057988667864,0.5670077736048701,0.28582798831317924,0.27837176228780797,0.29628831450475107,0.36604314612261774,0.43324836614279744,-0.10876659011275155,-0.3076319536702042,0.0,1.0
2013-11-12,1769.510009765625,1771.780029296875,1762.2900390625,1767.68994140625,3221030000,-0.2534308765120148,-0.7349987580864162,0.3927686937855187,0.03228437416519709,0.09768999794440356,0.10197338191915237,0.34488111122757253,0.421330063507365,-0.13917293751077564,-0.3345537698731457,0.0,1.0
2013-11-13,1764.3699951171875,1782.0,1760.6400146484375,1782.0,3327480000,0.6819370856663632,-0.5966616169786523,0.7661594010637894,0.6227907330002662,0.36099086768471933,0.4973819391414605,0.3609767147449836,0.41526332768918395,-0.07375468464863039,-0.29843390574211126,0.0,1.0
2013-11-14,1782.75,1791.530029296875,1780.219970703125,1790.6199951171875,3139060000,0.3907479312391192,-0.8446751335206083,0.969453169103617,0.615767050302302,0.49419800770533395,0.6584393865938343,0.3905664870861325,0.41678525497202623,0.011083632529053956,-0.319049070898164,0.0,1.0
2013-11-15,1790.6600341796875,1798.219970703125,1790.6600341796875,1798.1800537109375,3254820000,0.33576264474275774,-0.6905977612634835,1.139185287012469,0.7134748279872924,0.6067804430109078,0.7616363870685864,0.42750169560367585,0.4259607364808963,0.09664740737587385,-0.31422218000035707,0.0,1.0
2013-11-18,1798.8199462890625,1802.3299560546875,1788.0,1791.530029296875,3168520000,-0.3721025879219515,-0.8049312317462927,0.8312019877576118,0.1967265863821989,0.39654423974861996,0.42221055764116455,0.4310299050250899,0.43406129819409867,0.08463021998049285,-0.28417934784314564,0.0,1.0
2013-11-19,1790.7900390625,1795.510009765625,1784.719970703125,1787.8699951171875,3224450000,-0.22416739856042744,-0.7304836489791992,0.6629614278422624,-0.17773806494880723,0.27237590826773145,0.22567708772861136,0.4164959650521483,0.4374103122134779,0.031509755286374674,-0.2908673188504124,0.0,1.0
2013-11-20,1789.5899658203125,1795.72998046875,1777.22998046875,1781.3699951171875,3109140000,-0.36650899947138954,-0.8854232326516678,0.36708085444544675,-0.4874030375604342,0.08040791066939652,-0.025388152796840435,0.3802337771566996,0.432276590576744,-0.06332394711249965,-0.27786612359464785,0.0,1.0
2013-11-21,1783.52001953125,1797.1600341796875,1783.52001953125,1795.8499755859375,3256630000,0.6849061013611383,-0.6882323958415014,0.7736098066412599,0.1650994704437306,0.36512840452218737,0.3908759737860512,0.3845591563761806,0.42910154538076667,-0.04142670237818667,-0.5066218463207189,0.0,1.0
2013-11-22,1797.2099609375,1804.8399658203125,1794.699951171875,1804.760009765625,3055140000,0.4018481503414365,-0.9599684662173725,0.9961139304031729,0.5333678889356053,0.5187175942682458,0.5749289737616906,0.4054492329222915,0.4310624170512631,0.0159908609416761,-0.6915696379652592,0.0,1.0
2013-11-25,1806.3299560546875,1808.0999755859375,1800.5799560546875,1802.47998046875,2998540000,-0.15448908504278092,-1.0395307048043632,0.8848076995205674,0.3160199236252259,0.4185021637949913,0.39625449736079993,0.4085717307410542,0.43330387759377426,0.01912773596216575,-0.6767435571727207,0.0,1.0
2013-11-26,1802.8699951171875,1808.4200439453125,1800.77001953125,1802.75,3427120000,-0.02819008146013201,-0.4711271579300211,0.892197584100406,0.1844672630027696,0.3886446575053438,0.3214999262518405,0.4046903942144322,0.4342607859061693,0.004766939063012929,-0.7035692689907131,0.0,1.0
2013-11-27,1803.47998046875,1808.27001953125,1802.77001953125,1807.22998046875,2613590000,0.18052369197227022,-1.6241275540220215,1.0185341315414886,0.1503482376607013,0.440690773146571,0.3835483546092667,0.40684360307540607,0.4354902359215517,0.007813849847479156,-0.7818763886823745,0.0,1.0
2013-11-29,1808.68994140625,1813.550048828125,1803.97998046875,1805.81005859375,1598300000,-0.1117992244586335,-3.716514180434213,0.936529180551104,-0.014304686981286466,0.350330947575336,0.26057948600016084,0.39761524589319225,0.43448548416378524,-0.01716366149358795,-0.8029426888121425,0.0,1.0
2013-12-02,1806.550048828125,1810.02001953125,1798.5999755859375,1800.9000244140625,3095430000,-0.2845893242267144,-0.9042260895488247,0.6500400154838466,-0.2137599955047162,0.1914942359948625,0.053174762215508486,0.3700597543213181,0.4277446663265127,-0.08129066079859941,-0.8102939136893915,0.0,1.0
2013-12-03,1800.0999755859375,1800.0999755859375,1787.8499755859375,1795.1500244140625,3475680000,-0.3269373491348248,-0.4112642347943957,0.32626983520534186,-0.4205599281614748,0.027596784635414175,-0.14709294134504444,0.32616941432407637,0.41289554240712467,-0.17193838543872497,-0.818277108113753,0.0,1.0
2013-12-04,1793.1500244140625,1799.800048828125,1779.0899658203125,1792.81005859375,3610540000,-0.15807756077968568,-0.2493002950210688,0.19590866064540474,-0.43794459766604316,-0.06066413311497531,-0.21524946283349838,0.27927809285828537,0.3909131919328152,-0.25168509825367297,-0.8245293405090257,0.0,1.0
2013-12-05,1792.8199462890625,1792.8199462890625,1783.3800048828125,1785.030029296875,3336880000,-0.4294250700095171,-0.5846592456073633,-0.22222455247745926,-0.6005676938983397,-0.2562137227960165,-0.4348487237866049,0.21573866306241196,0.3596373130376711,-0.35558315004098473,-0.8114689535718422,0.0,1.0
2013-12-06,1788.3599853515625,1806.0400390625,1788.3599853515625,1805.0899658203125,3150030000,0.962798224374492,-0.8298323065033594,0.5530911242799613,0.37771063841909525,0.13773668461673536,0.2071479394258565,0.21578024825439604,0.33462556973152524,-0.2855525379465062,-0.6970243006226915,0.0,1.0
2013-12-09,1806.2099609375,1811.52001953125,1806.2099609375,1808.3699951171875,3129500000,0.12082332974904056,-0.857652537066068,0.6609304794134249,0.46374847644734374,0.16932629151419828,0.25106738348352825,0.21988835753491334,0.31550129492689166,-0.21973291814581167,-0.732433532527624,0.0,1.0
2013-12-10,1807.5999755859375,1808.52001953125,1801.75,1802.6199951171875,3117150000,-0.32575859679576624,-0.874476089968257,0.34707789934870037,0.11311550893756195,0.002173654742556787,0.02045568429662112,0.20251703697229473,0.2964591069550801,-0.21881521911683086,-0.7155457785830363,0.0,1.0
2013-12-11,1802.760009765625,1802.969970703125,1780.0899658203125,1782.219970703125,3472240000,-1.0530166534113135,-0.4154773277048097,-0.5851645754752233,-0.7714928953862171,-0.48151628043840655,-0.6098113451719036,0.1285745950780026,0.26529395897095015,-0.354345221301109,-0.526532602193201,0.0,1.0
2013-12-12,1781.7099609375,1782.989990234375,1772.280029296875,1775.5,3306640000,-0.37857013381572724,-0.6233924927800596,-0.8414949099760058,-1.0054729078283542,-0.6279924679855886,-0.7379142635497141,0.04844873202218326,0.2230981832007102,-0.4776633718539734,-0.5412944034718432,0.0,1.0
2013-12-13,1777.97998046875,1780.9200439453125,1772.449951171875,1775.3199462890625,3061070000,-0.0506422139025079,-0.9517181649263662,-0.8484438726590806,-0.7278987625625536,-0.6147919868322131,-0.6517490201191894,-0.0177787515386226,0.17507240476301336,-0.5428405458652629,-0.5386968988322286,0.0,1.0
2013-12-16,1777.47998046875,1792.219970703125,1777.47998046875,1786.5400390625,3209890000,0.5232704717581858,-0.7497391790336995,-0.3547993234566189,0.03001322050310258,-0.3445162182276265,-0.2383436465697651,-0.041282156897605136,0.13158781487446677,-0.49207181501403835,-0.4607990800220034,0.0,1.0
2013-12-17,1786.469970703125,1786.77001953125,1777.050048828125,1781.0,3270030000,-0.31872741869198884,-0.670761636263648,-0.5910365218088756,-0.029140248141756024,-0.45947876897041234,-0.38826229067537354,-0.07673771028025436,0.08916100495529324,-0.4802462442446923,-0.4613914882512768,0.0,1.0
2013-12-18,1781.4599609375,1811.0799560546875,1767.989990234375,1810.6500244140625,4327770000,1.4463216347781749,0.5216275044430158,0.45623884383273844,1.1376073859157587,0.1937616988563143,0.5335170007650331,-0.025214495034276217,0.0663205811007082,-0.26127802662965094,-0.14531868985521873,0.0,1.0
2013-12-19,1809.0,1810.8800048828125,1801.3499755859375,1809.5999755859375,3497210000,-0.09340952659267183,-0.38499000682972556,0.4095270255374058,0.7512443475987515,0.13714326280976785,0.39809842803392226,0.010169478901338388,0.0556719577509429,-0.12497841437575373,-0.1737771581996634,0.0,1.0
2013-12-20,1810.3900146484375,1823.75,1810.25,1818.3199462890625,5097700000,0.38909178814632805,1.2182770526197262,0.6662613605475123,0.7531039454874167,0.31070943665131023,0.573397985021017,0.05914158981877774,0.057704430525424275,0.016791333579515278,-0.27072433057527495,0.0,1.0
2013-12-23,1822.9200439453125,1829.75,1822.9200439453125,1827.989990234375,2851540000,0.43372458768856975,-1.2533979760779497,0.9283302545092116,0.8156411406244295,0.5048934500264664,0.748574588160362,0.12079178211057273,0.07261335830370834,0.16074511821774295,-0.2499983678887722,0.0,1.0
2013-12-24,1828.02001953125,1833.3199462890625,1828.02001953125,1833.3199462890625,1307630000,0.21901412226573397,-4.570532454843536,1.0651690446331867,0.5652372857525462,0.5908330397405527,0.7675295396742408,0.1798399635197704,0.09726282929830381,0.269640622454441,-0.2711053305314404,0.0,1.0
2013-12-26,1834.9599609375,1842.8399658203125,1834.9599609375,1842.02001953125,1982270000,0.38254965973335986,-2.8004716996727517,1.2781479079126845,0.6785639257078708,0.7436980528597404,0.8819919885940216,0.24536459455390702,0.13110012960016673,0.3723569990503738,-0.5069043677893293,0.0,1.0
2013-12-27,1842.969970703125,1844.8900146484375,1839.81005859375,1841.4000244140625,2052920000,-0.07166074749517932,-2.6514704440064913,1.2435001826041139,0.34476013281667134,0.6897679055369738,0.7047593311134707,0.2898072749788009,0.167745444960099,0.403749520890495,-0.5631772041584688,0.0,1.0
2013-12-30,1841.469970703125,1842.469970703125,1838.77001953125,1841.0699462890625,2293860000,-0.05759944564566699,-2.1793161027641124,1.223808879825453,0.1127432969265463,0.6412762941518195,0.563978319096314,0.3180166912211679,0.2031396061579506,0.389762101469218,-0.5622742286400919,0.0,1.0
2013-12-31,1842.6099853515625,1849.43994140625,1842.4100341796875,1848.3599853515625,2312840000,0.3123145050018952,-2.1442565717393767,1.4180174238314645,0.2642186117386425,0.7520341380047778,0.6676822800197469,0.3539610461800757,0.23919938871954505,0.3972034907660816,-0.5738796467063162,0.0,1.0
2014-01-02,1845.8599853515625,1845.8599853515625,1827.739990234375,1831.97998046875,3080600000,-0.8336061217234263,-0.9246589870581433,0.49254236355809616,-0.4967695431954212,0.33716796719848646,0.06480453127742433,0.3310240968277272,0.26310529439595864,0.26132784990590996,-0.42486753719376186,0.0,1.0
2014-01-03,1833.2099609375,1838.239990234375,1829.1300048828125,1831.3699951171875,2774270000,-0.07133727697159306,-1.370280755701702,0.4610156999411675,-0.4253812054564045,0.27904208808087294,0.015704829670211116,0.30521038428719605,0.27666828054095055,0.14569801154456727,-0.7547993395689601,0.0,1.0
2014-01-06,1832.31005859375,1837.1600341796875,1823.72998046875,1826.77001953125,3294850000,-0.2660662464355029,-0.6385899057459564,0.21792946351630915,-0.5052304116635847,0.1269626760612756,-0.14227475240627344,0.26655903036862827,0.2791909746778949,0.022271818729831375,-0.7352616665005415,0.0,1.0
2014-01-07,1828.7099609375,1840.0999755859375,1828.7099609375,1837.8800048828125,3511750000,0.5019747920651871,-0.36733740132433523,0.6124577405247829,0.051246237007555304,0.34117032662881125,0.1824964719118958,0.2611203514892816,0.2800373299567482,0.003530998924452218,-0.7140993646773502,0.0,1.0
2014-01-08,1837.9000244140625,1840.02001953125,1831.4000244140625,1837.489990234375,3652140000,-0.06054478418755017,-0.20055883445766337,0.5905472142636247,0.13601944913858718,0.2989947722413049,0.12160548200970735,0.2504124417813505,0.2784073228433374,-0.024153774438783665,-0.7510979045449251,0.0,1.0
2014-01-09,1839.0,1843.22998046875,1830.3800048828125,1838.1300048828125,3581150000,-0.010448857055973813,-0.2840753970490694,0.6140382651593457,0.10791121310507103,0.2728751016208012,0.10014913709382092,0.23850642141788606,0.2745380847980329,-0.04918750982867956,-0.7636725179203533,0.0,1.0
2014-01-10,1840.06005859375,1843.1500244140625,1832.4300537109375,1842.3699951171875,3335710000,0.16457979899158076,-0.5861513142170565,0.7726329946101496,0.20428535706752318,0.2999709765030016,0.18671469765381907,0.2356120320857444,0.2708190786669653,-0.04750797515694899,-0.7976011970467282,0.0,1.0
2014-01-13,1841.260009765625,1843.449951171875,1815.52001953125,1819.199951171875,3591350000,-1.1655694734240112,-0.2719742294628356,-0.46667024130928797,-0.8217084250671991,-0.272124701891713,-0.5380706740394695,0.16508283916308164,0.2526478836575977,-0.2090778548112018,-0.5457138490790677,0.0,1.0
2014-01-14,1821.3599853515625,1839.260009765625,1821.3599853515625,1838.8800048828125,3353270000,0.9252700524496503,-0.56381235271715,0.27005682594466707,0.10138087124000297,0.09939926059308547,0.09675150765037989,0.1591897111846144,0.2368412134972192,-0.1826433819083264,-0.36785061741916447,0.0,1.0
2014-01-15,1840.52001953125,1850.8399658203125,1840.52001953125,1848.3800048828125,3777800000,0.42014576504303097,-0.05662909809538088,0.5642737251937137,0.4476959858910209,0.24290714606027164,0.3366004578014216,0.1762505758259428,0.22787175567576667,-0.1062059934910242,-0.3541873475720339,0.0,1.0
2014-01-16,1847.989990234375,1847.989990234375,1840.300048828125,1845.8900146484375,3491310000,-0.16197670474859666,-0.3921739728627159,0.4438461293969334,0.25612712688101213,0.1135954605513566,0.19085604437499387,0.17841251126939112,0.22116199298509748,-0.08094347627578351,-0.46072017797120934,0.0,1.0
2014-01-17,1844.22998046875,1846.0400390625,1835.22998046875,1838.699951171875,3626120000,-0.38970728869740007,-0.2309802168057676,0.10089285892766735,-0.04914516567467967,-0.07915294680022725,-0.06864138605052941,0.1560630139421275,0.21097883295895223,-0.11977471452004011,-0.43480213089448994,0.0,1.0
2014-01-21,1841.050048828125,1849.31005859375,1832.3800048828125,1843.800048828125,3782470000,0.20632342950873978,-0.05137283617713568,0.28102065336895227,-0.04071118601099367,-0.0033385704265145194,0.06868752064230473,0.14827085667135673,0.20115343212136724,-0.11577510522018661,-0.4425492901888242,0.0,1.0
2014-01-22,1844.7099609375,1846.8699951171875,1840.8800048828125,1844.8599853515625,3374170000,0.009799432895867282,-0.5373763846865158,0.31906880404222276,-0.04714663515189038,-0.009428231372063776,0.06752428225754756,0.14095810057360342,0.19171752884935409,-0.11142067314591736,-0.4824515692151363,0.0,1.0
2014-01-23,1842.2900390625,1842.2900390625,1820.06005859375,1828.4599609375,3972250000,-0.8360785736712588,0.1569171608621546,-0.44987239115215377,-0.6337509015418374,-0.37682594426333965,-0.4401459130649745,0.08650305684184036,0.17243609993810857,-0.2214898402498801,-0.3791510905325122,0.0,1.0
2014-01-24,1826.9599609375,1826.9599609375,1790.2900390625,1790.2900390625,4618450000,-1.9073076446740227,0.7982107365518647,-1.6538292401803232,-1.923047091793751,-1.1837563199505843,-1.507361882253743,-0.06361769285218286,0.1246664292128021,-0.539977360736844,0.010820784178856924,0.0,1.0
2014-01-27,1791.030029296875,1795.97998046875,1772.8800048828125,1781.56005859375,4045200000,-0.4773941770427507,0.23434522290638493,-1.8573645626331514,-1.8056199675384965,-1.3134659884368953,-1.556969166175341,-0.20671709456476603,0.0556189617949353,-0.7778548947127915,-0.011099951824546843,0.0,1.0
2014-01-28,1783.0,1793.8699951171875,1779.489990234375,1792.5,3437830000,0.5072378610818725,-0.45785169077602955,-1.4066781775442985,-0.7955758660985791,-1.0143338487556304,-1.0207063730158414,-0.289058421498518,-0.017360006150871236,-0.8218075493942997,-0.04041866995748076,0.0,1.0
2014-01-29,1790.1500244140625,1790.1500244140625,1770.449951171875,1774.199951171875,3964020000,-0.9540218804482395,0.14809284745647278,-1.837729209489902,-1.0033704327342075,-1.352478708177376,-1.426692873214011,-0.40257611124318465,-0.10020133206950474,-0.9320648954748918,-0.15604318368291722,0.0,1.0
2014-01-30,1777.1700439453125,1798.77001953125,1777.1700439453125,1794.18994140625,3547510000,0.9654056416065978,-0.324231233531439,-1.1070076656652905,0.29963251177005734,-0.8426720192021273,-0.6403942794717736,-0.4348356553020578,-0.17342492905728335,-0.8245424074288987,-0.019715654526625503,0.0,1.0
2014-01-31,1790.8800048828125,1793.8800048828125,1772.260009765625,1782.5899658203125,4059690000,-0.6194104713959372,0.24955837093292924,-1.3857420609903452,-0.1901164321381389,-1.0496523721192348,-0.9069702113087846,-0.4891877417762165,-0.2437143301058796,-0.791739232161274,-0.012929636474882265,0.0,1.0
2014-02-03,1782.6800537109375,1784.8299560546875,1739.6600341796875,1741.8900146484375,4726040000,-2.082165920379191,0.8961897052268056,-2.151702333755218,-1.7939579017191498,-1.8714051408713173,-2.0017974413783355,-0.6395648859908439,-0.3323456204690754,-0.9967944576462632,0.2715260459014375,0.0,1.0
2014-02-04,1743.8199462890625,1758.72998046875,1743.8199462890625,1755.199951171875,4068410000,0.6413383293606288,0.25868740822723235,-1.7187952143320906,-0.7806083081840349,-1.4919403947372258,-1.3235314932271967,-0.7162140740194121,-0.4197652370691153,-0.9832484138087608,0.3466821933180771,0.0,1.0
2014-02-05,1753.3800048828125,1755.7900390625,1737.9200439453125,1751.6400146484375,3984290000,-0.222849771160091,0.1697937232324231,-1.782934989334278,-0.7355167540616783,-1.4780183573268222,-1.2508775935929415,-0.7802181608226941,-0.5034910423496856,-0.9419530325085401,0.3303597214774795,0.0,1.0
2014-02-06,1752.989990234375,1774.06005859375,1752.989990234375,1773.4300537109375,3825410000,1.0702192057112683,-0.0033441876920990775,-1.1137093057694236,0.543947379108177,-0.9114389915144864,-0.4280088124631377,-0.7644738962370874,-0.5670794786254693,-0.7168250388146623,0.50533470397329,0.0,1.0
2014-02-07,1776.010009765625,1798.030029296875,1776.010009765625,1797.02001953125,3775990000,1.1472682541392154,-0.0586680690722993,-0.5062850023961002,1.5636363237537039,-0.3278643290458116,0.32233484756382424,-0.681520997499357,-0.6000774663663592,-0.3748356605984989,0.38598565821694314,0.0,1.0
2014-02-10,1796.199951171875,1799.93994140625,1791.8299560546875,1799.8399658203125,3312160000,0.09867052864305657,-0.6162957790312731,-0.43845216134456944,1.1234193120855078,-0.21520259879284453,0.33518135280889655,-0.6034825544290447,-0.6096619478848507,-0.11308172045196367,0.3635302904425107,0.0,1.0
2014-02-11,1800.449951171875,1823.5400390625,1800.4100341796875,1819.75,3699380000,0.9470900620254504,-0.14587787939275448,0.017153986239874287,1.4551580319057278,0.2384233362724923,0.854084648379214,-0.48359095992954604,-0.5914980807870327,0.19713408037202668,0.4147767546255963,0.0,1.0
2014-02-12,1820.1199951171875,1826.550048828125,1815.969970703125,1819.260009765625,3326380000,-0.0656438932173682,-0.5980683652754946,0.0036536868279308265,0.7673884258038706,0.24985060576369278,0.6848970694436496,-0.38789146111052153,-0.5563478849072908,0.38703466361058536,0.30912867679595285,0.0,1.0
2014-02-13,1814.8199462890625,1830.25,1809.219970703125,1829.8299560546875,3289510000,0.4776882535714441,-0.6454911143029055,0.2404334200121343,0.7281118186681012,0.5126587119620535,0.8693434285391402,-0.2820836876878545,-0.5054307300913181,0.5633031637867328,0.25729091005966176,0.0,1.0
2014-02-14,1828.4599609375,1841.6500244140625,1825.5899658203125,1838.6300048828125,3114750000,0.3882416932352584,-0.8777531783565076,0.42997414982846766,0.7472769029635854,0.7221161807136794,0.9714508967270897,-0.17438739727927507,-0.4414931144098596,0.7088668782381937,0.1966892144664576,0.0,1.0
2014-02-18,1839.030029296875,1842.8699951171875,1835.010009765625,1840.760009765625,3421110000,0.06195905861932836,-0.47859497401036244,0.4762656051115154,0.45588591105342313,0.7683678200727586,0.8607582098694857,-0.08462339877699711,-0.37100276322203535,0.7821239257404822,-0.5724450709192709,0.0,1.0
2014-02-19,1838.9000244140625,1847.5,1826.989990234375,1828.75,3661570000,-0.6247000587111775,-0.18958719404908733,0.0791635590950945,-0.2003279993918196,0.5114974316690651,0.35282140995956224,-0.04848189678135312,-0.3068235520102842,0.711567822785977,-0.4025040564808704,0.0,1.0
2014-02-20,1829.239990234375,1842.7900390625,1824.5799560546875,1839.780029296875,3404980000,0.4974786920356332,-0.49870258772735954,0.3430881627290987,0.1280683850539173,0.7694950546247885,0.5999895615776423,0.00805004092658712,-0.2432999959382063,0.7042378520179677,-0.4563086302137174,0.0,1.0
2014-02-21,1841.0699462890625,1846.1300048828125,1835.5999755859375,1836.25,3403880000,-0.2130633540109851,-0.5000773121626917,0.22278850607493494,-0.0999701926864,0.6797296313095977,0.3821041375535178,0.04021795514344415,-0.1855503570948789,0.6396876915102003,-0.4976483804010598,0.0,1.0
2014-02-24,1836.780029296875,1858.7099609375,1836.780029296875,1847.6099853515625,4014530000,0.51133664447657,0.20196403723447595,0.4978006625014412,0.3523776435586547,0.8721733036312586,0.6331120125148189,0.09352542020852776,-0.1278651932869925,0.6389668855613835,-0.6421225329059311,0.0,1.0
2014-02-25,1847.6600341796875,1852.9100341796875,1840.18994140625,1845.1199951171875,3515560000,-0.1620268824246229,-0.3627238721234282,0.40551071662935434,0.19324932935594363,0.7412678443234222,0.4407267100633322,0.1250284261334672,-0.07492952722914935,0.5858693384455383,-0.6176021658537845,0.0,1.0
2014-02-26,1845.7900390625,1852.6500244140625,1840.6600341796875,1845.1600341796875,3716730000,-0.0396393312423132,-0.12597016156628263,0.4065617504539277,0.0397958317909372,0.6809845714216829,0.3521550502807946,0.14598679567608794,-0.028065372369085025,0.5179921925124746,-0.760044595433278,0.0,1.0
2014-02-27,1844.9000244140625,1854.530029296875,1841.1300048828125,1854.2900390625,3547460000,0.4006527657556635,-0.32429120115085724,0.6472146243018334,0.3330416579787313,0.7954203185121361,0.5414184725936207,0.18322689847428517,0.017449582729846726,0.502908661230715,-0.7459952902207457,0.0,1.0
2014-02-28,1855.1199951171875,1867.9200439453125,1847.6700439453125,1859.449951171875,3917450000,0.20712214970968634,0.09781213378338018,0.7784456133451111,0.35645897891222866,0.8366623000418196,0.585416403255339,0.22197526250548463,0.06221014307082451,0.49447481973578156,-0.776592444478033,0.0,1.0
2014-03-03,1857.6800537109375,1857.6800537109375,1834.43994140625,1845.72998046875,3428220000,-0.7010280515168488,-0.4697617542859155,0.1994299151788008,-0.27068399704451823,0.4533290717440903,0.07584145652634802,0.2099913690849342,0.09543658071388186,0.36552779088684884,-0.6712362658375374,0.0,1.0
2014-03-04,1849.22998046875,1876.22998046875,1849.22998046875,1873.9100341796875,3765770000,1.3229615613150172,-0.07019930403870597,0.8916583793561114,0.7806041878916531,0.9372493469702037,0.857313086390373,0.2726289014464254,0.13551340946143065,0.4421125128038948,-0.3782577888181793,0.0,1.0
2014-03-05,1874.050048828125,1876.530029296875,1871.1099853515625,1873.81005859375,3392990000,-0.046346990043029355,-0.5137111039011367,0.8875844862803698,0.5056330434097233,0.7982662527054996,0.6992590945196716,0.31591663879205656,0.17690150730516102,0.4567719939280664,-0.47014770548448787,0.0,1.0
2014-03-06,1874.1800537109375,1881.93994140625,1874.1800537109375,1877.030029296875,3360450000,0.11200280834810517,-0.5547119889454382,0.9607978734139256,0.44233723149389736,0.7267399018761276,0.6614802645918231,0.352602167368957,0.21791613003625326,0.452596686678006,-0.48975908425746356,0.0,1.0
2014-03-07,1878.52001953125,1883.5699462890625,1870.56005859375,1878.0400390625,3564740000,0.006512609721432221,-0.3036165590732789,0.9847524489787988,0.31536938772690315,0.6300310234343719,0.5661087632333737,0.37767192339652134,0.2561292761709876,0.42127726230988305,-0.5095375034152219,0.0,1.0
2014-03-10,1877.8599853515625,1877.8699951171875,1867.0400390625,1877.1700439453125,3021350000,-0.08298107291821645,-1.0072876504091355,0.9414987056156343,-0.017719890620088094,0.5197015413610463,0.4318463584477025,0.38822983621876656,0.28897456657500775,0.36126671223223306,-0.5273847072323791,0.0,1.0
2014-03-11,1878.260009765625,1882.3499755859375,1863.8800048828125,1867.6300048828125,3392400000,-0.4957914367171689,-0.5144510065227914,0.47470111815826727,-0.401924177090749,0.2310732209734086,0.07047442479642037,0.36366054706904877,0.30995717991121186,0.22864657265585664,-0.4781143483244464,0.0,1.0
2014-03-12,1866.1500244140625,1868.3800048828125,1854.3800048828125,1868.199951171875,3270860000,-0.014304313977398437,-0.6696818479646832,0.49252231274165215,-0.3235954992250317,0.18943606196346552,0.054617058113579184,0.33941286699269085,0.3215189444362225,0.12332512816858575,-0.47896416119689317,0.0,1.0
2014-03-13,1869.06005859375,1874.4000244140625,1841.8599853515625,1846.3399658203125,3670990000,-1.087356100806306,-0.17865536367722876,-0.4496301616961997,-1.0564934860333277,-0.3257338596859554,-0.6017706331146226,0.2545425949946428,0.31248248378113075,-0.10695505924561295,-0.31738068336036257,0.0,1.0
2014-03-14,1845.0699462890625,1852.43994140625,1839.5699462890625,1841.1300048828125,3285460000,-0.2937731974865612,-0.6507326514782737,-0.6409703872592453,-0.9588595655767584,-0.45374048804489714,-0.6807058571356184,0.16853625992862548,0.2867226705349238,-0.2939156704246675,-0.32625301530399864,0.0,1.0
2014-03-17,1842.81005859375,1862.300048828125,1842.81005859375,1858.8299560546875,2860490000,0.8176332470490855,-1.2400649024068264,-0.017280849539412762,0.04028131760305417,-0.08369442786847296,-0.08878789795863044,0.1450794421852238,0.26106089041542746,-0.2928196980001335,-0.2773710387018618,0.0,1.0
2014-03-18,1858.9200439453125,1873.760009765625,1858.9200439453125,1872.25,2930190000,0.6036697368406503,-1.1376362274353504,0.379534408340354,0.6252587313367332,0.1785402203847302,0.2885492940252259,0.15922762736609786,0.2435797882004046,-0.20136288438897337,-0.49940697429577785,0.0,1.0
2014-03-19,1872.25,1874.1400146484375,1850.3499755859375,1860.77001953125,3289210000,-0.5895907041891025,-0.645879154950095,-0.06587003597277796,0.15754894191113095,-0.11116335996700105,-0.10640501626078913,0.13479206457050869,0.22433009968591922,-0.2211349948954561,-0.4537099976358343,0.0,1.0
2014-03-20,1860.0899658203125,1873.489990234375,1854.6300048828125,1872.010009765625,3327540000,0.4982872201361567,-0.5965848986287482,0.26257348309188105,0.44222112740714664,0.10163204780462883,0.21077551616428727,0.14234716491465121,0.21055814617798202,-0.1598960370297204,-0.4042746250201413,0.0,1.0
2014-03-21,1874.530029296875,1883.969970703125,1863.4599609375,1866.52001953125,5270710000,-0.3036842469338923,1.360279792391028,0.049671618197251396,-0.05163235534794048,-0.05327130947668409,-0.000262401891126538,0.12926900527465426,0.1967228057076717,-0.1606046787426478,-0.3973866872673765,0.0,1.0
2014-03-24,1867.6700439453125,1873.3399658203125,1849.68994140625,1857.43994140625,3409000000,-0.4763588473857535,-0.4936823692623975,-0.28929561174507545,-0.461854442127643,-0.2646546886548776,-0.2816072575707018,0.09038654128536604,0.17727704432955413,-0.22332701364412424,-0.3768452031558236,0.0,1.0
2014-03-25,1859.47998046875,1871.8699951171875,1855.9599609375,1865.6199951171875,3200560000,0.3520203474456009,-0.7621240304622167,-0.02512425366838719,-0.018781900876057727,-0.10669165310531105,-0.025160276946554753,0.07878656224152637,0.15922114153804762,-0.20778893242568988,-0.3715924968165036,0.0,1.0
2014-03-26,1867.0899658203125,1875.9200439453125,1852.56005859375,1852.56005859375,3480850000,-0.6672275276847031,-0.404940184305861,-0.49738815179355866,-0.5517216238671213,-0.4030335169468335,-0.41686883841235517,0.03078719750213395,0.1344346325726087,-0.283034505167633,-0.32026840683829866,0.0,1.0
2014-03-27,1852.1099853515625,1855.550048828125,1842.1099853515625,1849.0400390625,3733430000,-0.21139744625262133,-0.1068958458581482,-0.617925762123381,-0.5026499907884825,-0.47495440484387774,-0.4752196209499596,-0.01917445555966439,0.10384085041972811,-0.3479575723871003,-0.48274250272950797,0.0,1.0
2014-03-28,1850.0699462890625,1866.6300048828125,1850.0699462890625,1857.6199951171875,2955520000,0.3731378953429424,-1.1010147063359015,-0.3119969100561582,-0.017801687003532015,-0.2835983211403231,-0.17713773292910076,-0.03711589580002768,0.07550022044115152,-0.32276820289362357,-0.4750087481960068,0.0,1.0
2014-03-31,1859.1600341796875,1875.1800537109375,1859.1600341796875,1872.3399658203125,3274300000,0.666632446032871,-0.6652095000317063,0.1578851273520848,0.5311300264552131,0.01177075887577044,0.2508993895147192,-0.013026245643756677,0.05801799399056391,-0.20137545290758516,-0.5128738103721484,0.0,1.0
2014-04-01,1873.9599609375,1885.8399658203125,1873.9599609375,1885.52001953125,3336190000,0.5875581991553391,-0.5855391202047597,0.522862985778301,0.9591621599287398,0.289492571131016,0.5674629999709861,0.039520932761864344,0.05535385667688376,-0.035714949940387306,-0.5162031408662683,0.0,1.0
2014-04-02,1886.6099853515625,1893.1700439453125,1883.7900390625,1890.9000244140625,3131660000,0.21343537693333975,-0.8547169407493108,0.662142964811466,0.8486033706483337,0.3890112655614767,0.6112159611222426,0.0924997352572616,0.06463718699276833,0.0978531153082111,-0.5924989118764229,0.0,1.0
2014-04-03,1891.4300537109375,1893.800048828125,1882.6500244140625,1888.77001953125,3055600000,-0.14225447373125896,-0.959327903888333,0.5676090318841932,0.37841872667416027,0.3289834353367235,0.43418826804320926,0.12473836151240587,0.07900988061651207,0.1547502278557944,-0.6200620057523891,0.0,1.0
2014-04-04,1890.25,1897.280029296875,1863.260009765625,1865.0899658203125,3583750000,-1.1620902652733978,-0.2809875157203314,-0.3580076529876531,-0.7860011337528823,-0.17841710596210106,-0.328851886747715,0.0816081096483832,0.0812153319785541,0.018725167257602218,-0.39558706134502963,0.0,1.0
2014-04-07,1863.9200439453125,1864.0400390625,1841.47998046875,1845.0400390625,3801540000,-1.0023626712287215,-0.029975974496710703,-0.9667724920153521,-1.4646906720330162,-0.5852207960390088,-0.8728035302467175,-0.01018347773628404,0.0632025767313468,-0.20730655957556274,-0.28944975079705293,0.0,1.0
2014-04-08,1845.47998046875,1854.949951171875,1837.489990234375,1851.9599609375,3721450000,0.29362441805520345,-0.12057042290842417,-0.7338153446193096,-0.8352380314995308,-0.41541921502502405,-0.56253836139333,-0.06552588352410303,0.036868478102606336,-0.3003359587923662,-0.29662973258916786,0.0,1.0
2014-04-09,1852.6400146484375,1872.4300537109375,1852.3800048828125,1872.1800537109375,3308650000,0.9342290174162383,-0.6208069927264279,-0.1254062426490525,0.28080126944156103,0.026333761773878972,0.0811560845793523,-0.05542019935560677,0.01797853698358942,-0.21711315821166888,-0.22524753010972645,0.0,1.0
2014-04-10,1872.280029296875,1872.530029296875,1830.8699951171875,1833.0799560546875,3758780000,-1.908143024770643,-0.07810416319033565,-1.1446344524620427,-1.0289317333036014,-0.8219398025467413,-1.0730973860069728,-0.1558777683741481,-0.018777676415259105,-0.4168511692791004,0.1811991392726767,0.0,1.0
2014-04-11,1830.6500244140625,1835.0699462890625,1814.3599853515625,1815.68994140625,3743460000,-0.8894526388892601,-0.09548080237991474,-1.4939733376953581,-1.3882823302433587,-1.178371929479433,-1.4326459687057114,-0.28262579027775986,-0.07549136295540138,-0.639967996826478,0.20165064258763932,0.0,1.0
2014-04-14,1818.1800537109375,1834.18994140625,1815.800048828125,1830.6099853515625,3111540000,0.6928355665257852,-0.8821402335052123,-1.064583424224677,-0.5491720615801136,-0.818181547260382,-0.8053976286409338,-0.340440167194038,-0.1333188094634975,-0.6524194023195399,0.20646535230679877,0.0,1.0
2014-04-15,1831.449951171875,1844.02001953125,1816.2900390625,1842.97998046875,3736440000,0.5623509957028987,-0.10346697725317948,-0.7343873481326922,0.12022958397534782,-0.512698696500062,-0.346191579616188,-0.3505400666370652,-0.1817568580958485,-0.5474495671212273,0.2023627043369619,0.0,1.0
2014-04-16,1846.010009765625,1862.31005859375,1846.010009765625,1862.31005859375,3155080000,0.8958228954889078,-0.8230168308451654,-0.2665949792656552,1.1289251867517178,-0.08682139687947234,0.24308807636975008,-0.30416640312876275,-0.21051577855978534,-0.3274445286702437,0.3031448547961081,0.0,1.0
2014-04-17,1861.72998046875,1869.6300048828125,1856.719970703125,1864.8499755859375,3341430000,0.0803146661919953,-0.5788617255877786,-0.20779248591881902,0.9448561567416395,-0.022694697111124713,0.25719416201699435,-0.2598506882791395,-0.22397479540165355,-0.15639752618807992,0.3086023060769715,0.0,1.0
2014-04-21,1865.7900390625,1871.8900146484375,1863.1800537109375,1871.8900146484375,2642500000,0.295820325368702,-1.5773231148158504,-0.041567436312184174,0.7417596722506261,0.12707333445289287,0.39820685494025104,-0.20538363204203589,-0.2230067144062523,0.004891845335961458,0.20833168833948804,0.0,1.0
2014-04-22,1872.5699462890625,1884.8900146484375,1872.5699462890625,1879.550048828125,3215440000,0.3241533658306583,-0.7423890490183311,0.13716883127288831,0.6382312314836239,0.27180268222723625,0.5345547444904987,-0.14189365549088861,-0.20855290612921187,0.15565705829384893,0.09857551669938061,0.0,1.0
2014-04-23,1879.3199462890625,1879.75,1873.9100341796875,1875.3900146484375,3085720000,-0.2393921597786315,-0.9175935119619135,0.00863439805784024,0.14111715458994975,0.1689497313618284,0.31115808785342464,-0.10428311332698026,-0.18888641463795167,0.21393283967820412,0.10703313495513408,0.0,1.0
2014-04-24,1881.969970703125,1884.06005859375,1870.239990234375,1878.6099853515625,3191830000,0.11187342079991283,-0.7737451673821849,0.09077038931910256,0.1388891851885257,0.21106652129307266,0.3336502903055932,-0.06725692852926679,-0.16517568030944652,0.25914590975420904,0.018869379488785778,0.0,1.0
2014-04-25,1877.719970703125,1877.719970703125,1859.699951171875,1863.4000244140625,3213020000,-0.7651881404688459,-0.7455924094614772,-0.38777530501717183,-0.5534732498471518,-0.14072475397322845,-0.17407442916895768,-0.08135618593462508,-0.14924487290812344,0.17216933700604406,-0.4010359879402291,0.0,1.0
2014-04-28,1865.0,1877.010009765625,1850.6099853515625,1869.4300537109375,4034680000,0.2476397326602929,0.22326602188639214,-0.21718709918326412,-0.25085090750357475,-0.02067960259415443,0.00393995846231448,-0.0774435684707788,-0.13565722717663825,0.14597369617999537,-0.5967368943211192,0.0,1.0
2014-04-29,1870.780029296875,1880.5999755859375,1870.780029296875,1878.3299560546875,3647820000,0.38391064477680714,-0.2055945441470094,0.028143293256422782,0.17363699528259935,0.16908086552269064,0.2362309107343521,-0.05163951494787959,-0.11922745329577843,0.1777475891814846,-0.6388147128777449,0.0,1.0
2014-04-30,1877.0999755859375,1885.199951171875,1872.68994140625,1883.949951171875,3779230000,0.22583071260580936,-0.055018889041825114,0.1792249914710274,0.35467795129243357,0.2948477732902782,0.3385521240147123,-0.01792015048687041,-0.0988185697908522,0.22223249513623655,-0.670745191287509,0.0,1.0
2014-05-01,1884.3900146484375,1888.5899658203125,1878.0400390625,1883.6800537109375,3416740000,-0.0543826484566281,-0.4840332255858343,0.16913069415110446,0.29492751894388486,0.29694729143437854,0.2570742953519369,0.005558743624706491,-0.07743277696202407,0.23315396338060373,-0.8149292091910804,0.0,1.0
2014-05-02,1885.300048828125,1891.3299560546875,1878.5,1881.1400146484375,3159560000,-0.16209510386719017,-0.8169797518538793,0.06902774116138298,0.012537552510127333,0.24938847796193986,0.12369876099380267,0.014557807303379133,-0.05838523376006375,0.2070132372943365,-0.8031662307758487,0.0,1.0
2014-05-05,1879.449951171875,1885.510009765625,1866.77001953125,1884.6600341796875,2733730000,0.1256599055644607,-1.4329125744174909,0.18022170953114847,0.034298049600996916,0.30525028838734913,0.1833660828630668,0.02863130447416579,-0.04011496935322167,0.1983235611184584,-0.8200073729831231,0.0,1.0
2014-05-06,1883.68994140625,1883.68994140625,1867.719970703125,1867.719970703125,3327260000,-0.8449101340990777,-0.5969429294308443,-0.4768744166647104,-0.6508842669363777,-0.0935948970979809,-0.34815993617047736,-0.00926036284024023,-0.03366277300632261,0.06620213298947888,-0.6914923342892848,0.0,1.0
2014-05-07,1868.530029296875,1878.8299560546875,1859.7900390625,1878.2099609375,3632950000,0.460389259699774,-0.22297381806670033,-0.12527249822891617,-0.11267780630290171,0.10859144200727117,-0.017258411721301766,-0.012650902074686414,-0.029231530464991315,0.04360865141364202,-0.6389427820346175,0.0,1.0
2014-05-08,1877.3900146484375,1889.0699462890625,1870.050048828125,1875.6300048828125,3393420000,-0.16434553885750047,-0.5131719338881817,-0.22374302496313264,-0.15763616922682142,0.04791886574100054,-0.1092663731542403,-0.02460469740506922,-0.028262062225211056,0.004907354191350254,-0.6406507138588872,0.0,1.0
2014-05-09,1875.27001953125,1878.5699462890625,1867.02001953125,1878.47998046875,3025020000,0.09422341164303377,-1.0021226689647826,-0.12381803100501783,-0.0009770145481263852,0.060426153944033514,-0.03263371686857294,-0.02832770737058026,-0.02828863523001323,-0.006228001523484694,-0.7684848881382067,0.0,1.0
2014-05-12,1880.030029296875,1897.1300048828125,1880.030029296875,1896.6500244140625,3005740000,0.8229155348604628,-1.0293267356828086,0.45200172378227493,0.7287002444511321,0.3700575735138661,0.46696035670916786,0.01620754897214333,-0.018714472409794066,0.10110451017445442,-0.6426548189397043,0.0,1.0
2014-05-13,1896.75,1902.1700439453125,1896.06005859375,1897.449951171875,2915680000,-0.003884446512870697,-1.1587573267540903,0.4753172400127307,0.48881762862703315,0.3133842821620179,0.39577075516277915,0.050688182628373386,-0.003626057172992713,0.1627517185546396,-0.6626746756195002,0.0,1.0
2014-05-14,1897.1300048828125,1897.1300048828125,1885.77001953125,1888.530029296875,2822060000,-0.4617278561576905,-1.2976130180389946,0.07744134868414458,-0.017862832930991116,0.0676511510467089,0.060620078315483154,0.050399024619824546,0.008382373974079066,0.12831868817390477,-0.62389104783477,0.0,1.0
2014-05-15,1888.1600341796875,1888.1600341796875,1862.3599853515625,1870.8499755859375,3552640000,-0.8782838321456461,-0.31808304346879995,-0.6027013410821352,-0.7887587766927647,-0.3287452054878741,-0.4712643096344585,-0.0010109413539504829,0.006912495130175785,-0.02236360234433969,-0.4963872245420093,0.0,1.0
2014-05-16,1871.18994140625,1878.280029296875,1864.8199462890625,1877.8599853515625,3173650000,0.293303692645985,-0.7980482447566587,-0.3517858924994442,-0.4599299382828842,-0.18953318808993966,-0.2211914883618435,-0.024574247702806223,0.0006597188445591003,-0.075834545089669,-0.47344839306073816,0.0,1.0
2014-05-19,1876.6600341796875,1886.0,1872.4200439453125,1885.0799560546875,2664250000,0.302046402780313,-1.542446812603921,-0.1037693430768809,-0.020352001185943366,-0.04602223297934596,-0.0036192094960889177,-0.025479424790837476,-0.004537528690017197,-0.06403414207021549,-0.4576992715389342,0.0,1.0
2014-05-20,1884.8800048828125,1884.8800048828125,1868.1400146484375,1872.8299560546875,3007700000,-0.6223686231397217,-1.0265532209802877,-0.5614614323771892,-0.3592434574207475,-0.30665075403115505,-0.37186990119955327,-0.0617033187642047,-0.01650000888623544,-0.13966682554667728,-0.5127170384270269,0.0,1.0
2014-05-21,1873.3399658203125,1888.800048828125,1873.3399658203125,1888.030029296875,2777140000,0.6837920233145047,-1.3658815324731457,-0.05126128672157636,0.34882524649775215,0.012004620846473303,0.09530441158700316,-0.050348422647284646,-0.023623504123087242,-0.08556884605600676,-0.46740980736238047,0.0,1.0
2014-05-22,1888.18994140625,1896.3299560546875,1885.3900146484375,1892.489990234375,2759800000,0.16954392233726198,-1.3925303573776995,0.08694328241051441,0.3539503385227847,0.0942720610063623,0.18558199398404304,-0.031126946335045723,-0.025180903654943385,-0.023342049771153527,-0.46978027059798994,0.0,1.0
2014-05-23,1893.3199462890625,1901.260009765625,1893.3199462890625,1900.530029296875,2396280000,0.33811835540220175,-1.9934648980269016,0.329889961968431,0.5144231320169347,0.22907050929986442,0.3628661098610325,0.0037991508702736004,-0.018901760174952535,0.06426746889702652,-0.4561175521499148,0.0,1.0
2014-05-27,1902.010009765625,1912.280029296875,1902.010009765625,1911.9100341796875,2911020000,0.49357729025196945,-1.1655628374201261,0.646956094196874,0.7889943647639099,0.43055750950448257,0.6061664777986063,0.05973719402066504,-0.0018262168745880945,0.1849670414231046,-0.526921929075059,0.0,1.0
2014-05-28,1911.77001953125,1914.4599609375,1907.300048828125,1909.780029296875,2976450000,-0.14114814662270794,-1.0709906440508437,0.5508866097441063,0.35007236107894085,0.3493561082471672,0.4306004287610803,0.09466767595976665,0.019360225591633327,0.23092530346156812,-0.5220531002058766,0.0,1.0
2014-05-29,1910.5999755859375,1920.030029296875,1909.8199462890625,1920.030029296875,2709050000,0.43810304565389097,-1.4714981265816045,0.8316623697258344,0.5242139932539379,0.5327947494873552,0.6303068562556243,0.14649287486685933,0.047475468061046036,0.3083866065272168,-0.5468275512975161,0.0,1.0
2014-05-30,1920.3299560546875,1924.030029296875,1916.6400146484375,1923.5699462890625,3263490000,0.12319869826812362,-0.6792794479879986,0.9247089594207694,0.400643819513829,0.5656795719711281,0.6100303935899872,0.19267032495318612,0.07991690497393601,0.35675178646498,-0.7793770270854917,0.0,1.0
2014-06-02,1923.8699951171875,1925.8800048828125,1915.97998046875,1924.969970703125,2509020000,0.023470206556077462,-1.797857033463535,0.9626904935176492,0.24130880323605303,0.5476378435322672,0.5329247878573422,0.22806265659627983,0.11349557096257264,0.3694655675022304,-0.7744071174172326,0.0,1.0
2014-06-03,1923.0699462890625,1925.0699462890625,1918.7900390625,1924.239990234375,2867180000,-0.07547097070619245,-1.2301258336514835,0.92180434728693,0.09620014088964861,0.4880940150513125,0.4083867584783912,0.24879472933709104,0.14482536859568815,0.3443240894452028,-0.7650965202773037,0.0,1.0
2014-06-04,1923.06005859375,1928.6300048828125,1918.5999755859375,1927.8800048828125,2793920000,0.1274873799097218,-1.34025128486744,1.0315618531254058,0.09678781947353525,0.5007584480496097,0.42518875288957464,0.2697185319348578,0.17439738103466032,0.3246727311169009,-0.9546716926041113,0.0,1.0
2014-06-05,1928.52001953125,1941.739990234375,1922.9300537109375,1940.4599609375,3113270000,0.5416136347117998,-0.8797753084517925,1.3790131314434528,0.4794791274979684,0.7045109046468783,0.687774686829492,0.3149271319737391,0.20779548864874273,0.3674469947384129,-0.9975751003928991,0.0,1.0
2014-06-06,1942.4100341796875,1949.43994140625,1942.4100341796875,1949.43994140625,2864300000,0.37202400689007165,-1.2344016900450347,1.5950822314563757,0.6491801691383259,0.8170518251063343,0.8082418941492253,0.3688324444210109,0.24612823772225587,0.4226143768873023,-0.9885785475955653,0.0,1.0
2014-06-09,1948.969970703125,1955.550048828125,1947.1600341796875,1951.27001953125,2812180000,0.042323282421799543,-1.3125347562007001,1.637787264375993,0.49337660296793373,0.7761833809307973,0.7114012549939227,0.4094442822342728,0.2855445312322958,0.4347279844303455,-0.9842334956132058,0.0,1.0
2014-06-10,1950.3399658203125,1950.8599853515625,1944.6400146484375,1950.7900390625,2702360000,-0.06356336937542234,-1.4820180666805998,1.6047139857073236,0.2328368580916813,0.7062606610495826,0.5659814701230608,0.43288026147250347,0.32212700576643166,0.40304698477317674,-1.0053892214190687,0.0,1.0
2014-06-11,1949.3699951171875,1949.3699951171875,1940.0799560546875,1943.8900146484375,2710620000,-0.3576993673044193,-1.469033085344524,1.1320720690429735,-0.21879991584806022,0.5069650688680429,0.26639624974438625,0.42508928057586925,0.3497143660348101,0.30248508777383265,-0.9441935198324442,0.0,1.0
2014-06-12,1943.3499755859375,1943.3499755859375,1925.780029296875,1930.1099853515625,3040480000,-0.6751437449278506,-0.9804335859613477,0.3158184610017574,-0.7424574790549013,0.16569596691765645,-0.17642985813531673,0.37416450956412056,0.3608121690135779,0.11813821760286482,-0.8207071825731741,0.0,1.0
2014-06-13,1930.800048828125,1937.300048828125,1927.68994140625,1936.1600341796875,2598230000,0.2385705490038404,-1.6492059891100899,0.5349425716172048,-0.35363509760988315,0.2248271739109708,-0.003463667394413636,0.3440886892652064,0.36321037314989646,0.02088006869192143,-0.8100427853688454,0.0,1.0
2014-06-16,1934.8399658203125,1941.1500244140625,1930.9100341796875,1937.780029296875,2926130000,0.0332011989481186,-1.1435355028419136,0.5933453842690212,-0.16045598205213238,0.19477150584807718,0.020485771694433372,0.3186125725311584,0.3596399353553016,-0.04584703864093409,-0.8099875632555824,0.0,1.0
2014-06-17,1937.1500244140625,1943.68994140625,1933.550048828125,1941.989990234375,2971260000,0.15259311728481445,-1.0784159619357008,0.7467485972400897,0.10733356921108408,0.2234026938450985,0.11210286743820069,0.30409158160385,0.3536549397276237,-0.07284086094664884,-0.8088997632682171,0.0,1.0
2014-06-18,1942.72998046875,1957.739990234375,1939.2900390625,1956.97998046875,3065220000,0.6482909689160058,-0.9459538462856051,1.225251188870195,0.6614676055935168,0.452493448544675,0.48590144603504737,0.32770882294772835,0.3539554370942686,-0.0025714813244910395,-0.7246566184776854,0.0,1.0
2014-06-19,1957.5,1959.8699951171875,1952.260009765625,1959.47998046875,2952150000,0.0725950194389878,-1.1058688328131967,1.2965832993905042,0.5085240346255672,0.4285265979166605,0.45770412742087346,0.3468857488391019,0.3583276329566872,0.04294853239040875,-0.7795359297213413,0.0,1.0
2014-06-20,1960.449951171875,1963.9100341796875,1959.1700439453125,1962.8699951171875,4336240000,0.11304402372101435,0.5299463291237726,1.3943584348492102,0.41997081885502385,0.42471036873780477,0.45818456753586817,0.3647917082803074,0.36568334932551333,0.07630313723438947,-0.8080672222732497,0.0,1.0
2014-06-23,1962.9200439453125,1963.739990234375,1958.8900146484375,1962.6099853515625,2717630000,-0.05341763800146483,-1.458044145749385,1.3753665065244258,0.18648628086000793,0.35240980028761826,0.3586070594037499,0.3715467506989207,0.37302334185038927,0.07612735074307483,-0.8069745398370429,0.0,1.0
2014-06-24,1961.969970703125,1968.1700439453125,1948.3399658203125,1949.97998046875,3089700000,-0.6167302231794322,-0.9121093029256643,0.5191862858428403,-0.4454788267557963,0.043913219555125234,-0.06382884138650816,0.3357639282087106,0.3711856855263673,-0.026475212267424848,-0.717408121848187,0.0,1.0
2014-06-25,1949.27001953125,1960.8299560546875,1947.489990234375,1959.530029296875,3106710000,0.3961329529378762,-0.8887498522205136,0.8634894637164306,-0.044089006113701174,0.19312461179694082,0.18602035694151128,0.3275311477324642,0.36794175241029514,-0.04219684266995023,-0.7082957134873437,0.0,1.0
2014-06-26,1959.8900146484375,1959.8900146484375,1944.68994140625,1957.219970703125,2778840000,-0.14694070025251663,-1.3632778643322927,0.7169934304088534,-0.12658175643516542,0.10462121394778756,0.07281873846778933,0.30864267861696526,0.36127695790539693,-0.08044074935846524,-0.8339276254096969,0.0,1.0
2014-06-27,1956.56005859375,1961.469970703125,1952.1800537109375,1960.9599609375,4290590000,0.12920382043509118,0.4849174679411438,0.8546513515180155,0.0564634766751636,0.1438765422926087,0.14242676647014443,0.29811528242354096,0.3536769238186603,-0.09089636600989309,-0.8404777192236853,0.0,1.0
2014-06-30,1960.7900390625,1964.239990234375,1958.219970703125,1960.22998046875,3037350000,-0.07484893830879336,-0.9848157960591544,0.8037563674261823,0.04521294782494885,0.09098446145038838,0.07918991858674519,0.2820720398983884,0.3441402717878923,-0.11254700528594279,-0.8350672871007032,0.0,1.0
2014-07-01,1962.2900390625,1978.5799560546875,1962.2900390625,1973.3199462890625,3188240000,0.5552423995377337,-0.7785333027330306,1.2646870992018646,0.4181499001223042,0.3148544686083794,0.40238686800572554,0.2995675180471216,0.34028046888034874,-0.04908202863926169,-0.7762822150452012,0.0,1.0
2014-07-02,1973.06005859375,1976.6700439453125,1972.5799560546875,1974.6199951171875,2851480000,0.017302207746957655,-1.2534875009529955,1.3061906270324295,0.3413835504003529,0.2924514541731132,0.3539870551893254,0.31099745343063395,0.3396552831903192,-0.01292025972230585,-0.8675968329369218,0.0,1.0
2014-07-03,1975.8800048828125,1985.5899658203125,1975.8800048828125,1985.43994140625,1998090000,0.4481485264191824,-2.766650907127506,1.6283780850859784,0.5685611578974091,0.47216595447783366,0.5714268425333678,0.3434990954670304,0.3461578325325857,0.06676505999453398,-0.8238306096737152,0.0,1.0
2014-07-07,1984.219970703125,1984.219970703125,1974.8800048828125,1977.6500244140625,2681260000,-0.39224082520184,-1.5153689736507727,1.0675663241212021,0.07734490787065668,0.2783718776573435,0.2501751762174667,0.34140330977765665,0.35090832085038576,0.04717769566835921,-0.7726147128979534,0.0,1.0
2014-07-08,1976.3900146484375,1976.3900146484375,1959.4599609375,1963.7099609375,3302430000,-0.6715605956047327,-0.628812990557101,0.21881576505762693,-0.5671298403160532,-0.027675946714811366,-0.18790907796737968,0.2954579701796504,0.3448094783368027,-0.07411362508013739,-0.6686072878822151,0.0,1.0
2014-07-09,1965.0999755859375,1974.1500244140625,1965.0999755859375,1972.8299560546875,2858800000,0.3734995043181282,-1.2425793464011428,0.559534644024412,-0.16126834482461344,0.1405884984178553,0.06719775334811041,0.2785499721339735,0.3362874621577056,-0.10120376905869465,-0.7297923930970895,0.0,1.0
2014-07-10,1966.6700439453125,1969.8399658203125,1952.8599853515625,1964.6800537109375,3165690000,-0.41079046618807313,-0.8087330502022965,0.11884919029017095,-0.432952355144052,-0.05240489531811321,-0.18548569024986877,0.23750166014260388,0.32062571365893083,-0.18102321380633324,-0.7182072149383518,0.0,1.0
2014-07-11,1965.760009765625,1968.6700439453125,1959.6300048828125,1967.5699462890625,2684630000,0.08988395928039977,-1.5100247384866177,0.2335731791162371,-0.14818534985688353,-0.031192214236398928,-0.09978537561808071,0.20810565990034274,0.3017627484275898,-0.21681157822526936,-0.7207726340772354,0.0,1.0
2014-07-14,1969.8599853515625,1979.8499755859375,1969.8599853515625,1977.0999755859375,2744920000,0.39131047340470526,-1.415532385150644,0.5911753843803186,0.27750259477331746,0.125382250330648,0.15262563068017998,0.20627701567024834,0.2862783825149033,-0.1790401451287525,-0.6917047647958687,0.0,1.0
2014-07-15,1977.3599853515625,1982.52001953125,1965.3399658203125,1973.280029296875,3328740000,-0.21425847612429505,-0.595050822062044,0.37245045215011086,0.02420420314754744,0.008056494007513517,0.0042981138292332265,0.18967142748508398,0.27031310385973883,-0.1844165635094325,-0.6810791880581128,0.0,1.0
2014-07-16,1976.3499755859375,1983.93994140625,1975.6700439453125,1981.5699462890625,3390950000,0.33389033125822226,-0.5162699581544611,0.6778643483119412,0.3124654848958462,0.1397973193542312,0.2066726444084425,0.19469291056236912,0.25862279331813065,-0.13662407411911295,-0.7254434216054727,0.0,1.0
2014-07-17,1979.75,1981.800048828125,1955.5899658203125,1958.1199951171875,3381680000,-1.0992367469499547,-0.527917117661211,-0.47315560164688536,-0.6636971778991688,-0.35154746429718364,-0.48146441763479647,0.13006881357139932,0.23534684750942217,-0.2661469935596476,-0.5061517265907445,0.0,1.0
2014-07-18,1961.5400390625,1979.9100341796875,1960.8199462890625,1978.219970703125,3106060000,0.8758428216564007,-0.8896401298277954,0.2355337391704732,0.12867145087290152,0.04889097465286969,0.11579835993481362,0.13034604166185684,0.21678582152354356,-0.21343601429076361,-0.3970714839674352,0.0,1.0
2014-07-21,1976.9300537109375,1976.9300537109375,1965.77001953125,1973.6300048828125,2611160000,-0.2489495457976732,-1.628085211074171,0.04074699138641689,-0.0429689940181906,-0.058270014592083724,-0.047558577433683163,0.11415635363654714,0.19844882330315597,-0.21093147055594258,-0.40882111543907645,0.0,1.0
2014-07-22,1975.6500244140625,1986.239990234375,1975.6500244140625,1983.530029296875,2890480000,0.40673622473259313,-1.1956900758894222,0.3576611740338782,0.3026235752539153,0.12650187572997695,0.20615416266125697,0.12475390305882719,0.1860625381957757,-0.14440480047005738,-0.45454842047994404,0.0,1.0
2014-07-23,1985.3199462890625,1989.22998046875,1982.43994140625,1987.010009765625,2869720000,0.11522294115458444,-1.226358328689049,0.4647210485390402,0.40767336690374484,0.1601924943119026,0.24687326671163443,0.13871482033907007,0.17916148385874353,-0.08308204286538408,-0.4728653671265326,0.0,1.0
2014-07-24,1988.0699462890625,1991.3900146484375,1985.7900390625,1987.97998046875,3203530000,0.0020498487378509847,-0.7581776729965825,0.49563346488571275,0.18678098694659054,0.15052862492341146,0.21349476809398207,0.14830869757316187,0.1757077059186077,-0.04454282660743855,-0.5090480359645295,0.0,1.0
2014-07-25,1984.5999755859375,1984.5999755859375,1974.3699951171875,1978.3399658203125,2638960000,-0.47496827461942964,-1.5830266838161058,0.028390114695083655,-0.23719130812660397,-0.07242843633418392,-0.10072567461084504,0.1254456897224276,0.1680186943886541,-0.09189109939689535,-0.4636352004407531,0.0,1.0
2014-07-28,1978.25,1981.52001953125,1967.31005859375,1978.9100341796875,2803320000,-0.01582510517246935,-1.3259606441549359,0.04992017114725922,-0.25841069039226994,-0.07928673050321149,-0.09109628770105442,0.10524987175384953,0.15751616002845167,-0.12334519599885334,-0.49179497828526286,0.0,1.0
2014-07-29,1980.030029296875,1984.8499755859375,1969.949951171875,1969.949951171875,3183300000,-0.44624660299624663,-0.7851308117100929,-0.3710957106277503,-0.5328284790007642,-0.2759237597269488,-0.34016396970505514,0.06139176074076389,0.1396646068426356,-0.20550438290334244,-0.4686539635529117,0.0,1.0
2014-07-30,1973.2099609375,1978.9000244140625,1962.4200439453125,1970.0699462890625,3448250000,-0.036134714419330055,-0.4449753235389227,-0.36580352559518786,-0.37932515506986275,-0.27005253918135663,-0.30591492887144955,0.02424970910527416,0.11738085886714301,-0.2550546056967544,-0.49738923433702537,0.0,1.0
2014-07-31,1965.1400146484375,1965.1400146484375,1930.6700439453125,1930.6700439453125,4193000000,-1.8289971354501247,0.38702660164946134,-1.7404590358608716,-1.6170723652008678,-1.0454511822410988,-1.3483580814816047,-0.11495059570358261,0.06956221636372407,-0.5405248462674247,-0.20050007868333705,0.0,1.0
2014-08-01,1929.800048828125,1937.3499755859375,1916.3699951171875,1925.1500244140625,3789660000,-0.2971107417740447,-0.043292892614302345,-1.8792064626723488,-1.3978302262959466,-1.0990951962587214,-1.3157433291676812,-0.24015776226135274,0.004330574212229848,-0.7351954446972179,-0.37370381188887897,0.0,1.0
2014-08-04,1926.6199951171875,1942.9200439453125,1921.199951171875,1938.989990234375,3072920000,0.6009360826579248,-0.9352792482268372,-1.2645236853678474,-0.4285515003761606,-0.7704875178141258,-0.7593258753563213,-0.30019350759204677,-0.06078984558571719,-0.7339520218199769,-0.2687755880522814,0.0,1.0
2014-08-05,1936.3399658203125,1936.3399658203125,1913.77001953125,1920.2099609375,3462520000,-0.9072109838556871,-0.42740436237382273,-1.7526839614962704,-0.8268678485593145,-1.1184537750282637,-1.1784580916686587,-0.3974169931157938,-0.13383363683541347,-0.8225322488496174,-0.27358230876197326,0.0,1.0
2014-08-06,1917.2900390625,1927.9100341796875,1911.449951171875,1920.239990234375,3539150000,-0.04018106729360858,-0.33426958158876213,-1.7513720094160317,-0.37970878391439966,-1.0640348814516432,-1.0198145579848368,-0.47138620806293174,-0.20820583587658378,-0.8373833339556597,-0.29023552710915923,0.0,1.0
2014-08-07,1923.030029296875,1928.8900146484375,1904.780029296875,1909.5699462890625,3230520000,-0.5381978523513246,-0.7224817703704097,-2.007876780558471,-0.6720736237389172,-1.2312884854997126,-1.179562852999321,-0.5554650014584885,-0.2858189379837723,-0.8736153762267023,-0.30645954654011115,0.0,1.0
2014-08-08,1910.3499755859375,1932.3800048828125,1909.010009765625,1931.5899658203125,2902280000,0.9890324290047303,-1.1783562495917497,-1.098940330942034,0.2652673669382513,-0.7322676634567944,-0.41455217568745584,-0.5573830754284455,-0.3483226816375021,-0.7046985950016955,-0.08017394433879958,0.0,1.0
2014-08-11,1933.4300537109375,1944.9000244140625,1933.4300537109375,1936.9200439453125,2784890000,0.2050429866089975,-1.354024772603737,-0.9056112218265088,0.5249866429891252,-0.5786341842416642,-0.22547768823099573,-0.5404102700266586,-0.39466877121046723,-0.5240622742818639,-0.062300617729496334,0.0,1.0
2014-08-12,1935.72998046875,1939.6500244140625,1928.2900390625,1933.75,2611700000,-0.18785247309618283,-1.6272054135317457,-1.0015509481365403,0.2588174316962825,-0.6041599868126384,-0.29929408542266656,-0.5320042872560226,-0.42993451720997405,-0.40018832046304176,-0.06850874920312061,0.0,1.0
2014-08-13,1935.5999755859375,1948.4100341796875,1935.5999755859375,1946.719970703125,2718020000,0.5578690737015441,-1.4574336108548256,-0.528721489197831,0.6033556664561716,-0.29480783395246174,0.08226000428196373,-0.48640335365418563,-0.448322085435526,-0.21149682364655842,-0.00767460904541219,0.0,1.0
2014-08-14,1947.4100341796875,1955.22998046875,1947.4100341796875,1955.1800537109375,2609460000,0.3468253974818523,-1.630856132569464,-0.246885145384836,0.5705226434877144,-0.11359685258493935,0.2805025625285171,-0.4244760863812061,-0.44968949278460546,-0.021218010681644535,-0.4224782331765797,0.0,1.0
2014-08-15,1958.8699951171875,1964.0400390625,1941.5,1955.06005859375,3023380000,-0.04706391483766809,-1.004429951197313,-0.25135846686123375,0.3538063870802833,-0.09169958669882317,0.21245607381442475,-0.37385518754570357,-0.4398768047369329,0.10377112992449214,-0.4437939331780545,0.0,1.0
2014-08-18,1958.3599853515625,1971.989990234375,1958.3599853515625,1971.739990234375,2638160000,0.7209336013763805,-1.5843166858293494,0.27738894673863124,0.7849975272472908,0.26171392688305556,0.6145597305095679,-0.28686766398315355,-0.4132846059001678,0.2913595680275658,-0.42167560272257715,0.0,1.0
2014-08-19,1972.72998046875,1982.5699462890625,1972.72998046875,1981.5999755859375,2656430000,0.40535108172181405,-1.5549533559734443,0.5502390213004235,0.7936679914873805,0.4715123446029356,0.7663586675785159,-0.1909723523982189,-0.37134955544873466,0.462886712449066,-0.626097088467161,0.0,1.0
2014-08-20,1980.4599609375,1988.5699462890625,1977.6800537109375,1986.510009765625,2579560000,0.17987408492570822,-1.6798890820461947,0.6806321335472224,0.6556324212410639,0.5755001062456179,0.7589686373333939,-0.10268591786353791,-0.31877960756309826,0.5817807507880982,-0.6428549543323014,0.0,1.0
2014-08-21,1986.8199462890625,1994.760009765625,1986.8199462890625,1992.3699951171875,2638920000,0.22206561318263138,-1.5830911746284495,0.8343451106829206,0.5835033462611398,0.6942469309461301,0.778141499992681,-0.01877710841181377,-0.2586449305670227,0.6663514952118609,-0.8082619055232688,0.0,1.0
2014-08-22,1992.5999755859375,1993.5400390625,1984.760009765625,1988.4000244140625,2301860000,-0.21966485462647306,-2.1645034025829526,0.6446662894990645,0.11507862771691062,0.5998167583626317,0.5280605692879666,0.03394622877160392,-0.19917759052707976,0.658890926255897,-0.8818716015337812,0.0,1.0
2014-08-25,1991.739990234375,2001.949951171875,1991.739990234375,1997.9200439453125,2233880000,0.38632569559610414,-2.2920482438961916,0.9056657930709487,0.30184271293724574,0.779847942812506,0.681747283779386,0.09841352993199688,-0.1377138038384777,0.6812104273000831,-0.8743069946995766,0.0,1.0
2014-08-26,1998.5899658203125,2005.0400390625,1998.5899658203125,2000.02001953125,2451950000,0.05236088188720597,-1.895751422083006,0.961774146703222,0.2320397640797411,0.791669728812725,0.610801465460266,0.15111795064046196,-0.07718725172657195,0.6707325073780703,-0.9225974752293263,0.0,1.0
2014-08-27,2000.5400390625,2002.1400146484375,1996.199951171875,2000.1199951171875,2344350000,-0.037111171868888515,-2.086682301529949,0.964595706646163,0.11738194385402295,0.7614562956963608,0.4971228848834339,0.18855320411837398,-0.02070033229656779,0.6255709770549903,-0.9345186397526403,0.0,1.0
2014-08-28,1997.4200439453125,1998.550048828125,1990.52001953125,1996.739990234375,2282400000,-0.19261249885147638,-2.2006255508828403,0.7703868713022772,-0.0679689055977647,0.6196520128234568,0.3077675778545322,0.2041113252823268,0.02784130534098272,0.5367458008940723,-0.9000002668690169,0.0,1.0
2014-08-29,1998.449951171875,2003.3800048828125,1994.6500244140625,2003.3699951171875,2259130000,0.25518103677277204,-2.2442264418815356,0.9790543924143753,0.09014082122061849,0.6750344540199731,0.41667424155041016,0.22964230760739224,0.07217543771614708,0.48970752007634144,-0.9113253475867692,0.0,1.0
2014-09-02,2004.0699462890625,2006.1199951171875,1994.8499755859375,2002.280029296875,2819980000,-0.09020429160518173,-1.3007500905818052,0.9117500463494939,0.004788907638250512,0.5847319059075334,0.301491247128448,0.2416488194671143,0.11022962754121056,0.4195001922729441,-1.0172396971805657,0.0,1.0
2014-09-03,2003.5699462890625,2009.280029296875,1998.1400146484375,2000.719970703125,2809980000,-0.11121394991846538,-1.3158645463932326,0.8109552579509287,-0.06910773537270752,0.4666580451229742,0.19169781044590073,0.24164079241573289,0.1406712499189249,0.33439463375268014,-1.051716580606056,0.0,1.0
2014-09-04,2001.6700439453125,2011.1700439453125,1992.5400390625,1997.6500244140625,3072410000,-0.17871655586720045,-0.9359854394826091,0.608426600864033,-0.18109627005719747,0.3208906095565255,0.05856787249630717,0.2281033383508496,0.1621078120768515,0.23372154483567853,-1.0433140183673815,0.0,1.0
2014-09-05,1998.0,2007.7099609375,1990.0999755859375,2007.7099609375,2818300000,0.40850004748437074,-1.3032855696116887,0.9813832723316052,0.16061947441299185,0.4267333687452067,0.2972548544010923,0.23991627730589513,0.1818022391407944,0.21424514857164748,-0.9969087847958016,0.0,1.0
2014-09-08,2007.1700439453125,2007.1700439453125,1995.5999755859375,2001.5400390625,2789090000,-0.31623621981476374,-1.3476129524200566,0.5784968473443378,-0.09143299811991792,0.2252247903561804,0.06508960901811789,0.22720842963445773,0.19481978933816052,0.13960024869638635,-0.9753396345528454,0.0,1.0
2014-09-09,2000.72998046875,2001.010009765625,1984.6099853515625,1988.43994140625,2882830000,-0.6265344444455047,-1.206965533572349,-0.16439127068963835,-0.540857076907155,-0.09992401031460854,-0.31653830788052995,0.17654016776276846,0.19431701088366174,-0.011551794192269708,-0.9136449124809004,0.0,1.0
2014-09-10,1988.4100341796875,1996.6600341796875,1982.989990234375,1995.68994140625,2912430000,0.28428664752785804,-1.1635025104956978,0.14363476273496992,-0.18181416414947477,-0.014149395154181368,-0.09513129258471796,0.1521888813382618,0.18866813928991455,-0.06908312430423329,-0.8783724479441728,0.0,1.0
2014-09-11,1992.8499755859375,1997.6500244140625,1985.9300537109375,1997.449951171875,2941690000,0.03724093950945667,-1.1209707180766821,0.21675903544218617,-0.10348264792400232,-0.030374337502595196,-0.054678634514671545,0.13376641365581013,0.1801797971532859,-0.10082730629344117,-0.8757959020872359,0.0,1.0
2014-09-12,1996.739990234375,1996.739990234375,1980.260009765625,1985.5400390625,3206570000,-0.5744783233957588,-0.7541420909690632,-0.4117227740470917,-0.4296139327624801,-0.30756350476488875,-0.38619000077092286,0.08293056349928728,0.16243619680578752,-0.20429751194128898,-0.8078116778693814,0.0,1.0
2014-09-15,1986.0400390625,1987.1800537109375,1978.47998046875,1984.1300048828125,2776530000,-0.10504805233100394,-1.3668161784355612,-0.4810055631662973,-0.3397120007302372,-0.36650473005947637,-0.38593018832900694,0.035904835376278234,0.13810930636855773,-0.2778961478630789,-0.8447445063923695,0.0,1.0
2014-09-16,1981.9300537109375,2002.280029296875,1979.06005859375,1998.97998046875,3160310000,0.6273322448537413,-0.8159699166924607,0.1791095375310553,0.21669406654348328,-0.088431036369238,0.04979811210382461,0.03672993850405883,0.11882556805028313,-0.22151565852688285,-0.7120643638373891,0.0,1.0
2014-09-17,1999.300048828125,2010.739990234375,1993.2900390625,2001.5699462890625,3209420000,0.07421851497212784,-0.7503622060472599,0.281896942634442,0.2781996611893233,-0.05569079637465352,0.09006934330903191,0.04161104922656951,0.10445024560799707,-0.16664146825337683,-0.7096811169288144,0.0,1.0
2014-09-18,2003.0699462890625,2012.3399658203125,2003.0699462890625,2011.3599853515625,3235340000,0.3955671124307248,-0.7161384274560121,0.6486446697423475,0.5829703091340087,0.12017645393211272,0.3162478527951505,0.06924393242913765,0.09890367863381472,-0.06793939824236482,-0.679333510918636,0.0,1.0
2014-09-19,2012.739990234375,2019.260009765625,2006.5899658203125,2010.4000244140625,4880220000,-0.08423439318924897,1.0327763912511092,0.5907675443856565,0.32359725085731317,0.08175149771839664,0.2203374480550314,0.08507956772891592,0.0978783194395071,-0.017394044660453682,-0.716632221344467,0.0,1.0
2014-09-22,2009.0799560546875,2009.0799560546875,1991.010009765625,1994.2900390625,3349670000,-0.7577640234138283,-0.5683825461131476,-0.2811347041271993,-0.4642788427526332,-0.25573607406417337,-0.2647641896500677,0.05018825616267347,0.08954046377904,-0.09914492571789144,-0.6226894777591157,0.0,1.0
2014-09-23,1992.780029296875,1995.4100341796875,1982.77001953125,1982.77001953125,3279350000,-0.557849615836324,-0.6586524939291579,-0.7854307927995159,-0.8248141173879567,-0.4772475159447644,-0.5533084066694534,-0.011535109649135502,0.06957146396376374,-0.22917661691419683,-0.6375998031426787,0.0,1.0
2014-09-24,1983.3399658203125,1999.7900390625,1978.6300048828125,1998.300048828125,3313850000,0.6584448007059324,-0.6141254179412171,-0.1378101169296084,-0.12120548615045673,-0.1558930438149152,-0.0743509485033046,-0.019830588013166336,0.051808947372072194,-0.2045089882320804,-0.5601226738805078,0.0,1.0
2014-09-25,1997.3199462890625,1997.3199462890625,1965.989990234375,1965.989990234375,3273050000,-1.48665168771064,-0.6668340827481785,-1.2579373234023759,-1.1365892233811403,-0.7862272334852987,-0.9494727598242345,-0.1165988672091835,0.01674955595957143,-0.3978813560253764,-0.2553836368109185,0.0,1.0
2014-09-26,1966.219970703125,1986.3699951171875,1966.219970703125,1982.8499755859375,2929440000,0.7248796891080288,-1.1387253793009706,-0.6505191225840629,-0.15950721392346356,-0.4247492123305542,-0.3731960172168281,-0.14752800954981898,-0.01796184940388713,-0.3939910066438007,-0.1878239203771357,0.0,1.0
2014-09-29,1978.9599609375,1981.280029296875,1964.0400390625,1977.800048828125,3094440000,-0.26919745456900646,-0.9055870673391703,-0.8050649895959195,-0.23653260685475175,-0.502673823739335,-0.47270274561053144,-0.18625447221432861,-0.05407485115937976,-0.40966031198513914,-0.1822922260010185,0.0,1.0
2014-09-30,1978.2099609375,1985.1700439453125,1968.9599609375,1972.2900390625,3951100000,-0.2905692110083694,0.13420283089117863,-0.9730017976409249,-0.3866830647185188,-0.5856776492781637,-0.569588947897648,-0.23190294709047263,-0.09280052422588765,-0.4388689663178181,-0.2523508632279873,0.0,1.0
2014-10-01,1971.43994140625,1971.43994140625,1941.719970703125,1946.1600341796875,4188590000,-1.2256598007172457,0.38254936979892024,-1.6543925836637172,-1.0817852129081422,-1.06976908036859,-1.20842661961539,-0.3386708884634356,-0.14678493544936497,-0.6094557548283823,-0.1312362835919,0.0,1.0
2014-10-02,1945.8299560546875,1952.3199462890625,1926.030029296875,1946.1700439453125,4012510000,-0.04111906923291807,0.1998226593194079,-1.6539930290665648,-0.9079663839760032,-1.0174856874524676,-1.0458572026852966,-0.42084200411190364,-0.20767678527072564,-0.6866782456480862,-0.18628063591386573,0.0,1.0
2014-10-03,1948.1199951171875,1971.18994140625,1948.1199951171875,1967.9000244140625,3560970000,0.9563310151315342,-0.3081186121931569,-0.8527617390598237,0.1863213346112468,-0.5271235813263716,-0.3192244943289646,-0.42359035965832037,-0.25698241685898215,-0.5571488088731953,-0.0031324038612289035,0.0,1.0
2014-10-06,1970.010009765625,1977.8399658203125,1958.4300537109375,1964.8199462890625,3358220000,-0.18146384037367594,-0.5575363416890318,-0.9395348177120709,0.16518269364198768,-0.5532474707618528,-0.3747726544324243,-0.4317214354484975,-0.298178817226162,-0.4664907415374484,-0.039233562373608144,0.0,1.0
2014-10-07,1962.3599853515625,1962.3599853515625,1934.8699951171875,1935.0999755859375,3687870000,-1.393459363195295,-0.15913625279718732,-1.662480276554594,-0.8264996149747835,-1.1152764018791825,-1.1451709409320199,-0.5166056202807889,-0.34942480740894055,-0.5788412671743558,0.10338423997582635,0.0,1.0
2014-10-08,1935.550048828125,1970.3599853515625,1925.25,1968.8900146484375,4441890000,1.5190442626455805,0.6323665792856539,-0.6394621465314957,0.4749509485005995,-0.3862786409463505,-0.07360111044679793,-0.48750884793251525,-0.38415250378991783,-0.3941731339161543,0.3256503037054317,0.0,1.0
2014-10-09,1967.6800537109375,1967.6800537109375,1927.56005859375,1928.2099609375,4344020000,-1.888178542611521,0.537573164060749,-1.457368508652869,-1.1753844495405925,-1.1610338876759576,-1.1900494203545742,-0.5724707181967276,-0.43024026863377646,-0.5211743037643928,0.4340644850171686,0.0,1.0
2014-10-10,1925.6300048828125,1936.97998046875,1906.050048828125,1906.1300048828125,4550540000,-1.0650051228885282,0.7351850564707894,-1.8057254831817704,-1.6182105441813661,-1.5405895310229663,-1.6353260559087008,-0.695116959977444,-0.49353544014932293,-0.7135464522685442,0.3934372979157343,0.0,1.0
2014-10-13,1905.6500244140625,1912.0899658203125,1874.1400146484375,1874.739990234375,4352580000,-1.513388657129688,0.5459488768697099,-2.22189710780114,-2.2375800268286308,-2.086314993281503,-2.275724929570758,-0.8712723991996744,-0.5821254543359727,-0.9963330059635268,0.4890435377772754,0.0,1.0
2014-10-14,1877.1099853515625,1898.7099609375,1871.7900390625,1877.699951171875,4812010000,0.0995312043500573,0.9728898989880727,-2.1393047164394177,-1.5935691097534403,-1.9030247975590522,-1.8741320297121673,-0.9936949320901696,-0.6793742257371674,-1.0931345612774053,0.515179113028382,0.0,1.0
2014-10-15,1874.1800537109375,1874.1800537109375,1820.6600341796875,1862.489990234375,6090800000,-0.7655388404174627,1.9755682740226919,-2.331334220029597,-1.331402077617812,-2.08296732578616,-2.037621909184298,-1.1221607004642298,-0.784852058736841,-1.185132285866379,0.4726915866668674,0.0,1.0
2014-10-16,1855.949951171875,1876.010009765625,1835.02001953125,1862.760009765625,5073150000,-0.028621468605820214,1.1977374300731656,-2.323063023700458,-0.721172006435692,-1.9276287711009163,-1.7452975141560618,-1.211694012712224,-0.8885248808705258,-1.164952962799938,0.4735300694965594,0.0,1.0
2014-10-17,1864.9100341796875,1898.1600341796875,1864.9100341796875,1886.760009765625,4482120000,1.1099295057452288,0.6707276123446251,-1.6205020869905509,0.5716485305035094,-1.2936053556953837,-0.8296040201879139,-1.2050091411483548,-0.9700228379313866,-0.9170465514365356,0.5113165661411121,0.0,1.0
2014-10-20,1885.6199951171875,1905.030029296875,1882.300048828125,1904.010009765625,3331210000,0.7755399630274898,-0.5918949210528325,-1.1756700562227083,1.0970983367050857,-0.8339225193885401,-0.24086289743476036,-1.1414184093835247,-1.0215201517093024,-0.581650967723011,0.6145139774186246,0.0,1.0
2014-10-21,1909.3800048828125,1942.449951171875,1909.3800048828125,1941.280029296875,3987090000,1.7078776096611599,0.17278269562928383,-0.37143955783571425,2.2180624965165383,0.0020260384916940166,0.8148593380657502,-0.9793872647830927,-1.0278073002559798,-0.07621881366862175,0.7654898161238464,0.0,1.0
2014-10-22,1941.2900390625,1949.31005859375,1926.8299560546875,1927.1099853515625,3761930000,-0.6939513803066215,-0.07454006956119037,-0.6455089091107972,0.9653723907210914,-0.2237207404022365,0.272486206228449,-0.882318382128649,-1.0119228739124666,0.17165081472601693,0.58483444734435,0.0,1.0
2014-10-23,1931.02001953125,1961.949951171875,1931.02001953125,1950.8199462890625,3789250000,1.0580271383488202,-0.04375322812190909,-0.19394380005152018,1.2317529264081106,0.2977463353314927,0.8670219020380239,-0.7339795138370272,-0.9672547236024706,0.4934417113457453,0.4177377054572902,0.0,1.0
2014-10-24,1951.5899658203125,1965.27001953125,1946.27001953125,1964.5799560546875,3078380000,0.5888184481326649,-0.9277261833270598,0.046091423841578126,1.1403161216320685,0.6108460650903429,1.0903030012349764,-0.5742889516833589,-0.8971137951465669,0.7782175148002242,0.30038822791341885,0.0,1.0
2014-10-27,1962.969970703125,1964.6400146484375,1951.3699951171875,1961.6300048828125,3538860000,-0.1757803969168271,-0.3346182271930957,-0.019193696120129212,0.4874053520737585,0.5654896804227529,0.8170197483305507,-0.4530809401963759,-0.8148859691543408,0.9133443524565695,-0.01829559454598861,0.0,1.0
2014-10-28,1964.1400146484375,1985.050048828125,1964.1400146484375,1985.050048828125,3653260000,1.0254677112872956,-0.19925425242294179,0.3837189862396273,1.1362879811461626,1.0510702351460892,1.3105655091253263,-0.2915116466909504,-0.7142925148170026,1.1186649711173118,0.013263579754928837,0.0,1.0
2014-10-29,1983.2900390625,1991.4000244140625,1969.0400390625,1982.300048828125,3740350000,-0.16539394901178311,-0.09901698779682838,0.316797182767537,0.5205572606513176,0.9528474875729145,1.0082934073512881,-0.17150909968957606,-0.6079623935699789,1.1827986874712504,-0.12338965728938726,0.0,1.0
2014-10-30,1979.489990234375,1999.4000244140625,1974.75,1994.6500244140625,3586150000,0.5152343275343356,-0.27813915146409146,0.5268931542205121,0.6755151707386027,1.162653285052766,1.1654117403505533,-0.04427346512031843,-0.49548452131512644,1.2515281649810994,-0.1655905983739665,0.0,1.0
2014-10-31,2001.199951171875,2018.18994140625,2001.199951171875,2018.050048828125,4292290000,1.0069064968035428,0.4866029077768069,0.8886843204348921,1.2271683504749868,1.6049116449444194,1.5949427643924667,0.1173049710583098,-0.37068906011710817,1.3892340433042125,-0.17873491332874433,0.0,1.0
2014-11-03,2018.2099609375,2024.4599609375,2013.6800537109375,2017.81005859375,3555440000,-0.052207310118407804,-0.31473105037971943,0.8819520896477056,0.7208032402913006,1.5411747479858067,1.315686207549347,0.23949886082936184,-0.2445251938083549,1.4045322829633753,-0.14421504088882287,0.0,1.0
2014-11-04,2015.81005859375,2015.97998046875,2001.010009765625,2012.0999755859375,3956260000,-0.29449391046673845,0.13975567676986622,0.7146048781961555,0.2363836462697569,1.3353186950903548,0.9342606678788478,0.31453023413153425,-0.12742808554155366,1.303169436267399,-0.3231045963204289,0.0,1.0
2014-11-05,2015.2900390625,2023.77001953125,2014.4200439453125,2023.5699462890625,3766590000,0.4678992931160948,-0.06927294327201276,0.9059017657261881,0.374024316160198,1.5179735615491157,1.0743085208175354,0.3985939694214475,-0.01563830042423909,1.2438356170259182,-0.49269592124545414,0.0,1.0
2014-11-06,2023.3299560546875,2031.6099853515625,2015.8599853515625,2031.2099609375,3669770000,0.2958551325113381,-0.18006958107964965,1.0298794070373498,0.3865260784882789,1.5660557945609797,1.0887176082137535,0.47833471225364127,0.09097420830398885,1.1859556702465397,-0.5824933139511106,0.0,1.0
2014-11-07,2032.3599853515625,2034.260009765625,2025.0699462890625,2031.9200439453125,3704280000,-0.010334723489652456,-0.14024608170810854,1.041740432340547,0.2971959186205559,1.4431825589224976,0.9157804157517925,0.5348866439079262,0.18844871021978213,1.083796289864952,-0.5820173522662241,0.0,1.0
2014-11-10,2032.010009765625,2038.699951171875,2030.1700439453125,2038.260009765625,3284940000,0.2372856143514438,-0.6514061069758667,1.1511029950378588,0.3929527676160109,1.3980514738133973,0.9196473617709916,0.5879750290419417,0.27786656223751316,0.993726061375143,-0.6236457618252306,0.0,1.0
2014-11-11,2038.199951171875,2041.280029296875,2035.280029296875,2039.6800537109375,2958320000,0.020687815069404255,-1.0969858121515295,1.1762751778593932,0.2164892304754865,1.2523677210563104,0.792208860511856,0.624331593422304,0.35723411075387135,0.8813675570074282,-0.7451229515831572,0.0,1.0
2014-11-12,2037.75,2040.3299560546875,2031.949951171875,2038.25,3246650000,-0.10424057422425151,-0.7012909711200355,1.1178611606570787,0.029588011868501334,1.0339629473854712,0.6095193117068164,0.6393946188859804,0.42397357995407514,0.7401905164527648,-0.7553451144991419,0.0,1.0
2014-11-13,2039.2099609375,2046.1800537109375,2030.43994140625,2039.3299560546875,3455270000,0.005775758839616926,-0.4363223765663569,1.1399379129200478,0.006287970959629646,0.8685068272399212,0.5218477431534874,0.6444460723954634,0.4784535250284314,0.6031337803201692,-0.775269448313953,0.0,1.0
2014-11-14,2039.739990234375,2042.219970703125,2035.199951171875,2039.8199462890625,3227130000,-0.02010476678983491,-0.7269488387761982,1.150601576990794,-0.04025579138130914,0.7170786223470565,0.43233367912360626,0.6399877070402065,0.5210768962149961,0.4705818719349551,-1.0304529137685117,0.0,1.0
2014-11-17,2038.2900390625,2043.0699462890625,2034.4599609375,2041.3199462890625,3152890000,0.02414345616620444,-0.8259711123859329,1.1851971798085235,-0.0024072972478051367,0.6039745262359384,0.3833776979938275,0.6308830337177956,0.553213929915614,0.35334867633492867,-1.035243519673679,0.0,1.0
2014-11-18,2041.47998046875,2056.080078125,2041.47998046875,2051.800048828125,3416190000,0.4172674841573777,-0.48471816646459415,1.420664140153724,0.340553088325616,0.7032335151690141,0.577820648587165,0.642724368814632,0.5814748523538983,0.3100152522110512,-1.0585923577050973,0.0,1.0
2014-11-19,2051.159912109375,2052.139892578125,2040.3699951171875,2048.719970703125,3390850000,-0.17574380817604007,-0.5163954317634718,1.2555810624343775,0.12003454056660186,0.5137465518334912,0.38589904994503615,0.6338722275344335,0.6021763367868913,0.22550366029554836,-1.0865768699978013,0.0,1.0
2014-11-20,2045.8699951171875,2053.840087890625,2040.489990234375,2052.75,3128290000,0.13422912257158368,-0.8592979001861218,1.351773072996709,0.1769644907401833,0.4903386051571291,0.41023030060102134,0.6282924671912623,0.6175353273500683,0.1657766460094399,-1.1128770578957587,0.0,1.0
2014-11-21,2057.4599609375,2071.4599609375,2056.75,2063.5,3916420000,0.42646356905181354,0.09669331890095026,1.5938085247967912,0.43128795173307605,0.6065563437457793,0.6060761917827413,0.64366083185376,0.6331337375766302,0.16845326520710402,-1.0544507470376243,0.0,1.0
2014-11-24,2065.070068359375,2070.169921875,2065.070068359375,2069.409912109375,3128060000,0.21439136682195384,-0.8596107271412142,1.7171898410501651,0.442251669790326,0.6150601144634721,0.6444121159888885,0.6620708390137902,0.6495790259159491,0.1779210348240283,-1.057206564778189,0.0,1.0
2014-11-25,2070.14990234375,2074.2099609375,2064.75,2067.030029296875,3392940000,-0.1443618651608303,-0.513773802523255,1.5713040910280967,0.21248573536179474,0.48259365102974877,0.46088179376426547,0.6600535683875204,0.6623006220310649,0.13629159657074347,-1.0352820114304497,0.0,1.0
2014-11-26,2067.360107421875,2073.2900390625,2066.6201171875,2072.830078125,2745260000,0.2092039543274201,-1.4150054105274408,1.7024099478206505,0.253003037037535,0.5068344044716296,0.5186015053098384,0.6643560184144172,0.6734048907874425,0.11821050249472899,-1.0466510987798727,0.0,1.0
2014-11-28,2074.780029296875,2075.760009765625,2065.06005859375,2067.56005859375,2504640000,-0.2688064367027276,-1.8052909333774956,1.3667871662890103,-0.09359707669907497,0.3262306101889204,0.2800270634673768,0.6433803749612294,0.6777689619982669,0.04285770192926834,-0.9944314254142527,0.0,1.0
2014-12-01,2065.780029296875,2065.780029296875,2049.570068359375,2053.43994140625,4159010000,-0.6519483419924302,0.35239600895829315,0.5643540918356298,-0.6032259593654243,0.006334449637568039,-0.1510371274149824,0.5787109081444914,0.6673267463566714,-0.12267085606403288,-0.8343012372141655,0.0,1.0
2014-12-02,2053.77001953125,2068.77001953125,2053.77001953125,2066.550048828125,3686650000,0.5290280782411468,-0.1605439960181919,0.9501029092751394,-0.027359614312478728,0.2204684258482037,0.1911653667939062,0.554783329396014,0.6538176156885732,-0.15695777937471844,-0.7714439768401877,0.0,1.0
2014-12-03,2067.449951171875,2076.280029296875,2066.64990234375,2074.330078125,3612680000,0.29489254764019796,-0.24677925168378834,1.1540789734117864,0.2384924841983431,0.3134967544199567,0.3417345864734068,0.5485172801184732,0.6416602485931874,-0.14184558567151825,-0.789946697573941,0.0,1.0
2014-12-04,2073.639892578125,2077.340087890625,2062.340087890625,2071.919921875,3408340000,-0.1454224281577767,-0.49450617791796125,1.0203160548060872,0.14477416007372693,0.21624852915321058,0.20512307674663527,0.5283784397920868,0.6275953059977776,-0.16317154166099626,-0.7934295164588085,0.0,1.0
2014-12-05,2072.780029296875,2079.469970703125,2070.81005859375,2075.3701171875,3419620000,0.10724883340558541,-0.48044842537182714,1.117262223730559,0.22399328132640062,0.24069252516297868,0.24122615394319355,0.5135772267164853,0.6131543307784137,-0.167375440897987,-0.7943152442679976,0.0,1.0
2014-12-08,2074.840087890625,2075.780029296875,2054.27001953125,2060.31005859375,3800990000,-0.6901292887804206,-0.0305915791805304,0.3096201837370721,-0.46666694729198865,-0.08905249411784537,-0.2065845117125054,0.45266194539399435,0.5884769425671376,-0.2818145773583377,-0.7204603102890468,0.0,1.0
2014-12-09,2056.550048828125,2060.60009765625,2034.1700439453125,2059.820068359375,3970150000,-0.0628340676798855,0.15466725204741438,0.2852104518992197,-0.43093583207674147,-0.12042282112803893,-0.2087317788609809,0.39603408674196966,0.5565341780813625,-0.3630386729052872,-0.7395266804277797,0.0,1.0
2014-12-10,2058.860107421875,2058.860107421875,2024.260009765625,2026.1400146484375,4114440000,-1.5029353713667026,0.3065546423114931,-1.0525925605161814,-1.4481092192299732,-0.780091203746861,-1.0716624103224492,0.2529243314465494,0.5001460049058976,-0.6363288833607168,-0.38930395967921133,0.0,1.0
2014-12-11,2027.9200439453125,2055.530029296875,2027.9200439453125,2035.3299560546875,3917950000,0.36379535944608554,0.09835514174899601,-0.7002322999989947,-0.7532629199359707,-0.5935099909238063,-0.6905302324798814,0.16056577561312138,0.43513619285404653,-0.7327154700162304,-0.3652553763654486,0.0,1.0
2014-12-12,2030.3599853515625,2032.25,2002.3299560546875,2002.3299560546875,4157650000,-1.490656995561251,0.35100449575021786,-1.6029068038445937,-1.5433545621185152,-1.2171449082929464,-1.4679817965578854,-0.006000680536084495,0.34724047728784574,-0.9885710160328185,-0.15389892951396553,0.0,1.0
2014-12-15,2005.030029296875,2018.68994140625,1982.260009765625,1989.6300048828125,4361990000,-0.608443078522068,0.555137304462338,-1.873436590607273,-1.4918972469746752,-1.422573006498503,-1.6007435810587365,-0.17346486017606572,0.24084261833186124,-1.195417820071039,-0.15734290565391004,0.0,1.0
2014-12-16,1986.7099609375,2016.8900146484375,1972.56005859375,1972.739990234375,4958680000,-0.8002793479146817,1.10063552810522,-2.192401102834919,-1.4814167466927268,-1.6947885382759535,-1.8262522238353935,-0.35114736236739774,0.11744143818110983,-1.3855083719102863,-0.24669880154165327,0.0,1.0
2014-12-17,1973.77001953125,2016.75,1973.77001953125,2012.8900146484375,4942370000,1.7774044401095512,1.0866180312277047,-0.8933917197426857,0.3751867939443055,-0.8507556984991238,-0.5102670764786446,-0.37930211261231406,0.012654363308297499,-1.1774098772840547,0.23560132904225717,0.0,1.0
2014-12-18,2018.97998046875,2061.22998046875,2018.97998046875,2061.22998046875,4703380000,2.1047636944918744,0.8757406555900292,0.1514353421503284,2.243294468683215,0.10750655536831488,0.8179225128297443,-0.2676563394134997,-0.04712046206773852,-0.6741903445611477,0.6898269725592527,0.0,1.0
2014-12-19,2061.0400390625,2077.85009765625,2061.030029296875,2070.64990234375,6465530000,0.3668662360347895,2.2295965704346234,0.316286146230858,2.04507338330685,0.2784844117709396,0.9151322459648138,-0.1538605672221845,-0.07042225606868968,-0.2664359663474443,0.7019184727082066,0.0,1.0
2014-12-22,2069.280029296875,2078.760009765625,2069.280029296875,2078.5400390625,3369520000,0.2989788454898015,-0.5432438805417392,0.45326695903708514,1.6047981924091554,0.4215328411786951,0.9563079660155527,-0.04384780560357482,-0.06536070010152772,0.05065531162639579,0.6729176569359534,0.0,1.0
2014-12-23,2081.47998046875,2086.72998046875,2079.77001953125,2082.169921875,3043950000,0.11450113102180992,-0.9755806228442203,0.5174085035174559,0.8167749222936205,0.48135754755435245,0.8797256653173557,0.05033258982445109,-0.041019654193298144,0.2661925493282094,0.6721573593645149,0.0,1.0
2014-12-24,2083.25,2087.56005859375,2081.860107421875,2081.8798828125,1416980000,-0.05402828439505072,-4.228832318574503,0.5088874440317355,0.22044976275939818,0.46042278248340934,0.7134940647164673,0.12034851633612798,-0.006461414070755356,0.3804168272913468,0.45604480292059674,0.0,1.0
2014-12-26,2084.300048828125,2092.699951171875,2084.300048828125,2088.77001953125,1735230000,0.25421220461984523,-3.3667816370500625,0.6423148823906594,0.2774447306383285,0.5822958225595285,0.7590967164215211,0.19020963168254945,0.036237226313987424,0.4714233524465733,0.45401392840874555,0.0,1.0
2014-12-29,2087.6298828125,2093.550048828125,2085.75,2090.570068359375,2452360000,0.03544175661480375,-1.89504003936328,0.6780255520889108,0.18566468723451754,0.5948886615314857,0.6658299259836725,0.24527617318438377,0.08226059623253619,0.5085925421923937,0.16793170530809198,0.0,1.0
2014-12-30,2088.489990234375,2088.489990234375,2079.530029296875,2080.35009765625,2440280000,-0.47849444451387546,-1.9160498395920913,0.3333237942447175,-0.25576282699428476,0.36288508720286367,0.27753717928656063,0.25535371557754916,0.12125056661613115,0.4299618568344795,0.1438631987098002,0.0,1.0
2014-12-31,2082.110107421875,2085.580078125,2057.93994140625,2058.89990234375,2606070000,-0.9631046483034753,-1.6363870691571072,-0.30887705110293934,-0.9583229427143668,-0.05880907298445713,-0.34019791216834666,0.19945157686624695,0.14039805026009541,0.20813053276584947,0.1850863296837886,0.0,1.0
2015-01-02,2058.89990234375,2072.360107421875,2046.0400390625,2058.199951171875,2708700000,-0.07196277181265473,-1.472047852801793,-0.3286108001490543,-0.791236953246181,-0.05663396349229741,-0.32728255959758695,0.1490645642081887,0.14485981560206038,0.04394988451449704,-0.05772180089651726,0.0,1.0
2015-01-05,2054.43994140625,2054.43994140625,2017.3399658203125,2020.5799560546875,3799120000,-1.6751718582503736,-0.032685301607564506,-1.24083759191992,-1.8074723585795245,-0.7594447155785512,-1.274034900648176,0.0029173361604351777,0.1169408223064522,-0.3180544679224932,-0.2986303296111745,0.0,1.0
2015-01-06,2022.1500244140625,2030.25,1992.43994140625,2002.6099853515625,4460110000,-0.8364266851130294,0.6497829939807171,-1.5824389927066895,-1.8384832972536593,-1.0484253009312714,-1.5710589058946496,-0.163018196531611,0.05885369845761131,-0.655322494511759,-0.3136585097939772,0.0,1.0
2015-01-07,2005.550048828125,2029.6099853515625,2005.550048828125,2025.9000244140625,3805480000,0.9978304574904925,-0.02556860897000375,-0.9468438121467571,-0.38614814674799514,-0.5463008633735564,-0.7453473129908987,-0.2300789078960626,-0.00206468299066516,-0.6869748589710866,-0.13274342863545244,0.0,1.0
2015-01-08,2030.6099853515625,2064.080078125,2030.6099853515625,2062.139892578125,3934010000,1.557174055937584,0.11575979742489427,-0.1550296905109086,1.1356413974998312,0.179997048256198,0.29263516983456234,-0.18360414984454043,-0.04078608820645282,-0.43882125339813116,0.1999357066564508,0.0,1.0
2015-01-09,2063.449951171875,2064.429931640625,2038.3299560546875,2044.81005859375,3364140000,-0.7926635970675415,-0.5500426224030406,-0.5205218870517254,0.5099848458984577,-0.18717915505665797,-0.2250285292796118,-0.19475421052181066,-0.07416556812278637,-0.37910059550867153,0.23839642779899517,0.0,1.0
2015-01-12,2046.1300048828125,2049.300048828125,2022.5799560546875,2028.260009765625,3456460000,-0.7649463098794524,-0.4348573092870019,-0.8423918709768334,-0.2641382864808644,-0.5127251901384211,-0.6435632065144177,-0.24879892083318556,-0.11251344924770527,-0.43464539859040413,0.23981039573662538,0.0,1.0
2015-01-13,2031.5799560546875,2056.929931640625,2008.25,2023.030029296875,4107300000,-0.2720353568984475,0.29916485481190563,-0.9414903610632619,-0.661387420187084,-0.6384074490631693,-0.7031694939959335,-0.30497266855412963,-0.15529476680279616,-0.48420950244412553,0.22796557081283972,0.0,1.0
2015-01-14,2018.4000244140625,2018.4000244140625,1988.43994140625,2011.27001953125,4378680000,-0.5611176557816115,0.5713856635498639,-1.162692155103523,-1.0399197855494635,-0.8960068513216689,-0.9253438099470229,-0.3799771769457549,-0.20568004784057387,-0.5692188719686094,0.23098446605119188,0.0,1.0
2015-01-15,2013.75,2021.3499755859375,1991.469970703125,1992.6700439453125,4276720000,-0.8681013172257404,0.47114125882266983,-1.4879403079252531,-1.2491572561884632,-1.288930311523658,-1.2952581954134668,-0.48752822844200394,-0.26916087179665216,-0.7156219747189381,0.22007657765983693,0.0,1.0
2015-01-16,1992.25,2020.4599609375,1988.1199951171875,2019.4200439453125,4056410000,1.1581998585639073,0.24611943689461285,-0.8440338637279565,0.12144840160837456,-0.7585445867913383,-0.4144556019302643,-0.49571507505616597,-0.3217094422581092,-0.5934036106808196,0.4066434421448814,0.0,1.0
2015-01-20,2020.760009765625,2028.93994140625,2004.489990234375,2022.550048828125,3944340000,0.09694717775511809,0.1269171888045364,-0.773494681281873,0.3060254381453492,-0.6573983732163637,-0.28967866057076486,-0.4903545467098457,-0.36259333665578364,-0.462997045716738,0.18122155326683342,0.0,1.0
2015-01-21,2020.18994140625,2038.2900390625,2012.0400390625,2032.1199951171875,3730070000,0.3813068939060505,-0.11072668695107647,-0.5551383525698842,0.6401158097177833,-0.4267443025370857,-0.014588341547225,-0.4568838060022835,-0.3880889554375211,-0.2909620785370222,0.11568975496942294,0.0,1.0
2015-01-22,2034.300048828125,2064.6201171875,2026.3800048828125,2063.14990234375,4176050000,1.3231421676100419,0.3697923868429586,0.07177642457399376,1.522947169028866,0.2126793699512571,0.7801628673341978,-0.343264374341333,-0.3840053779191421,0.039721890979536746,0.1863553380857289,0.0,1.0
2015-01-23,2062.97998046875,2062.97998046875,2050.5400390625,2051.820068359375,3573560000,-0.5323798020274658,-0.2931024766338539,-0.18641207019812228,0.5254215651711666,0.015474364432876668,0.3410112123083446,-0.2836308742977955,-0.36789007628663734,0.17423191112405062,-0.03666498738102542,0.0,1.0
2015-01-26,2050.419921875,2057.6201171875,2040.969970703125,2057.090087890625,3465760000,0.1879756749805468,-0.42342496802646695,-0.08152125092532106,0.4269678550575741,0.1466732635649818,0.404516261941179,-0.22171732262218088,-0.3416581428671908,0.2873319400599334,-0.09995521952066354,0.0,1.0
2015-01-27,2047.8599853515625,2047.8599853515625,2019.9100341796875,2029.550048828125,3329810000,-1.238109769121412,-0.593683403459029,-0.6840072971174117,-0.8028976648155062,-0.3485761665130002,-0.39950219226037265,-0.2481732832739611,-0.3263727112132096,0.16495428586688024,0.01109375736416168,0.0,1.0
2015-01-28,2032.3399658203125,2042.489990234375,2001.489990234375,2002.1600341796875,4067530000,-1.2477395793811479,0.2577670173517681,-1.1829391925022554,-1.7168117660634794,-0.8132249231493323,-1.0787897870367023,-0.3431541117119715,-0.33460862571283523,-0.09800526298391624,0.15425588423134007,0.0,1.0
2015-01-29,2002.449951171875,2024.6400146484375,1989.1800537109375,2021.25,4127140000,0.8105772037638697,0.3196673069443063,-0.7650761180049026,-0.5482726841741853,-0.36796325004948444,-0.43325932959567554,-0.36402139096259456,-0.34569335330880774,-0.12985389110594012,0.20605715969699248,0.0,1.0
2015-01-30,2019.3499755859375,2023.3199462890625,1993.3800048828125,1994.989990234375,4568650000,-1.2027267322215986,0.7520840221792375,-1.2116989112588321,-1.1917825752297748,-0.8358654800743438,-1.0802338267703204,-0.4502226756772373,-0.37313378332381497,-0.3127043156165182,0.27318552247782796,0.0,1.0
2015-02-02,1996.6700439453125,2021.6600341796875,1980.9000244140625,2020.8499755859375,4008330000,1.1169325485088797,0.1953880656180845,-0.6823141107464293,0.23382984998715053,-0.2738572719256026,-0.25415221387988535,-0.44453408518345944,-0.39386048216295094,-0.23764739882343044,0.26393964867900443,0.0,1.0
2015-02-03,2022.7099609375,2050.300048828125,2022.7099609375,2050.030029296875,4615900000,1.248941232788,0.7958609347733655,-0.16827725691083137,1.3141680146750134,0.2880387351602445,0.5312946655445289,-0.35786530256863947,-0.39176846772168883,0.017456986375585175,0.40160740086337127,0.0,1.0
2015-02-04,2048.860107421875,2054.739990234375,2036.719970703125,2041.510009765625,4141920000,-0.41302253022339874,0.3348768484094449,-0.32804257268892,0.6052225150702233,0.07561454042555096,0.20391186084472737,-0.31152017273677873,-0.3801094854996912,0.12441198440432527,0.41020267391090937,0.0,1.0
2015-02-05,2043.449951171875,2063.550048828125,2043.449951171875,2062.52001953125,3821990000,0.8782086596596387,-0.007149669902889127,0.023987273394455073,1.1478161730386298,0.46356218168538177,0.7012543947088434,-0.2167878565564935,-0.3503715835406139,0.32652731176382005,0.3198603542901096,0.0,1.0
2015-02-06,2062.280029296875,2072.39990234375,2049.969970703125,2055.469970703125,4232970000,-0.34707555715430755,0.4273925225786154,-0.11828465791345343,0.32691260516161424,0.3277068670784519,0.38655617948086834,-0.161725271422568,-0.3147176567887362,0.39266617985179036,0.3056412748824766,0.0,1.0
2015-02-09,2053.469970703125,2056.159912109375,2041.8800048828125,2046.739990234375,3549540000,-0.42116883378394926,-0.3217972616728211,-0.2957819850984764,-0.2636803900898673,0.1490242151972015,0.07725072330409977,-0.1429504640412292,-0.28214935656209594,0.3581700692253125,0.3131298804742507,0.0,1.0
2015-02-10,2049.3798828125,2070.860107421875,2048.6201171875,2068.590087890625,3669850000,0.9125421895474799,-0.17997683110931068,0.0904580164599005,0.5041834357133638,0.5497742472943338,0.6139420930827574,-0.06944951221711283,-0.24025844078613268,0.46239330385440225,0.2353673403957706,0.0,1.0
2015-02-11,2068.550048828125,2073.47998046875,2057.989990234375,2068.530029296875,3596860000,-0.044173608915890686,-0.265451516080443,0.08911427464676139,0.27206446143048246,0.5018126312150843,0.4955205554751192,-0.01364339329968952,-0.1947219036143819,0.5031499404540511,0.023545245246385394,0.0,1.0
2015-02-12,2069.97998046875,2088.530029296875,2069.97998046875,2088.47998046875,3788350000,0.820392393218984,-0.04476389539524164,0.42873072642357807,0.8924824431074475,0.8249237760946743,0.9145143298562288,0.08221672581024167,-0.13763896495095815,0.6322342414660873,0.02478464227163243,0.0,1.0
2015-02-13,2088.780029296875,2097.030029296875,2086.699951171875,2096.989990234375,3527450000,0.3225982050972407,-0.34835835282216787,0.56564178572337,0.897257000476909,0.888642637658219,0.9700291374658232,0.17717696261656737,-0.07151279080327833,0.7333341150686373,-0.2703122015394391,0.0,1.0
2015-02-17,2096.469970703125,2101.300048828125,2089.800048828125,2100.340087890625,3361750000,0.10120336960097985,-0.5530663699340518,0.6205506451740106,0.5848418625717449,0.8725994024102103,0.8832584605573548,0.25628248821639565,-0.0015680326859393878,0.7760244063195259,-0.3454980154308605,0.0,1.0
2015-02-18,2099.159912109375,2100.22998046875,2092.14990234375,2099.679931640625,3370020000,-0.06966992253015594,-0.5426125786107988,0.6016526349902265,0.29682651951984484,0.7801781232193323,0.7070270791251675,0.3111315586117765,0.06620537580266772,0.7517495576335756,-0.4962568882414059,0.0,1.0
2015-02-19,2099.25,2102.1298828125,2090.7900390625,2097.449951171875,3247100000,-0.13649939730533797,-0.7007012939453486,0.5339762614672762,-0.03657287647783122,0.6687514705150597,0.5183500850826444,0.34207139953125565,0.12709029990795023,0.6747389675986584,-0.5427361323752853,0.0,1.0
2015-02-20,2097.64990234375,2110.610107421875,2085.43994140625,2110.300048828125,3281600000,0.5059759875140938,-0.6557343065499281,0.7769143849563632,0.3145840317091708,0.8774071578343364,0.7453397702383553,0.39503927802224925,0.18721052570860938,0.6661899364387268,-0.616618505077068,0.0,1.0
2015-02-23,2109.830078125,2110.050048828125,2103.0,2109.659912109375,3093680000,-0.0686894843059685,-0.9066321538333344,0.7553901403982112,0.1829022652043139,0.8054856261360818,0.5914832390063383,0.427883440311836,0.2423832025411586,0.6108782533371232,-0.6618019837173433,0.0,1.0
2015-02-24,2109.10009765625,2117.93994140625,2105.8701171875,2115.47998046875,3199840000,0.20498450385823075,-0.7630812746752439,0.8701227823222718,0.29779228563891513,0.8618967232798076,0.6264295074921704,0.4621993716298745,0.2939149427586807,0.570173990773687,-0.7579566374439946,0.0,1.0
2015-02-25,2115.300048828125,2119.590087890625,2109.889892578125,2113.860107421875,3312340000,-0.11001477746752299,-0.6160645636249463,0.8088598354443952,0.11360300283327691,0.743800660320231,0.4664140967824567,0.4769937652672746,0.3383278867817989,0.49058860380576796,-0.8677715317990593,0.0,1.0
2015-02-26,2113.909912109375,2113.909912109375,2103.760009765625,2110.739990234375,3408690000,-0.17349776194959088,-0.4940692898262047,0.6858141488226761,-0.12453032182587193,0.5719154027965034,0.2933824225967964,0.47223478288963266,0.3728328871632193,0.37982162758572274,-0.8483590297411795,0.0,1.0
2015-02-27,2110.8798828125,2112.739990234375,2103.75,2104.5,3547380000,-0.3057964425190411,-0.32438715110002464,0.43791056364019953,-0.3338289924358543,0.3645966244290762,0.06809352162200262,0.44370470393498435,0.3942898896152648,0.23395005941493735,-0.976412513084847,0.0,1.0
2015-03-02,2105.22998046875,2117.52001953125,2104.5,2117.389892578125,3409490000,0.5058317044017107,-0.49307085690074004,0.7543562945081879,0.1333326127278682,0.49661768154424324,0.3634628424138539,0.4490296192595718,0.41260278048276655,0.19880010845511847,-0.9271872545004942,0.0,1.0
2015-03-03,2115.760009765625,2115.760009765625,2098.260009765625,2107.780029296875,3262300000,-0.44720784277268877,-0.680831160421096,0.3735182770449871,-0.19895511751213024,0.22045764218325267,0.042167135766571204,0.4194771659812188,0.42088581788305535,0.08667022755655263,-0.8611675624653398,0.0,1.0
2015-03-04,2107.719970703125,2107.719970703125,2094.489990234375,2098.530029296875,3421110000,-0.4337982396104084,-0.47859497401036244,0.029049296098807947,-0.4542586155511013,-0.009589760027174234,-0.22036341040713914,0.3639170170813179,0.41554143915084685,-0.065679011930069,-0.8148378272335544,0.0,1.0
2015-03-05,2098.5400390625,2104.25,2095.219970703125,2101.0400390625,3103030000,0.06532007614408096,-0.8937926531072989,0.10256064936991051,-0.2708572986920318,-0.018968984109363176,-0.1439794257902633,0.32067503582435064,0.40194915977716694,-0.1578873497302824,-0.8148168500585835,0.0,1.0
2015-03-06,2100.909912109375,2100.909912109375,2067.27001953125,2071.260009765625,3853570000,-1.308365503314863,0.027861117086129684,-0.8652756341406448,-1.229698479932035,-0.6122837528607986,-0.9008087452402977,0.19954424986520478,0.3649768918113266,-0.41926657573978077,-0.5798202464614215,0.0,1.0
2015-03-09,2072.25,2083.489990234375,2072.2099609375,2079.429931640625,3349090000,0.3109511857751773,-0.5691193144340708,-0.6050849730261448,-0.5786140223758975,-0.47521759433330124,-0.5761406392739095,0.12223311733483432,0.3187418727236015,-0.5228205492335347,-0.5352392156179386,0.0,1.0
2015-03-10,2076.139892578125,2076.139892578125,2044.1600341796875,2044.1600341796875,3668900000,-1.557485990791483,-0.18107836758353382,-1.470464103169835,-1.5247724207217581,-1.1648453518122286,-1.4119541101314312,-0.0382956461975786,0.24716685310753006,-0.8061119502995022,-0.29521383058371004,0.0,1.0
2015-03-11,2044.68994140625,2050.080078125,2039.68994140625,2040.239990234375,3406570000,-0.2129700480974594,-0.4967162707659229,-1.551419270601986,-1.2074712263259377,-1.2146668991650362,-1.3202236981621822,-0.17672467884366164,0.1600813690788324,-0.9795129409475265,-0.3008705804186357,0.0,1.0
2015-03-12,2041.0999755859375,2066.409912109375,2041.0999755859375,2065.949951171875,3405860000,1.0846662633029214,-0.4976031279028085,-0.768161183679205,0.1700317683992517,-0.7072907092914756,-0.4790473155071706,-0.2154810630591189,0.08206265759127356,-0.8781499321562524,-0.05412730611048042,0.0,1.0
2015-03-13,2064.56005859375,2064.56005859375,2041.1700439453125,2053.39990234375,3498560000,-0.5845018766604567,-0.3833479218864128,-1.0569658879893225,-0.20914655696338535,-0.9199439773419203,-0.7499812802345383,-0.2800132257386961,0.005743798892991171,-0.8591462356984986,-0.04083253923207836,0.0,1.0
2015-03-16,2055.35009765625,2081.409912109375,2055.35009765625,2081.18994140625,3295600000,1.1679838234303366,-0.6376215307580136,-0.3427455230337248,0.9507837793301369,-0.3582752117041201,0.0590176477514073,-0.2540251917339752,-0.04971199093480646,-0.6259051983021544,0.11589111888754183,0.0,1.0
2015-03-17,2080.590087890625,2080.590087890625,2065.080078125,2074.280029296875,3221840000,-0.338316998306128,-0.7339289570348733,-0.5107885293647694,0.4026287799686961,-0.46871145873318915,-0.14897851171358184,-0.25201567404850406,-0.09364365866406846,-0.497069972284798,0.1111247499284366,0.0,1.0
2015-03-18,2072.840087890625,2106.85009765625,2061.22998046875,2099.5,4128210000,1.0450718188905401,0.3207702311222381,0.053769014122242983,0.9601603248417985,0.027662917255726175,0.5000240625780461,-0.18121970204227092,-0.11353552339085461,-0.22831427647086175,0.23538914246916154,0.0,1.0
2015-03-19,2098.68994140625,2098.68994140625,2085.56005859375,2089.27001953125,3305220000,-0.4770621933429471,-0.6252200124903938,-0.2060051716218202,0.3350451368870146,-0.16556378326614285,0.13906637787470238,-0.15398546960606038,-0.12358121618784773,-0.11823788408850137,0.2508400994311003,0.0,1.0
2015-03-20,2090.320068359375,2113.919921875,2090.320068359375,2108.10009765625,5554120000,0.7639300129487084,1.5831185429089385,0.18556983040710398,0.6611124279845717,0.20717145769331116,0.5778638910464431,-0.08196451006934702,-0.11610036914683206,0.0777020497324873,0.1301912869323425,0.0,1.0
2015-03-23,2107.989990234375,2114.860107421875,2104.419921875,2104.419921875,3267960000,-0.19760226599704198,-0.6734557968336183,0.08667559742848917,0.31391319894406006,0.139940702957715,0.37277952449458635,-0.037044860982958776,-0.10043745028186099,0.16917444682410504,0.13424772810167754,0.0,1.0
2015-03-24,2103.93994140625,2107.6298828125,2091.5,2091.5,3189820000,-0.5902853768809652,-0.7764253257563923,-0.2550589381687182,-0.36478064681607547,-0.09071118196873056,-0.03601545412256144,-0.03906072658088551,-0.08834144702339475,0.12929771049489863,-0.12911209296915316,0.0,1.0
2015-03-25,2093.10009765625,2097.429931640625,2061.050048828125,2061.050048828125,3521140000,-1.342770955394857,-0.35597606559810613,-0.9444150002695336,-1.3124132159516018,-0.638978208245212,-0.8310270233782768,-0.1256187094833433,-0.09731414538418147,-0.10624222146691371,0.10260856441965513,0.0,1.0
2015-03-26,2059.93994140625,2067.14990234375,2045.5,2056.14990234375,3510670000,-0.25406618281107546,-0.36864608391886955,-1.043759779881812,-1.2444327630501943,-0.6824597718396143,-0.8513205964878025,-0.2077703531357611,-0.12219242954256555,-0.28406051631405915,-0.025384297567326904,0.0,1.0
2015-03-27,2055.780029296875,2062.830078125,2052.9599609375,2061.02001953125,3008550000,0.17010979365106882,-1.0253509830611212,-0.9134252843210997,-0.6510173347292494,-0.5437762786799629,-0.6173256741988558,-0.25889679213996275,-0.15311059283377446,-0.3515840280003749,-0.054574605222806355,0.0,1.0
2015-03-30,2064.110107421875,2088.969970703125,2064.110107421875,2086.239990234375,2917690000,1.052063015988714,-1.1558252595614318,-0.2948941424015061,0.5594487931316221,-0.014410855819561431,0.10406046267640548,-0.22965313813173063,-0.17154438105762035,-0.2120135453435184,-0.08589231766407521,0.0,1.0
2015-03-31,2084.050048828125,2084.050048828125,2067.0400390625,2067.889892578125,3376550000,-0.8276951120784929,-0.5343763640113237,-0.7131939751854337,-0.012573079162767318,-0.3380877588811322,-0.40442377998263984,-0.25656012929228256,-0.19208870428211733,-0.23560851001861313,-0.02276930552268222,0.0,1.0
2015-04-01,2067.6298828125,2067.6298828125,2048.3798828125,2059.68994140625,3543270000,-0.39598108849127595,-0.32931949318342846,-0.8887455114161883,-0.346214126659751,-0.4622668622985825,-0.5746417216424268,-0.2994807379316398,-0.2177716973525541,-0.29305685058369174,-0.18767909029672142,0.0,1.0
2015-04-02,2060.030029296875,2072.169921875,2057.320068359375,2066.9599609375,3095960000,0.27388281081190247,-0.9034976641556214,-0.7028917619886297,-0.13118074674085686,-0.28452621334239725,-0.320580432756932,-0.3122826066048781,-0.24107634072139464,-0.2664678211779379,-0.1737103912398745,0.0,1.0
2015-04-06,2064.8701171875,2086.989990234375,2056.52001953125,2080.6201171875,3302970000,0.549079565406304,-0.6281173386076796,-0.3671001304467451,0.2776436116029526,-0.02291087675034999,0.05892458285233539,-0.2839198037473297,-0.25360909832622813,-0.14604230631678075,-0.2195857669870102,0.0,1.0
2015-04-07,2080.7900390625,2089.81005859375,2076.10009765625,2076.330078125,3065510000,-0.22586001230986055,-0.9455513302599072,-0.4752925709618911,0.18103587316151132,-0.10490060307813777,-0.08173138188943213,-0.27256645320206735,-0.26118914849380565,-0.0906729535260983,-0.21917182519510214,0.0,1.0
2015-04-08,2076.93994140625,2086.68994140625,2073.300048828125,2081.89990234375,3265330000,0.19817080591060296,-0.676881274999427,-0.33251964130491096,0.2967901128684518,-0.031987355829130155,0.05272837558858103,-0.24778795997073105,-0.26191449521107185,-0.014040021251367107,-0.23561108810699946,0.0,1.0
2015-04-09,2081.2900390625,2093.31005859375,2074.2900390625,2091.179931640625,3172360000,0.35680555581030915,-0.7997780066762394,-0.09803083053457105,0.4203750196696492,0.10108673271258234,0.26142585882895153,-0.20265840847896824,-0.25277130646438134,0.0962863867897902,-0.4976651338456751,0.0,1.0
2015-04-10,2091.510009765625,2102.610107421875,2091.510009765625,2102.06005859375,3156200000,0.42342374108299186,-0.8215067578296508,0.16396049242509672,0.5795964817799134,0.28027214743398016,0.47818265360604184,-0.13773623425538892,-0.23146883534228274,0.2322224589391486,-0.5070465976066908,0.0,1.0
2015-04-13,2102.030029296875,2107.64990234375,2092.330078125,2092.429931640625,2908420000,-0.45102756160556823,-1.1693646399014297,-0.13034230651881393,0.07962544553221017,0.051090336894751225,0.13637129190677053,-0.11396413307274875,-0.20930499897953095,0.24185218904042505,-0.4495097337140228,0.0,1.0
2015-04-14,2092.280029296875,2098.6201171875,2083.239990234375,2095.840087890625,3301270000,0.10407982933713011,-0.6303077387121803,-0.0418376895978546,0.05890463621993267,0.10388668343688118,0.18117606178485296,-0.08715120236374663,-0.18579690320232656,0.2568804891578778,-0.637204991637648,0.0,1.0
2015-04-15,2097.820068359375,2111.909912109375,2097.820068359375,2106.6298828125,4013760000,0.41853770629084563,0.20114789652250475,0.23307645455044873,0.30084792330980403,0.28465115681575587,0.407232749209513,-0.03814225129337795,-0.15643111766695414,0.32236719413031334,-0.7926204184769421,0.0,1.0
2015-04-16,2105.9599609375,2111.300048828125,2100.02001953125,2104.989990234375,3434120000,-0.11115161569391427,-0.46244569434961047,0.17588210615897662,0.11811770679983248,0.246825766435991,0.2809461668255945,-0.0061889130560910735,-0.12605392709440452,0.3336743111016246,-0.8545936157116639,0.0,1.0
2015-04-17,2102.580078125,2102.580078125,2072.3701171875,2081.179931640625,3627600000,-1.0525135592212538,-0.2292440226027646,-0.5781137516899421,-0.6959741597092901,-0.21492051328888995,-0.391132086550493,-0.04840506575220906,-0.11084792934497585,0.16406624554945126,-0.5624603148268802,0.0,1.0
2015-04-20,2084.110107421875,2103.93994140625,2084.110107421875,2100.39990234375,3000160000,0.7838048049993692,-1.037232677154372,-0.06009731725045275,0.03511593700047741,0.17197634660297778,0.13826735774813034,-0.03093702953101592,-0.09491952497665677,0.1721424720268682,-0.5074449365612,0.0,1.0
2015-04-21,2102.820068359375,2109.639892578125,2094.3798828125,2097.2900390625,3243410000,-0.1739068369514487,-0.7055390610527806,-0.15478740874840533,-0.10580712278763303,0.11768633966901335,0.016353099959585844,-0.027784937262772855,-0.08149766195222895,0.14412030966162273,-0.5120553285146895,0.0,1.0
2015-04-22,2098.27001953125,2109.97998046875,2091.050048828125,2107.9599609375,3348480000,0.41311131437411086,-0.5698943291387956,0.12203323603500073,0.32533627318336583,0.3118620911372945,0.26419395428931236,0.001682970447746439,-0.06441111215154802,0.18509008983788283,-0.49325675945605857,0.0,1.0
2015-04-23,2107.2099609375,2120.489990234375,2103.18994140625,2112.929931640625,3636670000,0.16914048847631094,-0.2186194149141211,0.2473897896964056,0.4650793471988797,0.3580930480225009,0.3282581551216372,0.03589304582858628,-0.04337108093484303,0.2292884823430788,-0.5066833082166423,0.0,1.0
2015-04-24,2112.800048828125,2120.919921875,2112.800048828125,2117.68994140625,3375780000,0.15976375388358746,-0.5353467274746646,0.36843044846321443,0.3583210922266865,0.3904424274934851,0.37681813162735256,0.07285621824504625,-0.018575091268336053,0.2712786445137421,-0.5308474100574395,0.0,1.0
2015-04-27,2119.2900390625,2125.919921875,2107.0400390625,2108.919921875,3438750000,-0.4117058715032182,-0.4567132440881106,0.04775892522112343,-0.07389132632738687,0.1703646851626525,0.07474342866825326,0.07466812193971978,0.0016520873312665608,0.2202011046020452,-0.5375210977903482,0.0,1.0
2015-04-28,2108.35009765625,2116.0400390625,2094.889892578125,2114.760009765625,3546270000,0.20591943090340728,-0.3257186799894721,0.21115179117485058,0.02268530207591524,0.25683565319024987,0.1899205217351306,0.08875085533442065,0.020868050062933,0.20889610246965293,-0.5330001761107822,0.0,1.0
2015-04-29,2112.489990234375,2113.64990234375,2097.409912109375,2106.85009765625,4074970000,-0.37586867806958196,0.26554223682819156,-0.08299086418523224,-0.2938024464535828,0.06300360610184107,-0.06112994019698095,0.07480027102153236,0.03323507280687281,0.1323276034765539,-0.5391646781840016,0.0,1.0
2015-04-30,2105.52001953125,2105.52001953125,2077.590087890625,2085.510009765625,4509680000,-0.9468428309214363,0.6968090365294379,-0.7740656780653199,-0.948843550045289,-0.3809512975520827,-0.6146255654338588,0.0024304527196068754,0.027536125750535215,-0.06964294860022727,-0.4097508237749184,0.0,1.0
2015-05-01,2087.3798828125,2108.409912109375,2087.3798828125,2108.2900390625,3379390000,0.9346570269679061,-0.5307992733331888,-0.10531935179692763,0.06913065698184302,0.025073835124120612,0.036904983484891914,0.005400314583265787,0.023616844866020444,-0.04974696940790588,-0.43274208252200685,0.0,1.0
2015-05-04,2110.22998046875,2120.949951171875,2110.22998046875,2114.489990234375,3091580000,0.22124864467644498,-0.9095212281873725,0.056456469782455304,0.2790555060967809,0.11313956985192303,0.16703184094762866,0.02216075485953901,0.024092570010425432,-0.0006125025702563534,-0.5214681232988898,0.0,1.0
2015-05-05,2112.6298828125,2115.239990234375,2088.4599609375,2089.4599609375,3793950000,-1.0995367961893827,-0.03847919599350892,-0.6768825423920677,-0.5466514277293724,-0.38962328812441654,-0.5148589098537757,-0.035607753931064794,0.012026535446874492,-0.14082452330502435,-0.33544535765983485,0.0,1.0
2015-05-06,2091.260009765625,2098.419921875,2067.929931640625,2080.14990234375,3792210000,-0.4398060998572965,-0.04043094795963609,-0.9135754358977103,-0.7125967891793322,-0.570122588234113,-0.694059845766974,-0.10825208429333945,-0.013278002929546262,-0.2888258735405834,-0.3620229114844527,0.0,1.0
2015-05-07,2079.9599609375,2092.89990234375,2074.989990234375,2088.0,3676640000,0.29570323496460965,-0.17211203670705597,-0.6785214878492156,-0.40744048400741134,-0.4133997463214009,-0.4091894208032529,-0.1449395416832768,-0.04142619366256311,-0.32061680658904546,-0.347122925428104,0.0,1.0
2015-05-08,2092.1298828125,2117.659912109375,2092.1298828125,2116.10009765625,3399440000,1.1612119320766645,-0.5056307191289467,0.04933745723869606,0.6929301604199553,0.12273911747202766,0.3466913234493739,-0.09782984154792146,-0.05379464375356814,-0.14420541188790906,-0.1376275938461833,0.0,1.0
2015-05-11,2115.56005859375,2117.68994140625,2104.580078125,2105.330078125,2992670000,-0.4964547320367442,-1.0478679210390367,-0.252715317310984,0.3227540117087473,-0.10061983058545902,-0.0015408846306408388,-0.09157585389012551,-0.06234194002275505,-0.10148639068423909,-0.1289601326051767,0.0,1.0
2015-05-12,2102.8701171875,2105.06005859375,2085.570068359375,2099.1201171875,3139520000,-0.3052005961321421,-0.8440516948057887,-0.4225277916670945,-0.015115365099609694,-0.22528595741396895,-0.18024527481052227,-0.10497047597753245,-0.07206573866986646,-0.11463923204376598,-0.13281732688776976,0.0,1.0
2015-05-13,2099.6201171875,2110.18994140625,2096.0400390625,2098.47998046875,3374260000,-0.06883387629816794,-0.5372629000345983,-0.44062282815432163,-0.19340431955926116,-0.2298488850137304,-0.19002226163303987,-0.1184216089673021,-0.08274291487421316,-0.12529762424197904,-0.1431543220924453,0.0,1.0
2015-05-14,2100.429931640625,2121.449951171875,2100.429931640625,2121.10009765625,3225740000,0.9218125944461467,-0.7287818252446338,0.14450746734030923,0.46698286963735564,0.19674373125476627,0.3917263276684601,-0.06834912208415038,-0.08049620096313795,0.01918646659001936,-0.15827971073739297,0.0,1.0
2015-05-15,2122.070068359375,2123.889892578125,2116.81005859375,2122.72998046875,3092080000,0.02709771383820542,-0.9088331753809411,0.18350303890255026,0.47917216007220137,0.1876444054757578,0.3508654984932058,-0.026303878157937964,-0.06963989857236506,0.1154383344732336,-0.2592614434028512,0.0,1.0
2015-05-18,2121.300048828125,2131.780029296875,2120.010009765625,2129.199951171875,2888190000,0.23082951380322445,-1.1990622110905962,0.3416412090335302,0.5476851016251395,0.2855973262729351,0.4385433165539763,0.022168635319319455,-0.0505111268420953,0.20792134081097116,-0.25871325595000366,0.0,1.0
2015-05-19,2129.449951171875,2133.02001953125,2124.5,2127.830078125,3296030000,-0.09907991025407144,-0.6370664284892446,0.29198721272206546,0.2542787660674109,0.22876183029852296,0.31460573113359,0.053750540425028456,-0.028403575085931065,0.24122294891705576,-0.4661792929790462,0.0,1.0
2015-05-20,2127.7900390625,2134.719970703125,2122.590087890625,2125.85009765625,3025880000,-0.12474300340828433,-1.0009132525846527,0.2165295986435816,-0.05153630095412292,0.17254566720759631,0.19464702552594187,0.07007581469048499,-0.0072001432797884415,0.23111523770817843,-0.5127680537869777,0.0,1.0
2015-05-21,2125.550048828125,2134.280029296875,2122.949951171875,2130.820068359375,3070460000,0.16736717622686995,-0.9386866639147543,0.3578531756386852,0.07213667795865877,0.25183760222357976,0.2683589944731464,0.09320954940361867,0.014746921270644062,0.239428764054508,-0.5166510927297133,0.0,1.0
2015-05-22,2130.360107421875,2132.14990234375,2126.06005859375,2126.06005859375,2571860000,-0.2412308075006766,-1.6926083306712125,0.16045703579889956,-0.14963719729309058,0.15084168373294843,0.08574769560302793,0.09488699661132365,0.032665990220799364,0.19439733180123678,-0.7429646150959526,0.0,1.0
2015-05-26,2125.340087890625,2125.340087890625,2099.179931640625,2104.199951171875,3342130000,-0.9605236773753524,-0.577970500182055,-0.6331107732172181,-0.8404120211873942,-0.27055890509466507,-0.4995206314731718,0.0331147208281408,0.03369199211095026,0.005539378527851426,-0.5992009903095672,0.0,1.0
2015-05-27,2105.1298828125,2126.219970703125,2105.1298828125,2123.47998046875,3127960000,0.7773260243194565,-0.8597467460352637,-0.03876971467321336,-0.015039279592213482,0.0966417432536277,0.0419888749672312,0.03449574597188229,0.03481034480079946,0.006571824735058136,-0.5063419939667686,0.0,1.0
2015-05-28,2122.27001953125,2122.27001953125,2112.860107421875,2120.7900390625,2980350000,-0.15479463793021023,-1.0654194406057615,-0.1317776810738183,-0.08380120294382758,0.03058284198963971,-0.05350401403455293,0.025443218149779626,0.03375459880363783,-0.017733757358754893,-0.5011090501680623,0.0,1.0
2015-05-29,2120.659912109375,2120.659912109375,2104.889892578125,2107.389892578125,3927390000,-0.6062875989744188,0.10859414785541914,-0.5760216570230376,-0.44186574452017646,-0.2516982061597938,-0.40424093357479024,-0.020879895871213545,0.02292937479179675,-0.12695274144542623,-0.6048516256617039,0.0,1.0
2015-06-01,2108.639892578125,2119.14990234375,2102.5400390625,2111.72998046875,3011710000,0.1424841872293284,-1.0208844634772394,-0.43367682445560246,-0.14588617557841252,-0.1705506669515101,-0.2539285936311134,-0.047510378199210314,0.008531478629027658,-0.16689383371389627,-0.5966599926422639,0.0,1.0
2015-06-02,2110.409912109375,2117.590087890625,2099.139892578125,2109.60009765625,3049350000,-0.13172134430879276,-0.9680394537252127,-0.5068188075775998,-0.2778465501014029,-0.20725868014323476,-0.2898773740093847,-0.07604780909330536,-0.009135420179196958,-0.20344001841043943,-0.6192828467569813,0.0,1.0
2015-06-03,2110.639892578125,2121.919921875,2109.610107421875,2114.070068359375,3099980000,0.1477938999194348,-0.8979766828281499,-0.3479254953310778,-0.016592049967248723,-0.1441996138575061,-0.15376045380905226,-0.0877608447404243,-0.025792591722163572,-0.19215165828000236,-0.6057359601827769,0.0,1.0
2015-06-04,2112.35009765625,2112.889892578125,2093.22998046875,2095.840087890625,3200050000,-0.8122684375198397,-0.76280205619869,-0.9655613706738567,-0.5626898689312998,-0.5140520875037453,-0.6118974633098189,-0.1480459402161986,-0.052107159203099364,-0.30011760811712357,-0.5176680140841254,0.0,1.0
2015-06-05,2095.090087890625,2100.989990234375,2085.669921875,2092.830078125,3243690000,-0.16993661614084354,-0.7051717746872589,-1.0583850549736586,-0.5674189039214814,-0.5772490420024529,-0.6156981295002384,-0.2042047378489928,-0.08525860474572228,-0.376551259444238,-0.5403119813094259,0.0,1.0
2015-06-08,2092.340087890625,2093.010009765625,2079.110107421875,2079.280029296875,2917150000,-0.6202336219858826,-1.156612780622749,-1.4531474042941575,-0.8615254621552438,-0.8055318503051958,-0.8866073641858092,-0.28522608268244704,-0.12923635614885137,-0.4975851699274131,-0.511067070953194,0.0,1.0
2015-06-09,2079.070068359375,2085.6201171875,2072.139892578125,2080.14990234375,3034580000,-0.0041887391358255985,-0.9886977502914787,-1.4151813790377226,-0.5828215294253505,-0.7644506760412672,-0.7504748226567094,-0.3454901693067542,-0.17740286101923233,-0.5444138129312007,-0.6177290759372381,0.0,1.0
2015-06-10,2081.1201171875,2108.5,2081.1201171875,2105.199951171875,3414320000,1.0347047045475448,-0.48704779058211883,-0.454199677097025,0.5324342853941759,-0.2824531409809398,-0.02011418121774915,-0.3228820811022677,-0.21106499989407768,-0.3822606132952175,-0.5153627232446949,0.0,1.0
2015-06-11,2106.239990234375,2115.02001953125,2106.239990234375,2108.860107421875,3128600000,0.11380979134495298,-0.8588763002444614,-0.33330258570337146,0.5755556873001687,-0.22126728522364217,0.05455521026354128,-0.29391871817253334,-0.23175435918734402,-0.23722995714845072,-0.5072853440488119,0.0,1.0
2015-06-12,2107.429931640625,2107.429931640625,2091.330078125,2094.110107421875,2719400000,-0.6666895048640233,-1.4552739598127953,-0.8203486861380792,-0.04781308777638112,-0.4823719233608066,-0.34947215659570424,-0.31049796594959933,-0.2518779573284674,-0.230904966378226,-0.495608257184962,0.0,1.0
2015-06-15,2091.340087890625,2091.340087890625,2072.489990234375,2084.429931640625,3061570000,-0.45471799683712955,-0.9510232547867509,-1.1067503020996148,-0.49246349912603005,-0.6340797711571164,-0.5632423365281434,-0.34874790905745584,-0.27621804395504107,-0.2780436761539231,-0.4893684203551616,0.0,1.0
2015-06-16,2084.260009765625,2097.39990234375,2082.10009765625,2096.2900390625,2919900000,0.466948278637423,-1.1526037748623987,-0.679026538538657,-0.13400262196082402,-0.3708879993468557,-0.1963524309884669,-0.34481498393985593,-0.2948427380249632,-0.21414779883519114,-0.42947439053722314,0.0,1.0
2015-06-17,2097.39990234375,2106.7900390625,2088.860107421875,2100.43994140625,3222240000,0.13535033131144902,-0.733400759419298,-0.5359343873359618,0.0775479849101287,-0.2632427559322697,-0.0818852812187312,-0.3288980129639749,-0.30631307457610246,-0.13416485002050524,-0.4304543833317954,0.0,1.0
2015-06-18,2101.580078125,2126.64990234375,2101.580078125,2121.239990234375,3520360000,0.8434692117103486,-0.3569186641943472,0.10627969152044332,0.8363837217146222,0.1474660156476227,0.4372634598895775,-0.2583798024041594,-0.30029571993661586,0.06134077095450148,-0.41390361652514324,0.0,1.0
2015-06-19,2121.06005859375,2121.639892578125,2109.449951171875,2109.989990234375,4449810000,-0.5155755819091543,0.6399460322604663,-0.27946949371746843,0.23836657286390545,-0.05184751484951854,0.06312675659198112,-0.2332647588874533,-0.2900706307803141,0.10838161474804378,-0.3707140450670505,0.0,1.0
2015-06-22,2112.5,2129.8701171875,2112.5,2122.85009765625,3030020000,0.5031457646631569,-0.9950959844593847,0.08714700405702334,0.4505330983824211,0.20259433288222442,0.3576428956939282,-0.17827664098788257,-0.2700429987383372,0.21797025129861128,-0.42379288772457785,0.0,1.0
2015-06-23,2123.159912109375,2128.030029296875,2119.889892578125,2124.199951171875,3091190000,0.015251559407556977,-0.9100579866303352,0.12465789033881955,0.2752143817715142,0.20925382234111048,0.31497473701214274,-0.1318908299241996,-0.2440267573901094,0.2849205861617349,-0.42469250684826687,0.0,1.0
2015-06-24,2123.64990234375,2125.10009765625,2108.580078125,2108.580078125,3102480000,-0.6987746225636655,-0.8945468462486824,-0.41790028961839726,-0.4333914498208346,-0.08124653287590634,-0.14981897033659541,-0.13903802460413825,-0.22475367558983245,0.20953467155555933,-0.4876285756106255,0.0,1.0
2015-06-25,2109.9599609375,2116.0400390625,2101.780029296875,2102.31005859375,3214610000,-0.30733991474848876,-0.743487450506357,-0.6180323465756983,-0.5362354934163098,-0.18570947365316384,-0.3066948036972463,-0.16255500728155825,-0.2144021026127921,0.10979565492334407,-0.480282875193719,0.0,1.0
2015-06-26,2102.6201171875,2108.919921875,2095.3798828125,2101.489990234375,5025470000,-0.07644185239621053,1.1575606792795248,-0.6448062899488096,-0.5003779291116589,-0.19597771943923703,-0.3015836690384328,-0.1837710796781744,-0.21069199006220798,0.03554669714489872,-0.5514518783047893,0.0,1.0
2015-06-29,2098.6298828125,2098.6298828125,2056.639892578125,2057.639892578125,3678960000,-1.9064805167316239,-0.1694281309433584,-1.7739732035991684,-1.7794354793714884,-1.001443164947162,-1.3911984683023695,-0.3202557591661934,-0.23713044436135713,-0.30150261480905327,-0.08015427420926761,0.0,1.0
2015-06-30,2061.18994140625,2074.280029296875,2056.320068359375,2063.110107421875,4078540000,0.19602195768721686,0.26926804939760157,-1.5775408342165829,-1.0523073956084639,-0.8496218043586192,-1.0618611361094599,-0.4110328802582614,-0.2778397505355111,-0.4610452169314388,-0.11339911038399404,0.0,1.0
2015-07-01,2067.0,2082.780029296875,2067.0,2077.419921875,3727260000,0.5783250738956718,-0.11393310649109425,-1.089931234813372,-0.19663347166363962,-0.5336101930923435,-0.5556478788114024,-0.44086527208185405,-0.3168347854153909,-0.4418803271667823,-0.057696675051944896,0.0,1.0
2015-07-02,2078.030029296875,2085.06005859375,2071.02001953125,2076.780029296875,2996540000,-0.06910807296730644,-1.0423694891178494,-1.1061164728844148,-0.00980510213399647,-0.5276346642297072,-0.5081230432903462,-0.4633664730675702,-0.3528788487688645,-0.4088896073249961,-0.18811918605854436,0.0,1.0
2015-07-06,2073.949951171875,2078.610107421875,2058.39990234375,2068.760009765625,3486360000,-0.3867206218643973,-0.39821057027761225,-1.3119694618829059,-0.07156564012385797,-0.6616794498004477,-0.6567700392295147,-0.499987935359509,-0.3896044403947382,-0.4165088297057657,-0.1959613815366212,0.0,1.0
2015-07-07,2069.52001953125,2083.739990234375,2044.02001953125,2081.340087890625,4458660000,0.5019042262119966,0.6483995537224432,-0.8715463484356385,0.25722353848593177,-0.41669248182826674,-0.2552780865525326,-0.49109274034133044,-0.41706838395969814,-0.31296718800685813,-0.19619850783929413,0.0,1.0
2015-07-08,2077.659912109375,2077.659912109375,2044.6600341796875,2046.6800537109375,3608780000,-1.5299067727942914,-0.2513747965138108,-1.6766110269775896,-1.0600870427834599,-1.065038094265651,-1.1267771195804037,-0.5754287905334424,-0.457210309397094,-0.45470211983188547,-0.01822181980131938,0.0,1.0
2015-07-09,2049.72998046875,2074.280029296875,2049.72998046875,2051.31005859375,3446810000,0.1606040509398283,-0.4467524642525275,-1.5199191756571615,-0.6477162357351649,-0.9220985642171723,-0.8573687862079463,-0.6247314394062906,-0.4999464378321974,-0.483704305567753,-0.006749119838308651,0.0,1.0
2015-07-10,2052.739990234375,2081.31005859375,2052.739990234375,2076.6201171875,3065070000,1.0611648883169658,-0.9461620591731796,-0.7487516242536373,0.41944967283321627,-0.3926100906555229,-0.09600342412924741,-0.5896442268914908,-0.5265755640951796,-0.30363425358774354,0.1687189416730212,0.0,1.0
2015-07-13,2080.030029296875,2100.669921875,2080.030029296875,2099.60009765625,3096730000,0.9474418063221103,-0.9024396079103207,-0.17858030233684838,1.1238427080070488,0.05441460391842621,0.48712778227156417,-0.49519196543571176,-0.5275284886025365,-0.016584252887596136,0.27623134982547526,0.0,1.0
2015-07-14,2099.719970703125,2111.97998046875,2098.179931640625,2108.949951171875,3002120000,0.356419297297177,-1.0344540056737181,0.03011017454891975,1.2809498729517126,0.21412452369892723,0.6291596256548706,-0.39246492263708316,-0.50615759427867,0.2329874038598317,-0.14059357913995452,0.0,1.0
2015-07-15,2109.010009765625,2114.139892578125,2102.489990234375,2107.39990234375,3261810000,-0.10726762721503665,-0.681470265360091,-0.01399064373720947,0.7029953830196871,0.17260858267383344,0.47036826708345997,-0.3141419535029131,-0.4721856670866983,0.3738620755904243,-0.13120976330188158,0.0,1.0
2015-07-16,2110.550048828125,2124.419921875,2110.550048828125,2124.2900390625,3227080000,0.6747278110052494,-0.727014759851087,0.3629346036902959,0.7924583034742103,0.4810113362514312,0.8058694978851856,-0.20555793771609662,-0.42161296708688767,0.5594522922224127,-0.11980900196609164,0.0,1.0
2015-07-17,2126.800048828125,2128.909912109375,2119.8798828125,2126.639892578125,3362750000,0.05728559427165207,-0.5518009421285137,0.41336733722594543,0.47343091906187557,0.521810120710546,0.7184218911883389,-0.11414383305897509,-0.3614590219487375,0.6665669055848066,-0.1252983423392655,0.0,1.0
2015-07-20,2126.85009765625,2132.820068359375,2123.659912109375,2128.280029296875,3245870000,0.027349746305808297,-0.7023132718630567,0.45035983331754814,0.30388300170368837,0.5357677634120964,0.6266652074388088,-0.03915860040709196,-0.2971797919325918,0.7126859943186962,-0.1648299423000341,0.0,1.0
2015-07-21,2127.550048828125,2128.489990234375,2115.39990234375,2119.2099609375,3343690000,-0.42246431451900757,-0.5759850120568293,0.13700586141723184,-0.15242676716224654,0.3611850314212338,0.2784073258929512,-0.0070988365117535725,-0.23884891564990257,0.6461857011832719,-0.13427010433495992,0.0,1.0
2015-07-22,2118.2099609375,2118.510009765625,2110.0,2114.14990234375,3694070000,-0.25497868548106817,-0.15198933727851574,-0.03432127665082089,-0.41498704866067176,0.2717369975301626,0.08597063997190324,0.0018970285303029145,-0.19024599485267665,0.537430922906867,-0.550677226146507,0.0,1.0
2015-07-23,2114.159912109375,2116.8701171875,2098.6298828125,2102.14990234375,3772810000,-0.5488709572835474,-0.0622527177194107,-0.42354542163485515,-0.7265651825627909,0.04224013417333875,-0.2524098105903815,-0.026200044192794085,-0.1574173619561844,0.3610804877433835,-0.4476822027262716,0.0,1.0
2015-07-24,2102.239990234375,2106.010009765625,2077.090087890625,2079.64990234375,3870040000,-0.9981813519275492,0.04600671524791425,-1.0471338602111713,-1.2697713418377898,-0.37788645424136436,-0.8060566474095171,-0.11166456996793132,-0.14956836389666786,0.08181783567015176,-0.4172820692201061,0.0,1.0
2015-07-27,2078.18994140625,2078.18994140625,2063.52001953125,2067.639892578125,3836750000,-0.5577167716687532,0.00924969149659875,-1.3333467540802477,-1.2718033828046473,-0.5811456906230142,-1.010292733147779,-0.21250221182279994,-0.16501531520762777,-0.17862186435833097,-0.5755783862180898,0.0,1.0
2015-07-28,2070.75,2095.60009765625,2069.090087890625,2093.25,4117740000,1.0654253195482846,0.30996575819056416,-0.5652570512799167,0.005931551670430342,-0.11213782856779085,-0.22450577468930413,-0.2216711619048157,-0.17934838836622333,-0.1661691376092895,-0.3671933140872298,0.0,1.0
2015-07-29,2094.699951171875,2110.60009765625,2094.080078125,2108.570068359375,4038900000,0.6125335606988315,0.22771380606171993,-0.17801086206192715,0.6897279534516109,0.144122211073002,0.17840192409677594,-0.18696923346993732,-0.1833380824605026,-0.05053416184799335,-0.2974419934623612,0.0,1.0
2015-07-30,2106.780029296875,2110.47998046875,2094.969970703125,2108.6298828125,3579410000,-0.03904344330529506,-0.2861431547002686,-0.1765218499245705,0.6378612991117191,0.11443374492034032,0.1310256220375005,-0.15989514292670526,-0.18069654240196706,0.02360047014800657,-0.3810436775488891,0.0,1.0
2015-07-31,2111.60009765625,2114.239990234375,2102.070068359375,2103.840087890625,3681340000,-0.24459429206534705,-0.16667657197976973,-0.3191113429167641,0.2368673528395811,-0.006255542400144849,-0.032101916106071056,-0.15232734188561897,-0.17695277660070627,0.03592292746596599,-0.38363686789833507,0.0,1.0
2015-08-03,2104.489990234375,2105.699951171875,2087.31005859375,2098.0400390625,3476770000,-0.2879736121221643,-0.40993014213336804,-0.492708274976238,-0.2553781425929902,-0.14877253631107595,-0.19573285732410758,-0.1628827518804992,-0.1762319982049011,0.002127097961609126,-0.38577540032531654,0.0,1.0
2015-08-04,2097.679931640625,2102.510009765625,2088.60009765625,2093.320068359375,3546710000,-0.2426445729383388,-0.3251908168826021,-0.634457095309201,-0.4511697564502205,-0.25302219608373067,-0.30684881991281926,-0.18457234413580617,-0.18032854436520684,-0.05172872660175368,-0.3956977302640839,0.0,1.0
2015-08-05,2095.27001953125,2112.659912109375,2095.27001953125,2099.840087890625,3968680000,0.23679352428285813,0.1530916076652391,-0.42540564387078605,-0.10932639057949141,-0.17731308778923519,-0.11517117737394757,-0.1840944536313446,-0.1835028165624527,-0.04141806055146598,-0.37768687874675355,0.0,1.0
2015-08-06,2100.75,2103.320068359375,2075.530029296875,2083.56005859375,4246570000,-0.7344964920006033,0.44104037618525044,-0.9152841965920092,-0.5768709984856336,-0.5272624091804023,-0.5328906979400343,-0.22841426820826433,-0.19559123716341592,-0.14107479054143382,-0.3472148303820715,0.0,1.0
2015-08-07,2082.610107421875,2082.610107421875,2067.909912109375,2077.570068359375,3602320000,-0.29851939781029607,-0.25899784151936,-1.0811811831352645,-0.6087536796458641,-0.645338831957602,-0.6252381622078921,-0.2792731197100992,-0.21621985607729846,-0.23655090320929717,-0.4750316508641259,0.0,1.0
2015-08-10,2080.97998046875,2105.35009765625,2080.97998046875,2104.179931640625,3514460000,1.1031423381724355,-0.3640553485934489,-0.24691061947066928,0.44674369680587517,-0.1293702707278891,0.12750224693505166,-0.24579833390156935,-0.2255103829277279,-0.10979542100330862,-0.34673246255085655,0.0,1.0
2015-08-11,2102.659912109375,2102.659912109375,2076.489990234375,2084.070068359375,3708880000,-0.8957382303180494,-0.13496586336437916,-0.8016390045132398,-0.312572676310728,-0.4985180740555407,-0.42558213018427077,-0.27400400721128787,-0.23901990687790423,-0.15696217611618,-0.3867419807439255,0.0,1.0
2015-08-12,2081.10009765625,2089.06005859375,2052.090087890625,2086.050048828125,4269130000,0.04333173104758537,0.4635836572578031,-0.7424077572571153,-0.11548636967807109,-0.4390252605851758,-0.33100573567720476,-0.28998968687783355,-0.2532717484934634,-0.16526100038917435,-0.4683240972904246,0.0,1.0
2015-08-13,2086.18994140625,2092.929931640625,2078.260009765625,2083.389892578125,3221300000,-0.15554995776246272,-0.734642127847116,-0.8162553625490439,-0.22490378364744293,-0.4513493612048484,-0.3692979564101433,-0.3088695641710173,-0.2687410186319096,-0.1788713802137731,-0.47010679203027345,0.0,1.0
2015-08-14,2083.14990234375,2092.449951171875,2080.610107421875,2091.5400390625,2795590000,0.30805035630410693,-1.3377089069108385,-0.5529149001802114,-0.0018355010145359946,-0.2573167013468115,-0.12579961093566625,-0.300329610101052,-0.27927644406416136,-0.12371290545777694,-0.44168281585546215,0.0,1.0
2015-08-17,2089.699951171875,2102.8701171875,2079.300048828125,2102.43994140625,2867690000,0.4241887090444396,-1.2293690983965933,-0.22071902390031717,0.46626838407956334,-0.018101935426942613,0.1501397039609786,-0.26290752346131463,-0.27964194355353533,-0.010017068479710572,-0.4124289498285813,0.0,1.0
2015-08-18,2101.989990234375,2103.469970703125,2094.139892578125,2096.919921875,2949990000,-0.27623371083343795,-1.1089829979000454,-0.4019559631751444,0.12934764947361296,-0.10453152315060599,-0.034935143630679726,-0.24804920466468672,-0.27673301818941154,0.026589734404722367,-0.40985614662262787,0.0,1.0
2015-08-19,2095.68994140625,2096.169921875,2070.530029296875,2079.610107421875,3512920000,-0.7793526525247008,-0.3659201159465782,-0.922887685653079,-0.5368829206918178,-0.41072010813472093,-0.49225549195626295,-0.283180983879822,-0.2819752565792573,-0.06453712242375503,-0.3474363716725254,0.0,1.0
2015-08-20,2076.610107421875,2076.610107421875,2035.72998046875,2035.72998046875,3922470000,-1.9273919749524793,0.10326079133376782,-1.8811993576982335,-1.9741077197812518,-1.2094574946811512,-1.56289980791725,-0.42951727536732204,-0.3176981878530235,-0.4052994749299412,0.00825456578886272,0.0,1.0
2015-08-21,2034.0799560546875,2034.0799560546875,1970.8900146484375,1970.8900146484375,5018240000,-2.888236959420845,1.151435178835744,-2.722561259639808,-3.717266925989563,-2.38447626098496,-3.0283347491809534,-0.7184549258609465,-0.40853009761276793,-1.0213965310110138,0.6017172376338155,0.0,1.0
2015-08-24,1965.1500244140625,1965.1500244140625,1867.010009765625,1893.2099609375,6612690000,-3.564150509332412,2.325350551355709,-3.3030635562018094,-5.339146808909,-3.760420236619022,-4.647781750192032,-1.1508305794577354,-0.574353874951279,-1.859776593836084,0.9414857528807988,0.0,1.0
2015-08-25,1898.0799560546875,1948.0400390625,1867.0799560546875,1867.6099853515625,5183560000,-1.250097775405778,1.2893414383344348,-3.442153881050422,-4.567156315263782,-4.065390985831986,-4.682524661907704,-1.5486727675329024,-0.7927306783906002,-2.447299091229118,0.9455656498016869,0.0,1.0
2015-08-26,1872.75,1943.0899658203125,1872.75,1940.510009765625,5338250000,3.4470455942772715,1.4144538642680866,-1.9058054336657957,-0.12069121569879118,-2.454667766293512,-2.061755916457718,-1.6463837151722094,-0.9884846035525351,-2.194384065589066,1.9379867965361768,0.0,1.0
2015-08-27,1942.77001953125,1989.5999755859375,1942.77001953125,1987.6600341796875,5006390000,2.1300158600342844,1.1413763465214548,-1.1640943884490373,2.4339640566956,-1.393915013430108,-0.509544530255714,-1.57803800806427,-1.1303622003168403,-1.5920675605447518,2.2607239836784583,0.0,1.0
2015-08-28,1986.06005859375,1993.47998046875,1975.18994140625,1988.8699951171875,3949080000,0.01282664281313431,0.13202706702364292,-1.146241296537314,2.322114035339077,-1.2573518294945,-0.4203416043732126,-1.5056165430294244,-1.2282605848399988,-1.1003969846252695,2.244822106109844,0.0,1.0
2015-08-31,1986.72998046875,1986.72998046875,1965.97998046875,1972.1800537109375,3915100000,-0.7915785334185673,0.0952590676353559,-1.3320807230680782,0.8551888520212014,-1.4705980024323848,-0.8239340064120507,-1.4796277748674511,-1.3009798371485675,-0.8189040290621076,2.207768975840136,0.0,1.0
2015-09-01,1970.0899658203125,1970.0899658203125,1903.0699462890625,1913.8499755859375,4371850000,-2.6849533774450216,0.5647438940171078,-1.8936459084796613,-2.1463850780669578,-2.477069392260034,-2.292363010715917,-1.6038378871331158,-1.3859171450750691,-0.9554971633216801,2.369509148176156,0.0,1.0
2015-09-02,1916.52001953125,1948.9100341796875,1916.52001953125,1948.8599853515625,3742620000,1.5933433380274076,-0.09643562388481247,-1.356297254172559,-0.6671938328941549,-1.6196236112273146,-1.0206476760738843,-1.589835899965892,-1.4508501688833657,-0.731857007165071,2.5890573952363685,0.0,1.0
2015-09-03,1950.7900390625,1975.010009765625,1944.719970703125,1951.1300048828125,3520700000,0.06252387205902998,-0.35650776220862485,-1.3224242855487531,-0.24348004254978645,-1.4428721703160103,-0.8249565033676309,-1.5569669288444727,-1.4957147465079084,-0.5074995439419363,2.518010493369643,0.0,1.0
2015-09-04,1947.760009765625,1947.760009765625,1911.2099609375,1921.219970703125,3167090000,-1.4116508517585848,-0.8068518673575039,-1.6210776984095427,-0.9783259518545632,-1.9006870277953707,-1.533752468458709,-1.597423430822718,-1.5403230347058843,-0.5046343273193346,2.2898761045129885,0.0,1.0
2015-09-08,1927.300048828125,1970.4200439453125,1927.300048828125,1969.4100341796875,3548650000,2.20020195250077,-0.32286420108156033,-0.9187276057054554,1.2052603918680296,-0.7768865443382039,-0.010600063039787454,-1.4819427376668006,-1.551128571383268,-0.12673264466384096,1.9065897732842054,0.0,1.0
2015-09-09,1971.449951171875,1988.6300048828125,1937.8800048828125,1942.0400390625,3652120000,-1.283663686976116,-0.20058213420114154,-1.2049516413812449,-0.2729904330713669,-1.1974011860381921,-0.7742658430619227,-1.4516050048976585,-1.553236531671024,-0.02949710599288482,1.911786640840885,0.0,1.0
2015-09-10,1941.5899658203125,1965.2900390625,1937.18994140625,1952.2900390625,3626320000,0.4301348579952582,-0.23074555456193938,-1.060147191200714,0.15417709650146472,-0.8501202215443451,-0.3978633595656254,-1.3857567726524205,-1.5407354543324756,0.13382628197435179,1.3486816195281537,0.0,1.0
2015-09-11,1951.449951171875,1961.050048828125,1939.18994140625,1961.050048828125,3218590000,0.35944765648966875,-0.7382229952121414,-0.9338398932919888,0.4562328466468477,-0.5432070337726334,-0.11951322350392117,-1.2968995028192951,-1.5115896946236753,0.3199073905241318,1.063601673848577,0.0,1.0
2015-09-14,1963.06005859375,1963.06005859375,1948.27001953125,1953.030029296875,3000200000,-0.4070889250088092,-1.0371759514298093,-1.0303577652744929,-0.18500066971046897,-0.567357863387982,-0.3407210585032534,-1.2367753480337602,-1.4753189323668043,0.3995621621246109,1.064957663982181,0.0,1.0
2015-09-15,1955.0999755859375,1983.18994140625,1954.300048828125,1978.0899658203125,3239860000,1.1052109027412842,-0.7101984788673062,-0.6543244932459084,0.8513063479364259,0.0854255760755836,0.3720138344023107,-1.1096619351173005,-1.4189148807831558,0.6246445465969036,1.1272144019484829,0.0,1.0
2015-09-16,1978.02001953125,1997.260009765625,1977.9300537109375,1995.31005859375,3630680000,0.7364616827111818,-0.22563313148834,-0.410474895899159,1.136436735071223,0.5536188220113413,0.7593739946368628,-0.9528864717070923,-1.3400133089854398,0.8761581175940147,0.5698544575016924,0.0,1.0
2015-09-17,1995.3299560546875,2020.8599853515625,1986.72998046875,1990.199951171875,4183790000,-0.2704716713848659,0.3776708314725767,-0.4853241147122745,0.5731344248741786,0.5418158801464972,0.48162680740732733,-0.8355371181043271,-1.2516083421749786,0.9824023966749235,0.4392391288921229,0.0,1.0
2015-09-18,1989.6600341796875,1989.6600341796875,1953.449951171875,1958.030029296875,6021240000,-1.4862399747133863,1.9266980399052227,-0.9340798086011062,-0.8165187972995734,-0.05233518647689808,-0.4848405606039545,-0.8241878574302571,-1.1784390940006413,0.812072957500434,0.6406476004081264,0.0,1.0
2015-09-21,1960.8399658203125,1979.6400146484375,1955.800048828125,1966.969970703125,3269350000,0.36648502519836684,-0.6716464863698569,-0.7901547048968977,-0.5449804213653624,0.14005714499043495,-0.1892686643562855,-0.7839383088170493,-1.1112316588605526,0.7454221945899793,0.4627611991336731,0.0,1.0
2015-09-22,1961.3900146484375,1961.3900146484375,1929.219970703125,1942.739990234375,3808260000,-1.1425299163378637,-0.022461588311082994,-1.1167094958523434,-1.303873815396588,-0.4219893472666549,-0.8394233005033443,-0.811936176784351,-1.0634980401563217,0.5277124618674284,0.13400114670877944,0.0,1.0
2015-09-23,1943.239990234375,1949.52001953125,1932.5699462890625,1938.760009765625,3190530000,-0.22467480456018205,-0.7754784102787172,-1.1691955844574373,-0.9856725072637574,-0.5797514514620916,-0.8410179775424532,-0.8378774512854039,-1.0309003676734596,0.35849843968482664,-0.016771430086487765,0.0,1.0
2015-09-24,1934.81005859375,1937.1700439453125,1908.9200439453125,1932.239990234375,4091530000,-0.3421431688807575,0.28279752947072156,-1.258359656951878,-0.7646720248253202,-0.708059104004862,-0.9120000834351234,-0.8688367351891327,-1.0114926161236026,0.2110402272479124,-0.04131151455545131,0.0,1.0
2015-09-25,1935.9300537109375,1952.8900146484375,1921.5,1931.3399658203125,3721870000,-0.08320870718020872,-0.12009026955285533,-1.2712556663038166,-0.5678979216719381,-0.6685559053447392,-0.8188114948467254,-0.8880528605443734,-1.0001066586415825,0.12135967345321194,-0.07201954336144513,0.0,1.0
2015-09-28,1929.1800537109375,1929.1800537109375,1879.2099609375,1881.77001953125,4326660000,-2.3354679775371223,0.5205361096449914,-1.9022817213423342,-2.0414507579218775,-1.602223373411311,-2.0793098589272496,-1.0305386931932496,-1.0216974259022908,-0.24730734944143548,0.36737739675932835,0.0,1.0
2015-09-29,1881.9000244140625,1899.47998046875,1871.9100341796875,1884.0899658203125,4132390000,0.06860666171175493,0.3250761128208185,-1.8516824752253374,-1.4150862662401396,-1.4633742901911693,-1.7241357293144781,-1.1265117809527008,-1.0596480884940245,-0.43020464908570183,0.1667214666953376,0.0,1.0
2015-09-30,1887.1400146484375,1920.530029296875,1887.1400146484375,1920.030029296875,4525070000,1.6632859692390198,0.7113041048938347,-1.119788993177592,0.3891653200913463,-0.7102999643354713,-0.48845966353721065,-1.0932907701913612,-1.082850927831537,-0.2653296914988613,0.44943501569624267,0.0,1.0
2015-10-01,1919.6500244140625,1927.2099609375,1900.699951171875,1923.8199462890625,3983600000,0.1348357967142325,0.1690568324402857,-1.048123850243387,0.63901746565326,-0.604050288459423,-0.3299446645416527,-1.0468790855565901,-1.0914134889515767,-0.10165704581032477,0.4697454429379772,0.0,1.0
2015-10-02,1921.77001953125,1951.3599853515625,1893.699951171875,1951.3599853515625,4378570000,1.2378404059753048,0.5712787771855641,-0.5499510422614909,1.7078110750528763,-0.022011317223017968,0.4598924078115407,-0.9259115986619559,-1.0722002772650807,0.2088653468491129,0.5057079685827705,0.0,1.0
2015-10-05,1954.3299560546875,1989.1700439453125,1954.3299560546875,1987.050048828125,4334490000,1.5930632207022186,0.5282288962974054,0.0003609728701993687,2.3466475215657936,0.6615961918229606,1.3464739247283064,-0.7256905200534519,-1.013690726691668,0.6481832106188748,0.6990817664825673,0.0,1.0
2015-10-06,1986.6300048828125,1991.6199951171875,1971.989990234375,1979.9200439453125,4202400000,-0.3622748987574633,0.3965542124908122,-0.12538008888203833,1.1517449121469636,0.49983039279724556,0.9189221203803181,-0.5823985683700209,-0.9360098692059755,0.862511003918246,0.5953591013173768,0.0,1.0
2015-10-07,1982.3399658203125,1999.31005859375,1976.43994140625,1995.8299560546875,4666470000,0.6766004913192605,0.8422201144523486,0.11141472007323044,1.1754561439882456,0.777504077199284,1.1870865008003073,-0.42252826637897056,-0.8394200488497916,1.0739058923395601,0.6020002150556222,0.0,1.0
2015-10-08,1994.010009765625,2016.5,1987.530029296875,2013.4300537109375,3939140000,0.7465628668831285,0.12130434697062929,0.36016008499961655,1.1500944598507763,1.0820129902272386,1.456175957183548,-0.24688314658033345,-0.7243042673508848,1.2810189696398067,0.5884636593379657,0.0,1.0
2015-10-09,2013.72998046875,2020.1300048828125,2007.6099853515625,2014.8900146484375,3706900000,0.02322757546475597,-0.13723784978358097,0.38083407607320935,0.6529288328701245,1.054414420078528,1.245028802343532,-0.10488346920827149,-0.6016168543373562,1.3656668802715761,0.5821128612915212,0.0,1.0
2015-10-12,2015.6500244140625,2018.6600341796875,2010.550048828125,2017.4599609375,2893250000,0.07241614843285597,-1.191614686040917,0.4193845405508956,0.49835902284205574,1.0387465793610071,1.097362114988024,0.012163750286325745,-0.4782483113847584,1.373281649439834,-0.19014075910986192,0.0,1.0
2015-10-13,2015.0,2022.3399658203125,2001.780029296875,2003.68994140625,3401920000,-0.6515963341409367,-0.502527922542644,0.1076606548064514,-0.3047500947922174,0.7224780008949359,0.534737663187561,0.06377967988214524,-0.3684324770101971,1.2217676115053877,-0.039172052795092206,0.0,1.0
2015-10-14,2003.6600341796875,2009.56005859375,1990.72998046875,1994.239990234375,3644590000,-0.46309252239176585,-0.2093635676062875,-0.10036896620764481,-0.7001003464722102,0.5255248053729008,0.17665942383020097,0.07532139756630071,-0.2780930686242624,1.0040287049925984,-0.13951468822654178,0.0,1.0
2015-10-15,1996.469970703125,2024.1500244140625,1996.469970703125,2023.8599853515625,3746290000,1.2858776996021755,-0.09226553938354097,0.39829558386545966,0.4912345149095122,1.1100744399154368,0.9212966445587697,0.16185110015827456,-0.18717813413150716,1.0104628641777513,-0.04040009810397219,0.0,1.0
2015-10-16,2024.3699951171875,2033.5400390625,2020.4599609375,2033.1099853515625,3595430000,0.36690425062660015,-0.26714338308510904,0.5397014242736803,0.7322032804615763,1.2225384773701689,1.002470301606728,0.25061110828856387,-0.09532224438893028,1.0209823797856603,-0.13174331239701517,0.0,1.0
2015-10-19,2031.72998046875,2034.449951171875,2022.31005859375,2033.6600341796875,3287320000,-0.017398930309437365,-0.6483246251692273,0.5483775701484113,0.6149830905494458,1.1620828486538093,0.8389356114474981,0.3163882542843541,-0.007665403037804235,0.9740386435127572,-0.3744156066302776,0.0,1.0
2015-10-20,2033.1300048828125,2039.1199951171875,2026.6099853515625,2030.77001953125,3331500000,-0.16858772678580075,-0.5915245436727364,0.4712206009418838,0.2561400271082605,1.0072969788978383,0.6100239182511992,0.35403061627435245,0.07057037070877643,0.8687147530004696,-0.4015485268716651,0.0,1.0
2015-10-21,2033.469970703125,2037.969970703125,2017.219970703125,2018.93994140625,3627790000,-0.5622212201830878,-0.22902118411284397,0.1554507486008859,-0.4637019055940806,0.6757751407088076,0.1801850604446659,0.3448277211009928,0.13117616389743442,0.6716183919553018,-0.37490926281456427,0.0,1.0
2015-10-22,2021.8800048828125,2055.199951171875,2021.8800048828125,2052.510009765625,4430850000,1.4444990482126003,0.6217787017384263,0.7346505392435274,0.727722205224039,1.2441489620474775,1.0188554049696508,0.4228023391981724,0.19646095560182833,0.7239277849099566,-0.1765987066584589,0.0,1.0
2015-10-23,2058.18994140625,2079.739990234375,2058.18994140625,2075.14990234375,4108460000,0.9442507232321423,0.30036631010712617,1.0562609974336732,1.330418351913233,1.557993129262142,1.4329484024836545,0.538390807559464,0.27359310374093004,0.8563766457362159,-0.10519215835832198,0.0,1.0
2015-10-26,2075.080078125,2075.139892578125,2066.530029296875,2071.179931640625,3385800000,-0.2125608131065568,-0.5227366656318114,0.9461895513733463,0.8385144955089582,1.2737080429464118,1.0823416118730103,0.6095848984074007,0.3506380690972928,0.8554019759589464,-0.08552952167113202,0.0,1.0
2015-10-27,2068.75,2070.3701171875,2058.840087890625,2065.889892578125,4216880000,-0.2698513439084988,0.41118916794283983,0.7951174021435092,0.31478086183198584,0.9731029602678511,0.7533963434296725,0.6415868285633151,0.41916907298309697,0.7602191810368181,-0.15005533404658591,0.0,1.0
2015-10-28,2066.47998046875,2090.35009765625,2063.110107421875,2090.35009765625,4698110000,1.016616098766027,0.8709707329004027,1.1562812666215545,0.7394658237334829,1.293034695615188,1.2512181252041341,0.7236262703752657,0.491669826918531,0.8045994505708821,-0.16225354273000514,0.0,1.0
2015-10-29,2088.35009765625,2092.52001953125,2082.6298828125,2089.409912109375,4008940000,-0.08177701254542738,0.1960355073572065,1.1278197060379371,0.3884820901149258,1.1000837176644995,1.009150377315625,0.7746846920236828,0.5606713112335209,0.7654789701914805,-0.26864926698034247,0.0,1.0
2015-10-30,2090.0,2094.320068359375,2079.340087890625,2079.360107421875,4256200000,-0.4714582089070256,0.45067785439408264,0.8183555247695755,-0.06721579928899576,0.7635051244626762,0.5699453654262437,0.7760527489514932,0.6161672557736906,0.6144922612259058,-0.20935832538925958,0.0,1.0
2015-11-02,2080.760009765625,2106.199951171875,2080.760009765625,2104.050048828125,3760020000,1.0196354962687129,-0.07670079856785945,1.1945127854125532,0.6880116680156095,1.1406845399259633,1.097147753200273,0.8331852496568796,0.6728735938551413,0.628023992678206,-0.13177139095825222,0.0,1.0
2015-11-03,2102.6298828125,2116.47998046875,2097.510009765625,2109.7900390625,4272060000,0.20224039550047906,0.4665027414581892,1.2750894647011046,0.558618072237475,1.1214030815382614,1.0514047725422968,0.8816933643107281,0.7286900646514639,0.6180756207480326,-0.15709017027386285,0.0,1.0
2015-11-04,2110.60009765625,2114.590087890625,2096.97998046875,2102.31005859375,4078870000,-0.35844351557636794,0.2696122875617896,1.0328110840978437,0.14853340367129056,0.8614117921799195,0.6738006762449812,0.8868499765547428,0.7744542681610226,0.5056951620194962,-0.19840140915445656,0.0,1.0
2015-11-05,2101.679931640625,2108.780029296875,2090.409912109375,2099.929931640625,4051890000,-0.14276373762988165,0.241375858975574,0.9540778844795526,-0.03744680385373723,0.7251340953310516,0.4865956532575439,0.8718867407475039,0.8078417009357874,0.36732765416527224,-0.38503598689630114,0.0,1.0
2015-11-06,2098.60009765625,2101.909912109375,2083.739990234375,2099.199951171875,4369020000,-0.07264717111265177,0.5619888460958532,0.9285273024473735,-0.23176184830997465,0.6245946893498296,0.37101627163479695,0.8458294192277762,0.8289374215625446,0.2299110683994814,-0.4941822983009536,0.0,1.0
2015-11-09,2096.56005859375,2096.56005859375,2068.239990234375,2078.580078125,3882350000,-0.9194784511425839,0.05951873194069544,0.2448444420354094,-0.8756665722226985,0.15150995818802793,-0.2355750373655498,0.7571511357043778,0.826707664033098,-0.030858752027818088,-0.35638606250764765,0.0,1.0
2015-11-10,2077.18994140625,2083.669921875,2069.909912109375,2081.719970703125,3821440000,0.09342963574523706,-0.007761980485542443,0.3149146737488384,-0.514016063722111,0.13576408332290582,-0.14011368292448384,0.6851978517378976,0.8094210378887882,-0.1991887171672912,-0.367431618970865,0.0,1.0
2015-11-11,2083.409912109375,2086.93994140625,2074.85009765625,2075.0,3692410000,-0.33008670649620137,-0.15390168973004095,0.0972841900333424,-0.5675888001943183,-0.07842897231818254,-0.31208932436234715,0.6002871607718286,0.7772971561590862,-0.3650634936124514,-0.5416008701326522,0.0,1.0
2015-11-12,2072.2900390625,2072.2900390625,2045.6600341796875,2045.969970703125,4016370000,-1.2919589688959559,0.20391366176366468,-0.7163919709072775,-1.3340570117161379,-0.6765261556962076,-1.0318974965572631,0.4453682175171188,0.7182197200282016,-0.6663938026421263,-0.3323555670930631,0.0,1.0
2015-11-13,2044.6400146484375,2044.6400146484375,2022.02001953125,2023.0400390625,4278750000,-1.0432292829315892,0.47316032029247834,-1.2265401983669342,-1.6681915246375225,-1.1218210248865161,-1.489029731004959,0.2539957042088021,0.6297252729479103,-0.9952646026923488,-0.24953863057653478,0.0,1.0
2015-11-16,2022.0799560546875,2053.219970703125,2019.3900146484375,2053.18994140625,3741240000,1.2903903558026013,-0.09800472454291012,-0.46556747947769794,-0.1820469585650258,-0.5425430530614721,-0.5035691820321316,0.18095553632646222,0.5431927186957666,-0.9733313999915268,-0.14664760428621937,0.0,1.0
2015-11-17,2053.669921875,2066.68994140625,2045.9000244140625,2050.43994140625,4427350000,-0.1612848531779729,0.6184165295356226,-0.5288477117575939,-0.033630626662660874,-0.6164037582084163,-0.518793721924754,0.11176301035430508,0.45905867909548254,-0.9465169342442787,-0.17445237497136215,0.0,1.0
2015-11-18,2051.989990234375,2085.31005859375,2051.989990234375,2083.580078125,3926390000,1.4029292882905555,0.1075106734950415,0.1708742735924277,1.2984702557714434,-0.02349904184584548,0.3959639352828784,0.14422108768854106,0.3987447590007633,-0.6802172149233728,0.12433560167942231,0.0,1.0
2015-11-19,2083.699951171875,2086.739990234375,2078.760009765625,2081.239990234375,3628110000,-0.14195586326514006,-0.22864590356172723,0.11130684135143595,0.8969022855650333,-0.09832252441728259,0.2529414154320856,0.1592200547112585,0.35372525148913525,-0.5092316001323207,0.12433136613194336,0.0,1.0
2015-11-20,2082.820068359375,2097.06005859375,2082.820068359375,2089.169921875,3929600000,0.29895487369928603,0.11098764796975945,0.2692615284996591,0.6684017828951138,0.04464566678803288,0.39648272017301667,0.18836853485552058,0.32398988203832446,-0.33836085052475706,0.14080707060599018,0.0,1.0
2015-11-23,2089.409912109375,2095.610107421875,2081.389892578125,2086.590087890625,3587980000,-0.15194358616281223,-0.27596855433207984,0.19585119896472972,0.27856854547034815,-0.021677315483720098,0.2473802280054816,0.19961778623352266,0.30262531352656963,-0.24477853495152915,0.05981911166149887,0.0,1.0
2015-11-24,2084.419921875,2094.1201171875,2070.2900390625,2089.139892578125,3884930000,0.0676362999243248,0.062345226335737254,0.25181538293713335,0.06090399619479493,0.005659429304401463,0.253226068577249,0.21070020130539088,0.28792143975913637,-0.17031454494171036,0.05933595404076281,0.0,1.0
2015-11-25,2089.300048828125,2093.0,2086.300048828125,2088.8701171875,2852940000,-0.05311986047647524,-1.2513095969197163,0.2430880913596711,0.005513401375032611,0.0017963854210384872,0.18579213245144893,0.21383856642563956,0.2768345226683821,-0.12987836881041637,0.04715530078365059,0.0,1.0
2015-11-27,2088.820068359375,2093.2900390625,2084.1298828125,2090.110107421875,1466840000,0.011475421077518514,-4.081694344367743,0.2739487811002864,-0.01678469086171506,0.025606722494819642,0.16752769246502758,0.21483328134355936,0.26817930703095166,-0.10269288746381373,-0.1806130861857999,0.0,1.0
2015-11-30,2090.949951171875,2093.81005859375,2080.409912109375,2080.409912109375,4275030000,-0.45636469900723864,0.46945963410695485,-0.0649519711884955,-0.34790184504399707,-0.16712806797032537,-0.12827038533958735,0.1843108521471785,0.2546788713764324,-0.15686057248728108,-0.3337596414919754,0.0,1.0
2015-12-01,2082.929931640625,2103.3701171875,2082.929931640625,2102.6298828125,3712120000,0.9129901648364948,-0.13125068238992957,0.4943845065292316,0.4434463390907604,0.2733953471540916,0.43912261979439243,0.2164675269069622,0.25080689522168215,-0.049218120832822475,-0.44239772749693684,0.0,1.0
2015-12-02,2101.7099609375,2104.27001953125,2077.110107421875,2079.510009765625,3950640000,-1.0243112848001548,0.13370745773997708,-0.23419289554047437,-0.4385857236167445,-0.15358194429182395,-0.2416629482392774,0.17375494618308712,0.2385066008239031,-0.14344345760921837,-0.2526799015826622,0.0,1.0
2015-12-03,2080.7099609375,2085.0,2042.3499755859375,2049.6201171875,4306490000,-1.326202835705799,0.5006552678456004,-0.9742994682159312,-1.3611652908871623,-0.6932784961362497,-0.9933522673833709,0.054413714645546334,0.20295349240362495,-0.4034009211377325,-0.3219540573215292,0.0,1.0
2015-12-04,2051.239990234375,2093.840087890625,2051.239990234375,2091.68994140625,4214910000,1.792888837117895,0.4092010423300251,-0.019977674999526417,0.38394417574025136,0.14800395839524855,0.21798824006759426,0.07258012315625237,0.178425080854197,-0.28014907592261523,0.11549406105600506,0.0,1.0
2015-12-07,2090.419921875,2090.419921875,2066.780029296875,2077.070068359375,4043820000,-0.66626078370039,0.23289351063071073,-0.35057428570528965,-0.1991533205963532,-0.11961654942408748,-0.21177942382121154,0.04371986417722521,0.15258421424932436,-0.29482181561246307,0.14433293098291733,0.0,1.0
2015-12-08,2073.389892578125,2073.85009765625,2052.320068359375,2063.590087890625,4173570000,-0.6216092591893952,0.3672649381355058,-0.6376122151168736,-0.43763719796500494,-0.37196418995779407,-0.5467316589120879,-0.018548060390511135,0.11849547682328673,-0.3870298200331888,0.17081733659215698,0.0,1.0
2015-12-09,2061.169921875,2080.330078125,2036.530029296875,2047.6199951171875,4385250000,-0.7332452279711154,0.5777648297713983,-0.9555322607788074,-0.8425052206549293,-0.6551535312412151,-0.8956867513142385,-0.11306928789514618,0.0708592511792507,-0.5384854963623287,0.1961890845079016,0.0,1.0
2015-12-10,2047.9300537109375,2067.64990234375,2045.6700439453125,2052.22998046875,3715150000,0.15963743024731802,-0.12777923323638538,-0.844615705530177,-0.6702857880637665,-0.5413121730109192,-0.6612576685533398,-0.17567541010278204,0.019261359560326152,-0.5827753890687664,0.20721899690371667,0.0,1.0
2015-12-11,2047.27001953125,2047.27001953125,2008.800048828125,2012.3699951171875,4301060000,-1.777475252744705,0.49528720364923257,-1.5527515703583448,-1.6924829297117345,-1.3001363886415627,-1.6145724079795125,-0.33380217638853565,-0.0560864315802765,-0.8482900761401325,0.40824460860545,0.0,1.0
2015-12-14,2013.3699951171875,2022.9200439453125,1993.260009765625,2021.93994140625,4612440000,0.38344616183281294,0.7926704997798333,-1.3157979437046396,-0.823129952629925,-1.1089437917458325,-1.1425672072032669,-0.4302038445274205,-0.13713505380805135,-0.9120231618643748,0.45174248320156507,0.0,1.0
2015-12-15,2025.550048828125,2053.8701171875,2025.550048828125,2043.4100341796875,4353540000,0.9074478593314439,0.5468871817036263,-0.8191919378330424,0.26499335125619145,-0.6727941024984485,-0.4308351962165842,-0.4447033394779262,-0.20509796552915088,-0.7657299816715474,0.45058973697480953,0.0,1.0
2015-12-16,2046.5,2076.719970703125,2042.4300537109375,2073.070068359375,4635450000,1.2556866819982806,0.8138430039645947,-0.23160433589189763,1.3111566310087543,-0.10590353591373113,0.3841495330739589,-0.37254092973013664,-0.24392041722582375,-0.4399509139563752,0.5626832840777977,0.0,1.0
2015-12-17,2073.760009765625,2076.3701171875,2041.6600341796875,2041.8900146484375,4327390000,-1.3858149885978823,0.5212539053062867,-0.8043698243934152,0.07074650775369415,-0.6843021231160178,-0.5055913796648326,-0.3991721700986484,-0.2807162588613978,-0.4172941976322831,0.5752153899201866,0.0,1.0
2015-12-18,2040.81005859375,2040.81005859375,2005.3299560546875,2005.550048828125,6683070000,-1.6321930789544534,2.3703946104587907,-1.3520970452962724,-1.4221033509322967,-1.3336880318815825,-1.3974981907662039,-0.5169698602485537,-0.3355332386737944,-0.6187635495056019,0.3883320668216014,0.0,1.0
2015-12-21,2010.27001953125,2022.9000244140625,2005.9300537109375,2021.1500244140625,3760280000,0.6536106379046491,-0.07640660338987756,-1.04422463105918,-0.7495291502508447,-0.9565395543978933,-0.7983311844278461,-0.5632475785334407,-0.38935766892043333,-0.6076672294089857,0.4667853059058262,0.0,1.0
2015-12-22,2023.1500244140625,2042.739990234375,2020.489990234375,2038.969970703125,3520860000,0.7464109835770935,-0.3563144102987054,-0.7110144195120602,0.04913286801746061,-0.5539705625413638,-0.23135873767832246,-0.5469114265629453,-0.42889747904164793,-0.4479707035742791,0.5298967224670592,0.0,1.0
2015-12-23,2042.199951171875,2064.72998046875,2042.199951171875,2064.2900390625,3484090000,1.0682775822671964,-0.4009817355255636,-0.2788030091726531,1.2065687432241743,-0.023334891201558686,0.4435003817427824,-0.461257351184732,-0.4420745791410659,-0.15324580608991542,0.5945917881642989,0.0,1.0
2015-12-24,2063.52001953125,2067.360107421875,2058.72998046875,2060.989990234375,1411860000,-0.1844557672913872,-4.244233690847396,-0.33826731992332953,0.9004053469051495,-0.06135961117902399,0.2674840580875483,-0.40029771746618686,-0.4394820951620729,0.02305204216005726,0.5964230300384304,0.0,1.0
2015-12-28,2057.77001953125,2057.77001953125,2044.199951171875,2056.5,2492510000,-0.23628605194902053,-1.8259464772983607,-0.4227056349782986,0.27238162831836343,-0.11751002562513536,0.08797659564728726,-0.36262442367915404,-0.4292911428489935,0.10799997804943312,0.30607645263954597,0.0,1.0
2015-12-29,2060.5400390625,2081.56005859375,2060.5400390625,2078.360107421875,2542000000,0.9084490148473635,-1.7422953875103198,-0.03602122438378635,0.7102719767185603,0.32210934077103515,0.6206335278580694,-0.27178626876491313,-0.40156668811523416,0.30401775085064364,0.3510802915589646,0.0,1.0
2015-12-30,2077.340087890625,2077.340087890625,2061.969970703125,2063.360107421875,2367430000,-0.6866136057402484,-2.0450000047612784,-0.334682845529168,-0.12875566399508268,0.06137689658366886,0.1140766552156803,-0.24082191394437225,-0.37271564532857987,0.3166125693697588,0.35690705264648215,0.0,1.0
2015-12-31,2060.590087890625,2062.5400390625,2043.6199951171875,2043.93994140625,2655330000,-0.882762027066322,-1.5567155414393306,-0.6951034879903256,-0.7766274619862107,-0.29219945840177786,-0.42906310616752386,-0.2691708336244597,-0.3557427769653146,0.18381917535448927,0.25949028275201763,0.0,1.0
2016-01-04,2038.199951171875,2038.199951171875,1989.6800537109375,2012.6600341796875,4304880000,-1.409339217810839,0.4990643381099409,-1.202423743042487,-1.6963302900338115,-0.8830509536759915,-1.2001757344078248,-0.3760005047501174,-0.3651816551363573,-0.11145393136598569,0.2650863126890723,0.0,1.0
2016-01-05,2013.780029296875,2021.93994140625,2004.1700439453125,2016.7099609375,3706620000,0.13826256218550273,-0.13755923872993758,-1.117412152281284,-1.1915625091492965,-0.727549885204156,-0.9330560548257506,-0.44678051928864254,-0.3879827889858161,-0.26083877957487506,0.01844058829487071,0.0,1.0
2016-01-06,2011.7099609375,2011.7099609375,1979.050048828125,1990.260009765625,4336660000,-1.21375833343371,0.5303584098665057,-1.5124873366071543,-1.580397336856392,-1.1742742456829913,-1.5069758877172672,-0.5716619381062518,-0.4331302396674188,-0.5106619552674116,0.0997702305486265,0.0,1.0
2016-01-07,1985.3199462890625,1985.3199462890625,1938.8299560546875,1943.0899658203125,5076590000,-2.1597895849535633,1.2006214676175524,-2.0800462968537867,-2.6028974373240272,-2.008830746699541,-2.5499260494640734,-0.7939966920471985,-0.5171517218718926,-0.9452585861111064,0.32307974526832905,0.0,1.0
2016-01-08,1945.969970703125,1960.4000244140625,1918.4599609375,1922.030029296875,4664940000,-1.0102510265671263,0.8408248981862348,-2.2909137823720864,-2.4879866253886553,-2.3141905571055026,-2.7545403506681434,-1.0189658620366708,-0.6328400319928608,-1.29928146932862,0.07343559496211037,0.0,1.0
2016-01-11,1926.1199951171875,1935.6500244140625,1901.0999755859375,1923.6700439453125,4607290000,0.03468185892544024,0.7879172959417466,-2.252336432084539,-1.6471806049872502,-2.1569466515812477,-2.32204570711219,-1.1815482340148025,-0.7604201482200462,-1.4322272602833865,0.10119705318298089,0.0,1.0
2016-01-12,1927.8299560546875,1947.3800048828125,1914.3499755859375,1938.6800537109375,4887260000,0.6557910119436461,1.038909597529235,-1.8960418287895275,-0.29003187231014793,-1.7796928133114993,-1.5902709690876193,-1.2569485515241305,-0.8787297479383501,-1.3285864727676782,0.24949876110552133,0.0,1.0
2016-01-13,1940.3399658203125,1950.3299560546875,1886.4100341796875,1890.280029296875,5087030000,-2.272848922284113,1.2093622357558342,-2.3997513493268277,-1.5763342972024221,-2.6397800563461553,-2.686600254333843,-1.4360598318163071,-1.0119681605732311,-1.4954848247490817,0.22495350362906988,0.0,1.0
2016-01-14,1891.6800537109375,1934.469970703125,1878.9300537109375,1921.8399658203125,5241110000,1.4506063367179993,1.336318385656529,-1.7349825741297566,0.04275246780067474,-1.87557490835254,-1.4447547480265601,-1.4763895415953396,-1.1272481985453575,-1.2947171446778694,0.6554617434746333,0.0,1.0
2016-01-15,1916.6800537109375,1916.6800537109375,1857.8299560546875,1880.3299560546875,5468460000,-1.9719833162271605,1.5169881776521985,-2.146802125173619,-1.4661151225816274,-2.5405019843398033,-2.386574984141378,-1.6067387991310078,-1.247556855239635,-1.3509351562612222,0.7721633351336534,0.0,1.0
2016-01-19,1888.6600341796875,1901.43994140625,1864.5999755859375,1881.3299560546875,4928350000,0.0059524346828298035,1.0745316346282197,-2.1264264796809975,-1.0395679205259485,-2.3633552037528114,-2.0234883942644006,-1.6902353707372657,-1.361793679859618,-1.2830544230528724,0.7728749549512319,0.0,1.0
2016-01-20,1876.1800537109375,1876.1800537109375,1812.2900390625,1859.3299560546875,6416070000,-1.0867090327272866,2.1969239622403562,-2.331706910371566,-1.3302417311374801,-2.676449346021368,-2.3526523318438697,-1.7987775429909973,-1.4765692823305367,-1.2890777509562819,0.732463800058394,0.0,1.0
2016-01-21,1861.4599609375,1889.8499755859375,1848.97998046875,1868.989990234375,5078810000,0.42275998699222145,1.202481640526706,-2.1209926793633835,-0.6901384049493372,-2.326242638080733,-1.752000101208605,-1.8393903992044647,-1.5771400779796911,-1.1302735069742227,0.8002040339097909,0.0,1.0
2016-01-22,1877.4000244140625,1908.8499755859375,1877.4000244140625,1906.9000244140625,4901760000,1.7712631101969898,1.051514122178216,-1.3665992920965193,1.2011815206373035,-1.4026429550535415,-0.4496120900738615,-1.7493012688265408,-1.638186404001795,-0.6884052298007095,0.9133005606815927,0.0,1.0
2016-01-25,1906.280029296875,1906.280029296875,1875.969970703125,1877.0799560546875,4401380000,-1.4392126683633792,0.5933858676028594,-1.7051176732627114,-0.14850871544041497,-1.8384686958923853,-1.235257800845571,-1.7424900428764447,-1.6855559402690308,-0.535504012320182,0.9722394615069725,0.0,1.0
2016-01-26,1878.7900390625,1906.72998046875,1878.7900390625,1903.6300048828125,4357940000,1.2225615368403153,0.5511850998226363,-1.2313298691641026,0.8716833436119883,-1.119121350431394,-0.32513682759782314,-1.6473203838162713,-1.702946624629417,-0.20035204775963888,1.099339124780529,0.0,1.0
2016-01-27,1902.52001953125,1916.989990234375,1872.699951171875,1882.949951171875,4754040000,-1.0124951624486052,0.9213227242405954,-1.4734429295148412,-0.3007803858802785,-1.3777452570072934,-0.8757362843627021,-1.6127723711819772,-1.7094155698820248,-0.07825123049807423,1.0930672480818204,0.0,1.0
2016-01-28,1885.219970703125,1902.9599609375,1873.6500244140625,1893.3599853515625,4693010000,0.4525340426607013,0.866349581507397,-1.286882252639363,-0.04586089945153673,-0.9649490940078799,-0.4710876854736863,-1.541352519087677,-1.6992028374564776,0.10824347127941711,0.8122805603994395,0.0,1.0
2016-01-29,1894.0,1940.239990234375,1894.0,1940.239990234375,5497570000,2.171348691209037,1.5395768738111228,-0.5373793174476554,1.7949425449263967,0.16537640794864508,0.8909845215905191,-1.3424300191392082,-1.648173457818805,0.5645577938700346,0.9924153338303779,0.0,1.0
2016-02-01,1936.93994140625,1947.199951171875,1920.300048828125,1939.3800048828125,4322530000,-0.08119271771409249,0.5164728739507791,-0.5497122203274837,1.176961289413887,0.2598290442970148,0.7065745461185539,-1.176033100525218,-1.5714986161888869,0.8512641359097751,0.673254780627289,0.0,1.0
2016-02-02,1935.260009765625,1935.260009765625,1897.2900390625,1903.030029296875,4463190000,-1.71672963482646,0.6527201201814555,-1.0461841721883676,-0.470854453674957,-0.4020235649238571,-0.43690836194888316,-1.1337720762666224,-1.5010533202956933,0.7816202249798186,0.9274341217628211,0.0,1.0
2016-02-03,1907.0699462890625,1918.010009765625,1872.22998046875,1912.530029296875,5172950000,0.4045813028037792,1.280623787410147,-0.891028010283917,-0.30711299180549206,-0.0858601138580729,-0.12588675717154238,-1.064248992209356,-1.4297178664145966,0.7915718468545312,0.8252707236958691,0.0,1.0
2016-02-04,1911.6700439453125,1927.3499755859375,1900.52001953125,1915.449951171875,5193320000,0.09487192352322353,1.2973449488350743,-0.8417591758511204,-0.37434566828809485,0.058031278613710616,-0.046323533106713645,-0.9920983469350397,-1.3571041603646352,0.8058622115065834,0.822637481619445,0.0,1.0
2016-02-05,1913.0699462890625,1913.0699462890625,1872.6500244140625,1880.050048828125,4929940000,-1.6933274605609059,1.0759040731719727,-1.3194493395606774,-1.4397966210973296,-0.6387036635130029,-1.050182073372553,-1.0231829262283083,-1.305710577697484,0.5686294428180312,0.809875996687413,0.0,1.0
2016-02-08,1873.25,1873.25,1828.4599609375,1853.43994140625,5636460000,-1.3065770398624228,1.645731392847576,-1.6315790270699684,-1.8850479065376373,-1.1415618582124618,-1.6606574515693955,-1.110831879609995,-1.2834802694761098,0.2425953186997797,0.7862610446458307,0.0,1.0
2016-02-09,1848.4599609375,1868.25,1834.93994140625,1852.2099609375,5183220000,-0.1008893656032669,1.2890623559641456,-1.645715072650303,-1.4822047324803473,-1.0925706155055435,-1.4660267488991185,-1.1726047704295617,-1.2790054086827187,0.04409628659439916,0.6305107807211175,0.0,1.0
2016-02-10,1857.0999755859375,1881.5999755859375,1850.3199462890625,1851.8599853515625,4471170000,-0.058466053249618746,0.6603205285379048,-1.650022544582684,-0.9435597896604275,-1.0079133242054104,-1.275311092624298,-1.2110012643478567,-1.283698303521797,-0.058395674084423775,0.5841040549762697,0.0,1.0
2016-02-11,1847.0,1847.0,1810.0999755859375,1829.0799560546875,5500800000,-1.140986647001233,1.5420759044274681,-1.926233663893458,-1.2100181020313636,-1.4388224033407384,-1.75222098210115,-1.2917965749889389,-1.3048605137714808,-0.24251624788032988,0.6049051224133536,0.0,1.0
2016-02-12,1833.4000244140625,1864.780029296875,1833.4000244140625,1864.780029296875,4696920000,1.7028335364085623,0.8698929130933679,-1.1926031998661921,0.6094112815440584,-0.5997235416695831,-0.4896786273128674,-1.2454548431966672,-1.3118056434327778,-0.08357478793653916,0.424120637588562,0.0,1.0
2016-02-16,1871.43994140625,1895.77001953125,1871.43994140625,1895.5799560546875,4570670000,1.4345858779409046,0.7539647885925921,-0.6573901663948349,1.6529554679133625,0.0554504531118743,0.439647753453126,-1.11339173467035,-1.2889078600949697,0.25005743223445154,0.6713650497895538,0.0,1.0
2016-02-17,1898.800048828125,1930.6800537109375,1898.800048828125,1926.8199462890625,5011540000,1.4313491950575423,1.1457508286076192,-0.18646455369303,2.396546679397988,0.6860489378111395,1.2325639559979307,-0.9144732476636529,-1.2277313043428477,0.6779992965688967,0.6408725657745575,0.0,1.0
2016-02-18,1927.5699462890625,1930.0,1915.0899658203125,1917.8299560546875,4436490000,-0.458573713182475,0.6271910180420341,-0.33139051836454675,1.3569047870662125,0.4256310960125057,0.7650266198539698,-0.7751213669230148,-1.1487657575617376,0.8768733331544343,0.6490825647224072,0.0,1.0
2016-02-19,1916.739990234375,1918.780029296875,1902.1700439453125,1917.780029296875,4142850000,-0.04390542826198447,0.3358320606125964,-0.3322306971957325,0.5313563580121073,0.3708069987234505,0.6230056562985661,-0.6596531728813592,-1.0607149192742864,0.9784433768111012,0.6481711856469611,0.0,1.0
2016-02-22,1924.43994140625,1946.699951171875,1924.43994140625,1945.5,4054710000,1.25025520437461,0.24433596828865262,0.09193338602480551,1.050364595494566,0.9298009602725232,1.280483632720563,-0.48850386510079796,-0.9533989764392458,1.1938197913799873,0.48226430728056996,0.0,1.0
2016-02-23,1942.3800048828125,1942.3800048828125,1919.43994140625,1921.27001953125,3890650000,-1.1546796923579854,0.06860502955243841,-0.33419413382690283,-0.27866851272856213,0.3555669148673662,0.3821125070091115,-0.41731171598502254,-0.8522073936854169,1.125351815379036,0.44278960714427956,0.0,1.0
2016-02-24,1917.56005859375,1932.0799560546875,1891.0,1929.800048828125,4317250000,0.3552241483419122,0.5112725708116743,-0.19989345762116778,0.07952470046059991,0.5115969966721063,0.5395600985461441,-0.33593102508237416,-0.7537201089800983,1.0951188095744222,0.4283020970953181,0.0,1.0
2016-02-25,1931.8699951171875,1951.8299560546875,1925.4100341796875,1951.699951171875,4118210000,0.972665572187654,0.3104513613736642,0.13137015849295697,0.7593610273584055,0.9094721472861523,1.0431726642174046,-0.21104488804846894,-0.6480227210422976,1.175724973898497,0.44159868072757624,0.0,1.0
2016-02-26,1954.949951171875,1962.9599609375,1945.780029296875,1948.050048828125,4348510000,-0.2087189505824034,0.5419685554115894,0.06029781663743359,0.3216422079076007,0.7701214478262531,0.7574899754900445,-0.12315311644459276,-0.5445279359567232,1.1511007262667332,0.2431978240238831,0.0,1.0
2016-02-29,1947.1300048828125,1958.27001953125,1931.81005859375,1932.22998046875,4588180000,-0.7673854404554334,0.7702331232099622,-0.24670846289809645,-0.2689923375502877,0.4374075547722949,0.18003697233370133,-0.09842676524304514,-0.4564046488233137,0.9792533268761846,0.2124819943591508,0.0,1.0
2016-03-01,1937.0899658203125,1978.3499755859375,1937.0899658203125,1978.3499755859375,4819750000,2.091678138630678,0.9797279568209486,0.43682083956766943,1.2812859977156694,1.3894864780406633,1.40395807328314,0.04539688882380717,-0.3549182432265177,1.1286478206872035,0.39186820955049734,0.0,1.0
2016-03-02,1976.5999755859375,1986.510009765625,1968.800048828125,1986.449951171875,4666610000,0.3243472821623256,0.8423477584552205,0.5419846838378304,1.1301107356651936,1.4706524531408118,1.3837747896975827,0.17723711376624815,-0.245323253453004,1.2192986543173792,0.27166502797836534,0.0,1.0
2016-03-03,1985.5999755859375,1993.68994140625,1977.3699951171875,1993.4000244140625,5081700000,0.27111879539226796,1.2049019991208074,0.6337605018071825,1.0635899420662216,1.5296222942710258,1.3345162651573197,0.29505117205452375,-0.13226342850449396,1.2580341709204408,0.21958712258715218,0.0,1.0
2016-03-04,1994.010009765625,2009.1300048828125,1986.77001953125,1999.989990234375,6049930000,0.25388310552119997,1.9469226132088542,0.7225544589138142,0.8906637966931491,1.5765275137713053,1.2825979270652845,0.399551694505093,-0.01930022646858849,1.2569539641439567,0.2066274602501655,0.0,1.0
2016-03-07,1996.1099853515625,2006.1199951171875,1989.3800048828125,2001.760009765625,4968180000,0.03751878460673553,1.1087789926282894,0.7473667675549468,0.35416827429009523,1.4788473408667004,1.1078173623548384,0.47928983899498473,0.0882504559641458,1.1964440892540908,0.11555389208643439,0.0,1.0
2016-03-08,1996.8800048828125,1996.8800048828125,1977.4300537109375,1979.260009765625,4641650000,-1.046155750353632,0.819529920888639,0.21071254347246257,-0.6359192528603275,0.8605133294270904,0.3041040201258895,0.4725510260427065,0.17283907922845484,0.93973715249195,0.08486585931172586,0.0,1.0
2016-03-09,1981.43994140625,1992.68994140625,1979.8399658203125,1989.260009765625,4038120000,0.40997543224412475,0.2268920539787488,0.37370413839829997,-0.22391705122124736,0.9236702413135961,0.5062968546667155,0.48674140163978025,0.2435673899300832,0.7847842210308121,0.08665477368688532,0.0,1.0
2016-03-10,1990.969970703125,2005.0799560546875,1969.25,1989.5699462890625,4376790000,-0.027653792821961835,0.5695487880801815,0.3789017520136653,-0.17700622387052345,0.7808124923798907,0.4146773947027991,0.4907494828632028,0.301013606612405,0.6362955491537077,0.02304472259133227,0.0,1.0
2016-03-11,1994.7099609375,2022.3699951171875,1994.7099609375,2022.18994140625,4078620000,1.4237578591414297,0.26935150363135546,0.884584565946421,1.050647783996272,1.259232062157627,1.2067196256687556,0.5748214631427098,0.36508445490072955,0.7103563672310812,0.16056129465790703,0.0,1.0
2016-03-14,2019.27001953125,2024.5699462890625,2012.050048828125,2019.6400146484375,3487850000,-0.15427734151192266,-0.39639259228089935,0.8165827933124805,0.7822932675489646,1.0379518938584682,0.9278382619210072,0.6247794611428135,0.427104921004235,0.6874338877619776,0.05786641812572835,0.0,1.0
2016-03-15,2015.27001953125,2015.93994140625,2005.22998046875,2015.9300537109375,3560280000,-0.20575415484705983,-0.30894311137198976,0.7131714795506341,0.3007490981622297,0.8310833907968551,0.6623484686811751,0.6442780483075691,0.48092239594604813,0.5957276205688081,-0.3532178768266225,0.0,1.0
2016-03-16,2014.239990234375,2032.02001953125,2010.0400390625,2027.219970703125,4057020000,0.458948825038665,0.2467592051839398,0.8949367141661042,0.4589328843606932,0.959193430361323,0.8389999707689266,0.6805844988325706,0.5317988454336801,0.5628480939660503,-0.3427206090693203,0.0,1.0
2016-03-17,2026.9000244140625,2046.239990234375,2022.1600341796875,2040.5899658203125,4530480000,0.5478659840307086,0.7163878041652516,1.0993542573491015,0.592200667229813,1.105931080167514,1.041939528272218,0.7353166872176138,0.5842924240014066,0.5809269713635471,-0.3216812296533999,0.0,1.0
2016-03-18,2041.1600341796875,2052.360107421875,2041.1600341796875,2049.580078125,6503140000,0.35217263006019156,2.2542743726660106,1.231248586555287,0.7408066868082394,1.1514083437287779,1.0954218677980685,0.791920358844241,0.638482929514657,0.5998979580202509,-0.3179427865853492,0.0,1.0
2016-03-21,2047.8800048828125,2053.909912109375,2043.1400146484375,2051.60009765625,3376600000,0.0465065401388337,-0.5343133610481401,1.2613696956327654,0.5516196726907445,1.080081042736052,0.9557981186224804,0.8303426197227721,0.6901136690643453,0.5712807650013606,-0.31831010698170237,0.0,1.0
2016-03-22,2048.639892578125,2056.60009765625,2040.5699462890625,2049.800048828125,3418460000,-0.1199946815177306,-0.48189193998191365,1.1968854941970402,0.1847487296438167,0.9067736367062234,0.7376752041834889,0.8436676438888023,0.7342892269944864,0.48793471913840697,-0.5694096018567104,0.0,1.0
2016-03-23,2048.550048828125,2048.550048828125,2034.8599853515625,2036.7099609375,3639510000,-0.6123259447488217,-0.21529808286897376,0.7347798161368974,-0.4526012445349033,0.5255131659825458,0.25708746233392626,0.8063976201447364,0.7615995954582125,0.29938842657463466,-0.4506171882022902,0.0,1.0
2016-03-24,2032.47998046875,2036.0400390625,2022.489990234375,2035.93994140625,3407720000,-0.07536852486521914,-0.4952802041043961,0.7078394156707475,-0.44597047883486035,0.4220228884868585,0.17571431288977796,0.7635006264362331,0.7742054437344122,0.13499758051813127,-0.44708410949118405,0.0,1.0
2016-03-28,2037.8900146484375,2042.6700439453125,2031.9599609375,2037.050048828125,2809090000,0.007153083087908154,-1.3172123385839107,0.7317989610280572,-0.2924571235827728,0.3524698626898991,0.15642167952536645,0.7218096969377753,0.7753075305256142,0.0063899782819657105,-0.8115484052559946,0.0,1.0
2016-03-29,2035.75,2055.909912109375,2028.31005859375,2055.010009765625,3822330000,0.7464034516591639,-0.0067711947036080975,1.0993205336164948,0.4430563641897907,0.5917569306495525,0.5821533473606447,0.727476682481856,0.7774101901993785,0.017575995955985007,-0.7096280079082924,0.0,1.0
2016-03-30,2058.27001953125,2072.2099609375,2058.27001953125,2063.949951171875,3590310000,0.3472276897401843,-0.27320649944585457,1.2640613707081527,0.7020551310897546,0.6849061038746693,0.7040261826997797,0.7455915193560388,0.7829952816684129,0.05650823596502579,-0.7281693597961317,0.0,1.0
2016-03-31,2063.77001953125,2067.919921875,2057.4599609375,2059.739990234375,3715280000,-0.2238808324024008,-0.12763035652290258,1.0893325881116924,0.3264233770337924,0.5235571043328336,0.4631603317887155,0.7374018315487757,0.7856988313928381,0.024293714219165114,-0.7222902966445456,0.0,1.0
2016-04-01,2056.6201171875,2075.070068359375,2043.97998046875,2072.780029296875,3749990000,0.5242424438980148,-0.0880655003434098,1.3377573561001441,0.5646891633940712,0.705954799756473,0.7095411058935829,0.7557253204424672,0.7918095903866815,0.06238499549513733,-0.727159852376748,0.0,1.0
2016-04-04,2073.18994140625,2074.02001953125,2062.570068359375,2066.1298828125,3485710000,-0.3283203601489927,-0.3990038913438342,1.0550190546751688,0.03757390231807392,0.5031805909569022,0.4048329823264049,0.7409309252794472,0.7935106454039507,0.013086211289805267,-0.7101623418487105,0.0,1.0
2016-04-05,2062.5,2062.5,2042.56005859375,2045.1700439453125,4154920000,-0.9482357986337814,0.3482098631882762,0.2601409660809792,-0.7633982831287955,0.035209859071055734,-0.22454896432910618,0.6613454448618886,0.7777242611173613,-0.18241659368860547,-0.533467278926022,0.0,1.0
2016-04-06,2045.56005859375,2067.330078125,2043.0899658203125,2066.659912109375,3750800000,0.8975325109323258,-0.08714658525691209,0.7354895269151287,0.12013367828656962,0.37988587040396354,0.34785259706697075,0.6476356314167271,0.7621412819533622,-0.18014260312186725,-0.3923115898669315,0.0,1.0
2016-04-07,2063.010009765625,2063.010009765625,2033.800048828125,2041.9100341796875,3801250000,-1.1119064558216243,-0.030300554956482192,-0.040438504752943485,-0.7743830489235406,-0.17207385483958718,-0.3708553267522676,0.5596302766816637,0.730713551635467,-0.35728079019126496,-0.2624713714487809,0.0,1.0
2016-04-08,2045.5400390625,2060.6298828125,2041.68994140625,2047.5999755859375,3359530000,0.2074697374082301,-0.5558769655863359,0.09128206512602381,-0.32190777436662604,-0.11600403024278826,-0.1869431037147345,0.4974073834244419,0.6921650255384508,-0.43688853174261894,-0.25703535549482237,0.0,1.0
2016-04-11,2050.22998046875,2062.929931640625,2041.8800048828125,2041.989990234375,3567840000,-0.28644522853359156,-0.29991817136083754,-0.07773079377702805,-0.3556885548951882,-0.24864453750600024,-0.32557128978634775,0.42528644168947377,0.64578726154356,-0.5244163820631663,-0.2458404093675248,0.0,1.0
2016-04-12,2043.719970703125,2065.050048828125,2039.739990234375,2061.719970703125,4239740000,0.8219678256208726,0.43419181605778506,0.38058640258265714,0.34059766000217,0.1052496640709376,0.216822454841486,0.4153170495396375,0.6065370775979374,-0.4447327949966134,-0.22922538388350272,0.0,1.0
2016-04-13,2065.919921875,2083.179931640625,2065.919921875,2082.419921875,4191830000,0.8557516129244744,0.3858392237243881,0.7879733823435237,1.0824521989680425,0.4530272654286957,0.6988230770785614,0.4567999411401562,0.5840746991035491,-0.2570516257802563,-0.15033230315812143,0.0,1.0
2016-04-14,2082.889892578125,2087.840087890625,2078.1298828125,2082.780029296875,3765870000,-0.02612348587850731,-0.07008632241430297,0.7947277670819484,0.7485662764012465,0.4038039804573762,0.5779361255097653,0.4826690422460159,0.571678468543993,-0.1445159867771775,-0.15927250350442787,0.0,1.0
2016-04-15,2083.10009765625,2083.219970703125,2076.31005859375,2080.72998046875,3701450000,-0.1295485349558788,-0.14349782273204872,0.7213406572733179,0.38146278324173266,0.3221347667782616,0.41379660175848226,0.48943948489086864,0.5632202216087305,-0.10049085358694355,-0.18821409757341123,0.0,1.0
2016-04-18,2078.830078125,2094.659912109375,2073.64990234375,2094.340087890625,3316880000,0.5430208954407157,-0.6102369485693752,0.9946919633392138,0.5104283858472797,0.54873223831177,0.6789615139140389,0.5238638371043675,0.5638705828248755,0.0013398611396226744,-0.17252058524121996,0.0,1.0
2016-04-19,2096.050048828125,2104.050048828125,2091.679931640625,2100.800048828125,3896830000,0.2340949937049642,0.0753579088913805,1.117438523174071,0.45177898100123703,0.627675071638747,0.7178261865289057,0.5600685592239071,0.5721914232611899,0.08709285087213722,-0.3373948420303926,0.0,1.0
2016-04-20,2101.52001953125,2111.050048828125,2096.320068359375,2102.39990234375,4184880000,0.02648379905916911,0.37877915722780364,1.1484899502639263,0.3511894680700566,0.6061441123994281,0.6256413946453026,0.5840054211308542,0.5840054538841399,0.12614536553388261,-0.4206978079064959,0.0,1.0
2016-04-21,2102.090087890625,2103.780029296875,2088.52001953125,2091.47998046875,4175290000,-0.5057913519973865,0.3690180056511883,0.6992107527727703,-0.1748966607555844,0.3333707400219611,0.22732035658706895,0.5639251688890711,0.589130252661212,0.051362341770565666,-0.6321676633054053,0.0,1.0
2016-04-22,2091.489990234375,2094.320068359375,2081.199951171875,2091.580078125,3790580000,-0.03730132178364587,-0.04226012587907415,0.7016006318969072,-0.2606601143394102,0.2794146308679546,0.1733941752450476,0.539631370739956,0.5879958290892258,-0.01861334220247354,-0.6243825791882923,0.0,1.0
2016-04-25,2089.3701171875,2089.3701171875,2077.52001953125,2087.7900390625,3319740000,-0.2035291090633142,-0.606569901569055,0.5389843851363599,-0.36372497035102536,0.15331043863886437,0.02825211872263912,0.5017075047550784,0.578917337632434,-0.10742494734558336,-0.6381339106123223,0.0,1.0
2016-04-26,2089.840087890625,2096.8701171875,2085.800048828125,2091.699951171875,3557190000,0.12579713632749956,-0.31263739494871795,0.6458373524784204,-0.12591962155886124,0.19418150657365682,0.10266553916672992,0.4745294264152762,0.5657988442612123,-0.15259060554546444,-0.7485808877581667,0.0,1.0
2016-04-27,2092.330078125,2099.889892578125,2082.31005859375,2095.14990234375,4100110000,0.10583102302811398,0.2917103252690466,0.741401703896644,0.07776029626337552,0.23135844341203474,0.15370706135399861,0.4548261391897309,0.5510588434970948,-0.17071843078597151,-0.9325168055037353,0.0,1.0
2016-04-28,2090.929931640625,2099.300048828125,2071.6201171875,2075.81005859375,4309840000,-0.866572354359566,0.5039636820208595,-0.09606899055828087,-0.5967894805364116,-0.1677379563467657,-0.38607033910260696,0.3790717190177288,0.522945042343305,-0.3202323443996939,-0.7347416482074576,0.0,1.0
2016-04-29,2071.820068359375,2073.85009765625,2052.280029296875,2065.300048828125,4704720000,-0.4940888010236647,0.8769526489603227,-0.4807151414656616,-0.8174294632127017,-0.36852106108703087,-0.6176161505851054,0.28433873472133975,0.4800431412886751,-0.48555757931143484,-0.6968057062284703,0.0,1.0
2016-05-02,2067.169921875,2083.419921875,2066.110107421875,2081.429931640625,3841110000,0.6564298547833495,0.014081878299917297,0.03716150660534668,-0.09103712878067698,-0.0641975745483957,-0.1303734090427108,0.24844462311123428,0.437987992109885,-0.47609122097440437,-0.6615412532612569,0.0,1.0
2016-05-03,2077.179931640625,2077.179931640625,2054.889892578125,2063.3701171875,4173390000,-0.8170473376713077,0.3670814358234027,-0.5735851993035158,-0.6101706019433896,-0.4397073116754264,-0.5950868694031802,0.16584676374794038,0.38654760711392044,-0.5810145259683248,-0.5990756186636822,0.0,1.0
2016-05-04,2060.300048828125,2060.300048828125,2045.550048828125,2051.1201171875,4058560000,-0.5721841608979433,0.24837393004033667,-0.9327396306605397,-0.7573202377199123,-0.666979170040616,-0.8406156796312163,0.06343827609977969,0.32333070004218056,-0.7126714860697558,-0.5891122627552995,0.0,1.0
2016-05-05,2052.949951171875,2060.22998046875,2045.77001953125,2050.6298828125,4008530000,-0.06293993910403377,0.19560035245402152,-0.9468941778590402,-0.5673266525807215,-0.685209049405472,-0.7462048639184595,-0.021263573118720593,0.25450758993300415,-0.7753466668125125,-0.5971273633774227,0.0,1.0
2016-05-06,2047.77001953125,2057.719970703125,2039.449951171875,2057.139892578125,3796350000,0.2421524377935036,-0.03578859261829449,-0.709792540461068,-0.22415095189037743,-0.5656865412776247,-0.4852698491925221,-0.07204261832212663,0.18850841421758077,-0.7437761729591383,-0.5638606672287777,0.0,1.0
2016-05-09,2057.550048828125,2064.14990234375,2054.31005859375,2058.68994140625,3788620000,0.025764529469706195,-0.044460670004441705,-0.652625879176814,0.033400178522115936,-0.5513784959835678,-0.3920653125711145,-0.10918766838022416,0.12770592218803686,-0.6856792601109072,-0.5561533126214588,0.0,1.0
2016-05-10,2062.6298828125,2084.8701171875,2062.6298828125,2084.389892578125,3600200000,1.0741383149042631,-0.2615025014520812,0.1754758483682807,0.9403972481810197,-0.0654191782042256,0.3097114363720628,-0.06938744722435816,0.08763915453508847,-0.4538618848826668,-0.3285087537537538,0.0,1.0
2016-05-11,2083.2900390625,2083.2900390625,2064.4599609375,2064.4599609375,3821980000,-0.8961328697859235,-0.007160802036069097,-0.48853308790237265,-0.013396390135506258,-0.4418542251740298,-0.2729300764024225,-0.09415712660652129,0.050248945999158925,-0.4239389895990634,-0.2493194691959189,0.0,1.0
2016-05-12,2067.169921875,2073.989990234375,2053.1298828125,2064.110107421875,3782390000,-0.05672456165334161,-0.051462824562557095,-0.499428892766172,-0.14168800022828176,-0.4304290747976612,-0.2612474107551247,-0.11585216929057789,0.015662435961845973,-0.39259472522341166,-0.32653674964148854,0.0,1.0
2016-05-13,2062.5,2066.7900390625,2043.1300048828125,2046.6099853515625,3579880000,-0.7993200163556979,-0.2855845233922601,-1.0166956699704106,-0.7904243524342421,-0.7434750271068385,-0.6945951546206349,-0.181647978043145,-0.026182922641835887,-0.47374584351924587,-0.27832288436367486,0.0,1.0
2016-05-16,2046.530029296875,2071.8798828125,2046.530029296875,2066.659912109375,3501360000,0.8339903405449149,-0.3799441351181329,-0.38834826421469576,-0.012789514151139426,-0.3190478826315209,-0.09097552014311902,-0.178872878130857,-0.059061295539682965,-0.37349841293601466,-0.2356867150259398,0.0,1.0
2016-05-17,2065.0400390625,2065.68994140625,2040.8199462890625,2047.2099609375,4108960000,-0.8827070046554106,0.30088407415147345,-0.9164889761116825,-0.5202460682997441,-0.6520648913605755,-0.6012768529349258,-0.23009457179986312,-0.09640005308217635,-0.42336378740044994,-0.22232835895237646,0.0,1.0
2016-05-18,2044.3800048828125,2060.610107421875,2034.489990234375,2047.6300048828125,4101320000,-0.02324104339222888,0.2929657571664397,-0.9033006881914796,-0.36073210214619145,-0.5899468703120888,-0.5195685265755076,-0.2688660051769541,-0.13462462582410326,-0.43326685858043407,-0.2549952258949026,0.0,1.0
2016-05-19,2044.2099609375,2044.2099609375,2025.9100341796875,2040.0400390625,3846770000,-0.37286320556244307,0.020346679319753362,-1.1041704912317385,-0.47918049523895945,-0.6903173979955394,-0.6582002223733302,-0.31927887141432343,-0.17606607591881185,-0.4692303026737948,-0.24224372059066027,0.0,1.0
2016-05-20,2041.8800048828125,2058.35009765625,2041.8800048828125,2052.320068359375,3507650000,0.4964102933859287,-0.37230768621368093,-0.6982128813435373,-0.006681945568432742,-0.4071651291330516,-0.2597509115046589,-0.32406629534111436,-0.21025071875516274,-0.3881020054116791,-0.21155358197370394,0.0,1.0
2016-05-23,2052.22998046875,2055.580078125,2047.260009765625,2048.0400390625,3055480000,-0.22796521646437823,-0.9594949978072456,-0.8215438109091167,-0.03018315372478308,-0.4531006657384246,-0.352201035662756,-0.3382005451229259,-0.24064375242914074,-0.345713282068852,-0.2096166422656945,0.0,1.0
2016-05-24,2052.64990234375,2079.669921875,2052.64990234375,2076.06005859375,3627340000,1.1811854386910892,-0.22954897839799485,-0.004140868779965829,0.9121985135864644,0.12115931734560513,0.407262414612642,-0.2714368659850405,-0.25057349459484646,-0.1169416008956442,-0.17531837546377899,0.0,1.0
2016-05-25,2078.929931640625,2094.72998046875,2078.929931640625,2090.5400390625,3859160000,0.5817839076553719,0.03402850298535486,0.3406774260494566,1.1568951889472678,0.4145802726159251,0.6966493325474702,-0.1789667687976498,-0.2385939824792382,0.12799538459182336,-0.2373218489373227,0.0,1.0
2016-05-26,2091.43994140625,2094.300048828125,2087.080078125,2090.10009765625,3230990000,-0.06038703133468328,-0.7218628123345274,0.3257766884044155,0.7121880208632229,0.3913636328998038,0.5554656898085972,-0.10808640132562972,-0.2137387197580522,0.2719412943304496,-0.2371892503197698,0.0,1.0
2016-05-27,2090.06005859375,2099.06005859375,2090.06005859375,2099.06005859375,3079150000,0.3415561813031399,-0.9266620854940059,0.5389090897526327,0.692447185987846,0.5357751014613282,0.6780482385175999,-0.029301793128242035,-0.17687983459980516,0.4061371485988011,-0.355929842733957,0.0,1.0
2016-05-31,2100.1298828125,2103.47998046875,2088.659912109375,2096.949951171875,4514410000,-0.13142344317814048,0.7012692447143286,0.45910370402043277,0.19421515637842693,0.47803984140548894,0.4970043125824227,0.024597355170722774,-0.1357797915982701,0.4535516522497757,-0.42094044001020486,0.0,1.0
2016-06-01,2093.93994140625,2100.969970703125,2085.10009765625,2099.330078125,3525170000,0.05986487739404655,-0.35110929679588426,0.5203640970985135,0.09925088775286785,0.4890642261976047,0.45942984553761457,0.07062687278878407,-0.09298238730729194,0.4725274947034323,-0.607819708078713,0.0,1.0
2016-06-02,2097.7099609375,2105.260009765625,2088.590087890625,2105.260009765625,3632720000,0.2108749129032161,-0.2232431882583401,0.674670507523204,0.2227609670239816,0.5522514835252157,0.5183771727068501,0.11964403170967522,-0.04818338652417028,0.4949045690051374,-0.61755499358124,0.0,1.0
2016-06-03,2104.070068359375,2104.070068359375,2085.360107421875,2099.1298828125,3627780000,-0.3018201889639961,-0.22903291216344995,0.40926130646737574,-0.10611733764599801,0.3816212556911583,0.259974180290171,0.13756390650144726,-0.008483228062688416,0.4379014847512141,-0.6336532669988059,0.0,1.0
2016-06-06,2100.830078125,2113.360107421875,2100.830078125,2109.409912109375,3442020000,0.39611239466638154,-0.4526692723479945,0.6903145683580285,0.2335506748468287,0.5329002903279986,0.4606048189674902,0.17565472981267477,0.031483823387244377,0.44088524509282756,-0.64360436499228,0.0,1.0
2016-06-07,2110.179931640625,2119.219970703125,2110.179931640625,2112.1298828125,3534730000,0.07366462212759786,-0.3395865246000374,0.7624785582023986,0.22005541251981894,0.5329546712936658,0.4369865762434918,0.20850387463958495,0.07053503426046978,0.43064650181268144,-0.6824902769090202,0.0,1.0
2016-06-08,2112.7099609375,2120.550048828125,2112.7099609375,2119.1201171875,3562060000,0.2542114863474029,-0.3068164679486994,0.946646108834745,0.34452824902680257,0.6362912512593932,0.5254094268106053,0.24851399411307362,0.11039645293734802,0.4397043115627107,-0.9507580189082262,0.0,1.0
2016-06-09,2115.64990234375,2117.639892578125,2107.72998046875,2115.47998046875,3290320000,-0.19510224446939395,-0.6444435812968078,0.7636988758796529,0.10998950669252856,0.5130016528372976,0.33010116196475514,0.2646969471992972,0.145772314222504,0.38955751552609164,-1.003231966061321,0.0,1.0
2016-06-10,2109.570068359375,2109.570068359375,2089.9599609375,2096.070068359375,3515010000,-0.8616042748009113,-0.36338955827379377,-0.09998528868979101,-0.6644888056030893,0.09777680640671456,-0.23505399179636863,0.21903421381394778,0.16423465949657956,0.20047095089201708,-0.7631024422965547,0.0,1.0
2016-06-13,2091.75,2098.1201171875,2078.4599609375,2079.06005859375,3392030000,-0.7668684140941223,-0.5149150789080843,-0.7051035943328106,-1.1182590940501538,-0.26995462177026414,-0.6531513124375544,0.13198012764298106,0.16024814595448192,-0.050498604505258435,-0.6885774188848631,0.0,1.0
2016-06-14,2076.64990234375,2081.300048828125,2064.10009765625,2075.320068359375,3759770000,-0.20235287654962678,-0.07698369773190095,-0.8268561640855965,-0.9717391588769126,-0.3522281761058344,-0.6699034874206149,0.04966714253827283,0.13932404754743133,-0.23985424961263313,-0.6873951794584826,0.0,1.0
2016-06-15,2077.60009765625,2085.64990234375,2069.800048828125,2071.5,3544720000,-0.206091201665549,-0.327578719630556,-0.9529394340310123,-0.7382383482950655,-0.45134707251185396,-0.6863164637455967,-0.028211582573426933,0.10580527245853033,-0.38065786164030535,-0.6962150736402307,0.0,1.0
2016-06-16,2066.360107421875,2079.6201171875,2050.3701171875,2077.989990234375,3628280000,0.2384301423325902,-0.22844654923167387,-0.6907637768145412,-0.15585379087502865,-0.3532130693608628,-0.4365460637819964,-0.07362027507549916,0.0692066434543394,-0.41508943672117316,-0.6914367302791595,0.0,1.0
2016-06-17,2078.199951171875,2078.199951171875,2062.840087890625,2071.219970703125,4952630000,-0.3327571759095554,1.095441291404539,-0.9299841987907286,-0.23148531627022084,-0.5169904121798882,-0.5641290355607596,-0.12922286992359774,0.027947786332848352,-0.4671889838841704,-0.6892270551810409,0.0,1.0
2016-06-20,2075.580078125,2100.659912109375,2075.580078125,2083.25,3467440000,0.47752382035189167,-0.42136304271605013,-0.4521042475711324,0.23740734352308296,-0.3105599921512735,-0.19083541865709794,-0.1409237777827633,-0.0075803388470544845,-0.4031216181771361,-0.667839804621905,0.0,1.0
2016-06-21,2085.18994140625,2093.659912109375,2083.02001953125,2088.89990234375,3232880000,0.20080989352348716,-0.7193747195548533,-0.2441572022510645,0.35974298324006654,-0.23955194381331832,-0.03818787634600322,-0.1354896215508535,-0.03483201339515531,-0.310594102531914,-0.6522959209009459,0.0,1.0
2016-06-22,2089.75,2099.7099609375,2084.360107421875,2085.449951171875,3168160000,-0.18918612095493903,-0.8054146667502501,-0.3845949219984239,0.09846758506349482,-0.31652188618415317,-0.14179987904373614,-0.14150148448472294,-0.05792864943314175,-0.2641423797035492,-0.6900334723744105,0.0,1.0
2016-06-23,2092.800048828125,2113.320068359375,2092.800048828125,2113.320068359375,3297940000,1.1528266089875832,-0.6346016165995377,0.5171416722477877,0.9641159276239766,0.2083377990277243,0.5702129978905984,-0.07102437657359895,-0.06122119022589683,-0.04274025768743031,-0.39135532306410137,0.0,1.0
2016-06-24,2103.81005859375,2103.81005859375,2032.5699462890625,2037.4100341796875,7597450000,-3.2518862311182613,2.915994950093725,-1.5407954725181743,-1.9210063812155345,-1.2315266535601113,-1.4816745298454996,-0.22435977906602483,-0.09689236907417302,-0.4047209028375992,0.5776300035937026,0.0,1.0
2016-06-27,2031.449951171875,2031.449951171875,1991.6800537109375,2000.5400390625,5431220000,-1.6589412174979503,1.487914833968933,-2.1006330695899087,-2.7917686610665826,-1.8634344896383577,-2.232356318590065,-0.44486429877275896,-0.1729384975072653,-0.8560972168615661,0.7011572445006102,0.0,1.0
2016-06-28,2006.6700439453125,2036.0899658203125,2006.6700439453125,2036.0899658203125,4385810000,1.5466175603896068,0.5783081217757463,-1.2119009013537898,-0.854126457598787,-1.1044190223722268,-0.9957834220819592,-0.5180423443753487,-0.24954210352601322,-0.8623296005636341,0.9439929791977513,0.0,1.0
2016-06-29,2042.68994140625,2073.1298828125,2042.68994140625,2070.77001953125,4241740000,1.480704672669209,0.4361983925925141,-0.5207692013439145,0.739079262729053,-0.3921077732041946,0.03236585833591439,-0.47733126885460897,-0.3020535126566715,-0.5929881613813728,1.112342583101897,0.0,1.0
2016-06-30,2073.169921875,2098.93994140625,2070.0,2098.860107421875,4622820000,1.170787811517722,0.8022346365404277,-0.05250349313461622,2.055227935369275,0.16890286361287485,0.7295766049321506,-0.3658210422958748,-0.32003700987640943,-0.20697946614930315,1.1933971146964406,0.0,1.0
2016-07-01,2099.340087890625,2108.7099609375,2097.89990234375,2102.949951171875,3458890000,0.13257624673716123,-0.43186718325645745,0.012226322166080938,1.6613697270875027,0.2458601336984263,0.6994468669706815,-0.26554421370558057,-0.31281848889233516,0.07476934591806132,1.1828376838573513,0.0,1.0
2016-07-05,2095.050048828125,2095.050048828125,2080.860107421875,2088.550048828125,3658380000,-0.6535673496840249,-0.1932955376193443,-0.2716834661972939,0.3084654167274162,-0.017816824170259624,0.20012395951813583,-0.22561997039927228,-0.29844172472595143,0.15479573494748963,1.2021109100909562,0.0,1.0
2016-07-06,2084.429931640625,2100.719970703125,2074.02001953125,2099.72998046875,3909380000,0.43683866514644193,0.08903838580265289,-0.07706285156183856,0.24180671291786585,0.21541773289319857,0.43424315360630433,-0.16369699908412164,-0.27359859175455886,0.2718056884211401,1.211233838026974,0.0,1.0
2016-07-07,2100.419921875,2109.080078125,2089.389892578125,2097.89990234375,3604550000,-0.11947542346493181,-0.25636481304002323,-0.11596022514641822,-0.059807462299166864,0.20040469458992924,0.2987258531691184,-0.12071351967090048,-0.24446300495451836,0.3197936613404127,1.2097384459476939,0.0,1.0
2016-07-08,2106.969970703125,2131.7099609375,2106.969970703125,2129.89990234375,3607500000,1.3216788759434017,-0.2528841604396224,0.42059745350326355,1.006216180029694,0.8185184240941762,1.0468188454285916,-0.0008273167739850718,-0.19532424485899985,0.5434213989287482,1.2346435924451165,0.0,1.0
2016-07-11,2131.719970703125,2143.159912109375,2131.719970703125,2137.159912109375,3253340000,0.26306391744457924,-0.69253284993004,0.5309919961926891,1.0199418097988042,0.9203372005052097,1.045729040639684,0.11049526128590434,-0.13202803683194947,0.7016961888426492,0.3558705672447338,0.0,1.0
2016-07-12,2139.5,2155.39990234375,2139.5,2152.139892578125,4097820000,0.5848720199302978,0.289333328147603,0.7533698701414673,1.1060339622073943,1.1416886472272154,1.2390593998394939,0.23488682761051474,-0.054590068830347185,0.8597955934676755,-0.14095657141211754,0.0,1.0
2016-07-13,2153.81005859375,2156.449951171875,2146.2099609375,2152.429931640625,3502320000,-0.029533976181626877,-0.3787777490898924,0.7577020080157016,0.6825291876592865,1.0691316885943265,1.0305875613286788,0.3280507640772309,0.027433103769520652,0.9110564067168194,-0.23291973787925607,0.0,1.0
2016-07-14,2157.8798828125,2168.989990234375,2157.8798828125,2163.75,3465610000,0.428459007727615,-0.42360911710271226,0.9298341324987037,0.6029760517717998,1.198097980058135,1.1318881255898727,0.4257581634960129,0.11410335977185945,0.9630090010541297,-0.4037528205083093,0.0,1.0
2016-07-15,2165.1298828125,2169.050048828125,2155.7900390625,2161.739990234375,3122600000,-0.12460278128730767,-0.8670437290535444,0.8705257407028372,0.26267282820295396,1.0739580979230754,0.8829398864376258,0.48956988901583004,0.1971882310388971,0.9229257870112652,-0.5065577036594628,0.0,1.0
2016-07-18,2162.0400390625,2168.35009765625,2159.6298828125,2166.889892578125,3009310000,0.17133722815354607,-1.0242763285098333,0.9549268794815995,0.22969250500935268,1.0783073595325612,0.8521712512983469,0.5456180980662921,0.2757320925547788,0.8721590550524345,-0.5075856962445955,0.0,1.0
2016-07-19,2163.7900390625,2164.6298828125,2159.010009765625,2163.780029296875,2968340000,-0.16984641232333594,-1.0825993008997001,0.8527533586615922,0.010624695888095883,0.9367018097332904,0.6203990657480792,0.57242639266404,0.34434320957306197,0.7611148148596508,-0.6312397120470044,0.0,1.0
2016-07-20,2166.10009765625,2175.6298828125,2164.889892578125,2173.02001953125,3211860000,0.340076396220825,-0.7471287600855164,1.0171968174241806,0.21610979892306445,1.0325310227392765,0.7320698338791839,0.6096899134639976,0.40726077996492605,0.6974631665880425,-0.6359634295601497,0.0,1.0
2016-07-21,2172.909912109375,2174.56005859375,2159.75,2165.169921875,3438900000,-0.3644460451203412,-0.4565276566588964,0.7439499733045079,-0.11046162804797093,0.8002449300977487,0.4019827720072684,0.6081273598763043,0.4572581735736223,0.5530205893738387,-0.5866667563112182,0.0,1.0
2016-07-22,2166.469970703125,2175.110107421875,2163.239990234375,2175.030029296875,3023280000,0.3654287198175839,-1.0045706796195515,0.9331365262272059,0.1783509964729552,0.9303142748310996,0.5624998029763748,0.624446789699051,0.5007722196372069,0.48053927242999467,-0.885395139863385,0.0,1.0
2016-07-25,2173.7099609375,2173.7099609375,2161.949951171875,2168.47998046875,3057240000,-0.31072727486657603,-0.9570449444377244,0.697535378693598,-0.0970183104060034,0.6734314797235219,0.29174835916200903,0.6098512114123259,0.5324387407466379,0.34808852762153564,-0.8372681328143763,0.0,1.0
2016-07-26,2168.969970703125,2173.5400390625,2160.179931640625,2169.179931640625,3442350000,-0.012730131478250648,-0.45226137854749054,0.7126305760289415,-0.11223335852482538,0.5211269490441984,0.2425409089324605,0.590966533943895,0.5537031265580653,0.23179667990224556,-0.9202173798487427,0.0,1.0
2016-07-27,2169.81005859375,2174.97998046875,2159.070068359375,2166.580078125,3995500000,-0.14869763155163948,0.181747683381961,0.6106049353708596,-0.16485320869428668,0.3437479942670162,0.11946932676007341,0.5599403787439478,0.5640298408991753,0.10951774499222808,-0.9113920417413466,0.0,1.0
2016-07-28,2166.050048828125,2172.85009765625,2159.739990234375,2170.06005859375,3664240000,0.10197507745901759,-0.18648582821891704,0.6961100050866529,-0.06454679228185745,0.314121156351914,0.16561763702089752,0.5363307413978241,0.5672043568358565,0.029558934240590872,-0.9712920227990127,0.0,1.0
2016-07-29,2168.830078125,2177.090087890625,2163.489990234375,2173.60009765625,4038840000,0.10421839375232049,0.2276505999975237,0.7849365373679604,0.08880078813823666,0.3095227541148696,0.20599885450531213,0.5189645600809433,0.5660023087422383,-0.019369358188268404,-0.9723827898028248,0.0,1.0
2016-08-01,2173.14990234375,2178.2900390625,2166.2099609375,2170.840087890625,3505990000,-0.15506511917773647,-0.3743216979339728,0.657898849062582,-0.04074543640540095,0.19120404507755914,0.08481280711625225,0.48951200996625255,0.5586949197837634,-0.0876247067095058,-0.9764847415222396,0.0,1.0
2016-08-02,2169.93994140625,2170.199951171875,2147.580078125,2157.030029296875,3848750000,-0.6101441281593909,0.02253607671193603,0.060066315663112,-0.4972339497361788,-0.13806815497863625,-0.2901156730007368,0.4207998927833998,0.5380445197308601,-0.2367944079157442,-0.8749983288482532,0.0,1.0
2016-08-03,2156.81005859375,2163.7900390625,2152.56005859375,2163.7900390625,3786530000,0.2385152785684811,-0.046808423133108984,0.26913274505638723,-0.2036977268118912,-0.07036217532691585,-0.0999457173871568,0.3781922320032055,0.5123440919237673,-0.29325176419345933,-0.897916648542034,0.0,1.0
2016-08-04,2163.510009765625,2168.18994140625,2159.070068359375,2164.25,3709200000,-0.02258028505674937,-0.13459878749692256,0.2835789024501967,-0.13864938287290582,-0.12484267629387918,-0.0944698042901696,0.33934646744103547,0.48341416781521435,-0.3293562832503796,-0.9273058325627263,0.0,1.0
2016-08-05,2168.7900390625,2182.8701171875,2168.7900390625,2182.8701171875,3663070000,0.7273528401715561,-0.18784457543545047,0.8199214870442728,0.5339562022686859,0.17845086073901065,0.3573998880296071,0.3534009150944004,0.4632983540266904,-0.23081794032817493,-0.803497110569454,0.0,1.0
2016-08-08,2183.760009765625,2185.43994140625,2177.85009765625,2180.889892578125,3327550000,-0.12265605205110998,-0.5965721123715817,0.7258353829861277,0.3734822132855895,0.09904977109436487,0.23200341765681096,0.35257836621306005,0.44702847929397765,-0.18782182979864787,-0.8257842532297421,0.0,1.0
2016-08-09,2182.239990234375,2187.659912109375,2178.610107421875,2181.739990234375,3334300000,-0.006741186220666735,-0.58795014371998,0.7502442873512417,0.20885329392952293,0.08692762785620199,0.19566363802242231,0.34782575351658523,0.4329885970614832,-0.16289137650024374,-0.8258510142590056,0.0,1.0
2016-08-10,2182.81005859375,2183.409912109375,2172.0,2175.489990234375,3254950000,-0.29760809735292537,-0.6904278292999528,0.4314899565390936,-0.13455350890371492,-0.05349421606966736,-0.009358875695528486,0.32069114206991944,0.41591035630486783,-0.1968590491637104,-0.8074099916749623,0.0,1.0
2016-08-11,2177.969970703125,2188.449951171875,2177.969970703125,2185.7900390625,3423160000,0.381571803242018,-0.47604624238319193,0.7526007441727652,0.10443304971201359,0.12066728339690311,0.22355254331263605,0.3214505258118556,0.4024113780463418,-0.15684427936398931,-0.7734230901625213,0.0,1.0
2016-08-12,2183.739990234375,2186.280029296875,2179.419921875,2184.050048828125,3000660000,-0.11272485032042735,-1.0365236599504681,0.6604705108882707,0.025653131334027746,0.06646441065926205,0.1250082087389195,0.3112306761036784,0.3894102599203471,-0.15127839571998866,-0.7715359561091415,0.0,1.0
2016-08-15,2186.080078125,2193.81005859375,2186.080078125,2190.14990234375,3078530000,0.20803559331282515,-0.9275188706681836,0.8517579800772117,0.19474227850179063,0.15975081066286562,0.23374984059740203,0.3138991534925959,0.37958430686316846,-0.11578127882157258,-0.7703675448387571,0.0,1.0
2016-08-16,2186.239990234375,2186.239990234375,2178.139892578125,2178.14990234375,3196400000,-0.5312675012042138,-0.7676577497486866,0.22206203794345852,-0.2546267705894773,-0.08092047134600303,-0.1174698283861073,0.2772891459989511,0.36383567148784846,-0.18199457546685116,-0.7953846239383994,0.0,1.0
2016-08-17,2177.840087890625,2183.080078125,2168.5,2182.219970703125,3388910000,0.12542516587052058,-0.5188303522811729,0.36569847965872804,-0.14605843384466682,-0.01266942583176458,-0.02096297628752265,0.2541345533352478,0.34624795009600495,-0.20255484553152436,-0.8038905857620089,0.0,1.0
2016-08-18,2181.89990234375,2187.030029296875,2180.4599609375,2187.02001953125,3300570000,0.15501053629463282,-0.6312099960333494,0.5330352626588504,0.035244127910405376,0.05733153219196944,0.07844561676798699,0.24377597360292125,0.32994594714437187,-0.1881810108547605,-0.801758677164069,0.0,1.0
2016-08-19,2184.239990234375,2185.0,2175.1298828125,2183.8701171875,3084800000,-0.1703020183265615,-0.9188622250908238,0.35976362285586033,-0.08871937356607124,-0.010590259409949607,-0.03199493069076046,0.22188679482327736,0.3121881736438872,-0.20445596230763902,-0.9496193164897242,0.0,1.0
2016-08-22,2181.580078125,2185.14990234375,2175.9599609375,2182.639892578125,2777550000,-0.09192537251880804,-1.3652534431676095,0.29012122559133785,-0.07790373088067622,-0.04725489534653004,-0.07842671857475889,0.19644675212729193,0.29250072613455186,-0.22602897107519404,-0.9511805108937491,0.0,1.0
2016-08-23,2187.81005859375,2193.419921875,2186.800048828125,2186.89990234375,3041490000,0.13285929962609155,-0.9790204808347901,0.4626188593592236,0.022013108092284787,0.016410718067718807,0.016547394997618387,0.1834826759140702,0.27395757050654235,-0.21323623060438904,-0.9423365253233738,0.0,1.0
2016-08-24,2185.090087890625,2186.659912109375,2171.25,2175.43994140625,3148280000,-0.5099249001117644,-0.8321966544808924,-0.181342287814471,-0.38037179402948107,-0.2083480466873073,-0.2875422373977464,0.13758348147019883,0.24923375512086854,-0.2823336152039715,-0.8901464344903155,0.0,1.0
2016-08-25,2173.2900390625,2179.0,2169.739990234375,2172.469970703125,2969310000,-0.16359503406722348,-1.081209173793465,-0.3345381978552876,-0.38317439775909795,-0.2666888851377549,-0.33731904344174274,0.08954981157267507,0.2191055248025,-0.34275288301386203,-0.9547553317286901,0.0,1.0
2016-08-26,2175.10009765625,2187.93994140625,2160.389892578125,2169.0400390625,3342340000,-0.18268440171980288,-0.5777031689596994,-0.5118296675763077,-0.4021256325514474,-0.3271536519792494,-0.39080831407638994,0.039137229125805834,0.1841412097912145,-0.39681843864783095,-0.9523411748682422,0.0,1.0
2016-08-29,2170.18994140625,2183.47998046875,2170.18994140625,2180.3798828125,2654780000,0.4256743815329617,-1.5575969079430403,0.030008636569269886,0.0688438864321752,-0.1220668496982253,-0.07415583046924591,0.027702278633324844,0.15370602060714317,-0.3461845643604073,-0.8929368093207093,0.0,1.0
2016-08-30,2179.449951171875,2182.27001953125,2170.409912109375,2176.1201171875,3006800000,-0.2161876046600052,-1.027826549162355,-0.201069084699777,-0.0151383818963815,-0.22046799168710257,-0.18832459111524144,0.0044063390908702345,0.12433860203034804,-0.3342473021249954,-0.9582145623062358,0.0,1.0
2016-08-31,2173.56005859375,2173.7900390625,2161.35009765625,2170.949951171875,3766390000,-0.25391999011530686,-0.06949886632551491,-0.4725500151420445,-0.18601087250085843,-0.3247471474891297,-0.3073196910834514,-0.03039894879424702,0.09334563324593842,-0.3524203244697672,-0.9593879558436316,0.0,1.0
2016-09-01,2171.330078125,2173.56005859375,2157.090087890625,2170.860107421875,3392120000,-0.045277466094980415,-0.5148021917771243,-0.4773341904615523,-0.17674067167173377,-0.3326513006308298,-0.28354431006669206,-0.059974370050073646,0.06217903431910748,-0.3543614422790901,-0.9820255101220058,0.0,1.0
2016-09-02,2177.489990234375,2184.8701171875,2173.590087890625,2179.97998046875,3091120000,0.33388643518307753,-0.910154335057553,-0.009867886289649797,0.10041714605614181,-0.15790523585480146,-0.03759789626295432,-0.06000675529864557,0.037238777557505084,-0.28475334603889635,-0.9231179437844391,0.0,1.0
2016-09-06,2181.610107421875,2186.570068359375,2175.10009765625,2186.47998046875,3447650000,0.2249067413375667,-0.4457157086289432,0.2873935033843494,0.31123174326735187,-0.04058150747616131,0.10608917337580365,-0.044035097835523555,0.020727773425379632,-0.19051756318355353,-0.9008171886207592,0.0,1.0
2016-09-07,2185.169921875,2187.8701171875,2179.070068359375,2186.159912109375,3319420000,-0.054661830710372894,-0.6069800435374741,0.26683724616820037,0.2179697827020218,-0.050797870151754895,0.060572710176550366,-0.034300277429978085,0.009616402805660732,-0.13015174980240318,-0.9097477561146043,0.0,1.0
2016-09-08,2182.760009765625,2184.93994140625,2177.489990234375,2181.300048828125,3727840000,-0.2402590697495993,-0.1132710853035598,-0.04773504806169598,-0.05860571364043463,-0.14793077979402056,-0.08895925323341418,-0.0419396830596515,-0.0009186551358972125,-0.123708797054014,-0.974361431314992,0.0,1.0
2016-09-09,2169.080078125,2169.080078125,2127.81005859375,2127.81005859375,4233960000,-2.233221840704495,0.42838748480961253,-2.088736482644211,-1.8550442787339074,-1.103150420126183,-1.410359638070613,-0.19568499691693994,-0.042472165870290284,-0.47048309726569115,-0.13185907151806311,0.0,1.0
2016-09-12,2120.860107421875,2163.300048828125,2119.1201171875,2159.0400390625,4010480000,1.2701727673532097,0.19766959420561736,-0.8269059834519318,-0.43800956139512853,-0.4900541782727768,-0.4477257326700894,-0.23117597370230145,-0.08336174467707062,-0.46306059521106635,0.1018799903099499,0.0,1.0
2016-09-13,2150.469970703125,2150.469970703125,2120.27001953125,2127.02001953125,4141670000,-1.3670600881401218,0.3346200343584517,-1.5943056916153593,-1.2517360382737501,-1.0366243838896165,-1.1905549860250837,-0.346052037225126,-0.14082423007278713,-0.6483392782980363,0.21337225823672737,0.0,1.0
2016-09-14,2127.860107421875,2141.330078125,2119.89990234375,2125.77001953125,3664100000,-0.09410194924497649,-0.18664839050319196,-1.620340598067742,-0.8192563583610352,-1.011745941283617,-1.061916587481979,-0.43792672869249405,-0.2065892400610851,-0.741158290735939,0.21572178633478464,0.0,1.0
2016-09-15,2125.360107421875,2151.31005859375,2122.360107421875,2147.260009765625,3373720000,0.8619306188147146,-0.5379438533548944,-0.9144968081842122,0.329630865962108,-0.5718841023070159,-0.38857235170817706,-0.44873719037484283,-0.2615304349024836,-0.6201522254671522,0.321676551391577,0.0,1.0
2016-09-16,2146.47998046875,2146.47998046875,2131.199951171875,2139.159912109375,5014360000,-0.3787250066614041,1.1481442717721528,-1.1102618379239038,-0.09224040212135522,-0.6806502844287708,-0.550965171518343,-0.47658427459966346,-0.3114832328095804,-0.5643838779088836,0.32545835476885016,0.0,1.0
2016-09-19,2143.989990234375,2153.610107421875,2135.909912109375,2139.1201171875,3141820000,-0.043241387642311654,-0.8409358707825153,-1.1112469381299426,0.06831532125507697,-0.6394321765726988,-0.48878333052150075,-0.4954869302362327,-0.35551817572890465,-0.49822454894928403,0.3020384317244566,0.0,1.0
2016-09-20,2145.93994140625,2150.800048828125,2139.169921875,2139.760009765625,3117380000,-0.014843478934926848,-0.8741621681617308,-1.0886503371490277,-0.009450721842678169,-0.586962281103354,-0.4191860688032155,-0.5053133906439531,-0.392863307206627,-0.4234350455300342,0.28741157051284605,0.0,1.0
2016-09-21,2144.580078125,2165.110107421875,2139.570068359375,2163.1201171875,3685450000,0.9341351429360291,-0.1619291160178202,-0.33559317965412494,0.6342955683419682,-0.120078517516827,0.20352459659120037,-0.4459745964635846,-0.40995446913605277,-0.19700350287612373,0.4000966402580955,0.0,1.0
2016-09-22,2170.93994140625,2179.989990234375,2170.93994140625,2177.179931640625,3523860000,0.5393350217637173,-0.3526906879661551,0.043512034548638355,0.9587030492903076,0.14578195411243564,0.4984224462457612,-0.35847818464504966,-0.40477570687542325,0.05196563263657317,0.43327494086228324,0.0,1.0
2016-09-23,2173.2900390625,2173.75,2163.969970703125,2164.68994140625,3289860000,-0.554299033421671,-0.6450384449396875,-0.342552535079515,0.24682969578764202,-0.08445066815466165,0.09122023085508082,-0.3223010040118963,-0.39283807960244044,0.12752712825782903,-0.048455130469029634,0.0,1.0
2016-09-26,2158.5400390625,2158.5400390625,2145.0400390625,2146.10009765625,3199910000,-0.8091041597804455,-0.7629881998136998,-0.8503191901850091,-0.5586413304308242,-0.4165318498334243,-0.40405531148390916,-0.3433735504146572,-0.3878281999721117,0.05007759017579569,-0.1611949888631125,0.0,1.0
2016-09-27,2146.0400390625,2161.1298828125,2141.550048828125,2159.929931640625,3414090000,0.5343645253551289,-0.4873344100030873,-0.45736754879267655,-0.16377840141838015,-0.13372009664832252,-0.020848701951806364,-0.32067371683508206,-0.3789294640868033,0.09355349838601848,-0.3878029954332786,0.0,1.0
2016-09-28,2161.85009765625,2172.39990234375,2151.7900390625,2171.3701171875,3860390000,0.43179712898597683,0.03538434940441945,-0.1575074993520634,0.229718931842605,0.08876352823167448,0.24377576358505812,-0.2704528876617884,-0.3609900591575079,0.19462468017939422,-0.3803441530925539,0.0,1.0
2016-09-29,2168.89990234375,2172.669921875,2145.199951171875,2151.1298828125,4215620000,-0.8746735088184576,0.4099176819906125,-0.7026322429925246,-0.3750132465195587,-0.27802088911689504,-0.3153399926899722,-0.28561290964603103,-0.34990486415547,0.11799726530144658,-0.34303289021698324,0.0,1.0
2016-09-30,2156.510009765625,2175.300048828125,2156.510009765625,2168.27001953125,4158800000,0.6705530312280964,0.35218117265693205,-0.2613973042016756,0.28647911913540247,0.051160083595059774,0.1355866307922266,-0.2499140939920849,-0.3333451576491421,0.17920018565921028,-0.30648020102505374,0.0,1.0
2016-10-03,2164.330078125,2164.409912109375,2154.77001953125,2161.199951171875,3113850000,-0.33300117757219794,-0.8789827375427218,-0.4492228585322036,-0.11977586781871258,-0.06566578375598539,-0.08122671657435486,-0.24077989935397354,-0.3181293686289534,0.1641757081679984,-0.28504832414239467,0.0,1.0
2016-10-04,2163.3701171875,2165.4599609375,2144.010009765625,2150.489990234375,3716100000,-0.48447872969168937,-0.12669140806577572,-0.7252391189073492,-0.47488808594188925,-0.235648457595029,-0.35470918570952353,-0.26248600193390065,-0.3106334635505,0.07787039276461445,-0.2480759938630407,0.0,1.0
2016-10-05,2155.14990234375,2163.949951171875,2155.14990234375,2159.72998046875,3883710000,0.3424350269744101,0.06100890099065823,-0.4708657161510826,-0.009225285286941862,-0.03399400251663282,-0.09295899632123499,-0.2537176653090746,-0.302747542248092,0.08223062323891721,-0.3627445812542416,0.0,1.0
2016-10-06,2158.219970703125,2162.929931640625,2150.280029296875,2160.77001953125,3438040000,0.0014603217679627241,-0.45759180111321524,-0.4418878279375516,-0.045028376957229055,0.005552340268110842,-0.07420307294941006,-0.24352885629737686,-0.2942435576143166,0.08914033213551886,-0.4227483072175625,0.0,1.0
2016-10-07,2164.18994140625,2165.860107421875,2144.85009765625,2153.739990234375,3578770000,-0.33235659460691735,-0.2869039621000096,-0.6452612963115985,-0.21123155247996792,-0.15354587124771557,-0.25780913676690365,-0.2543447415434434,-0.2897707253014236,0.0440736089673144,-0.44830149429879984,0.0,1.0
2016-10-10,2160.389892578125,2169.60009765625,2160.389892578125,2163.659912109375,2881970000,0.3700708508696094,-1.2082349718146825,-0.34768155996322775,0.16875459076414387,0.031445309264831606,0.005796080241982787,-0.23528325850062637,-0.28208553442201356,0.07998653477869658,-0.5282507642454509,0.0,1.0
2016-10-11,2161.35009765625,2161.56005859375,2128.840087890625,2136.72998046875,3393060000,-1.1539736110364827,-0.5136233273823818,-1.0741862280827195,-0.8065753066631112,-0.4919275680320995,-0.6826863011903708,-0.29349483917568325,-0.28847945922214036,-0.07741253086710416,-0.3807977029118893,0.0,1.0
2016-10-12,2137.669921875,2145.360107421875,2132.77001953125,2139.179931640625,2959510000,0.06089685668950954,-1.095274686704744,-0.9969876340522695,-0.5427623138696616,-0.4578680327917805,-0.5387232899913942,-0.33148601821102286,-0.3017800547119734,-0.1546264367705166,-0.42864802722208906,0.0,1.0
2016-10-13,2130.260009765625,2138.18994140625,2114.719970703125,2132.550048828125,3538030000,-0.31857332286091805,-0.33561623288225567,-1.1648841900721671,-0.5839639270254487,-0.5704891323354196,-0.6421013057588962,-0.3779564741443831,-0.32243290412631165,-0.23682179082885166,-0.5151516662506397,0.0,1.0
2016-10-14,2139.679931640625,2149.18994140625,2132.97998046875,2132.97998046875,3187910000,-0.02356048990055355,-0.7789737082823953,-1.1496175678999603,-0.3988631821264734,-0.5564398524265567,-0.5543885085946605,-0.4112934349916756,-0.34613785662138047,-0.2709431223170143,-0.6439237847008145,0.0,1.0
2016-10-17,2132.949951171875,2135.610107421875,2124.429931640625,2126.5,2832440000,-0.3130973847772462,-1.281992299731555,-1.3236407102520136,-0.36120085967039134,-0.6682574724488852,-0.6520977331052817,-0.4527992575630262,-0.374044527911806,-0.3179167126723209,-0.6450771659451541,0.0,1.0
2016-10-18,2138.31005859375,2144.3798828125,2135.489990234375,2139.60009765625,3172940000,0.5090030679541925,-0.7990001972489839,-0.8412973175003376,0.14925190325239146,-0.41792318337132583,-0.24709252216519137,-0.4468508700841682,-0.3950882447593577,-0.2411915374933095,-0.5852873311227719,0.0,1.0
2016-10-19,2140.81005859375,2148.43994140625,2138.14990234375,2144.2900390625,3364990000,0.15432715402058214,-0.5489677488500163,-0.677966533739592,0.2985237566410088,-0.31043924256876465,-0.11358929261694033,-0.42671971846820034,-0.40758582590279296,-0.14564904708922502,-0.6110630624226542,0.0,1.0
2016-10-20,2142.510009765625,2147.179931640625,2133.43994140625,2141.340087890625,3339320000,-0.16453313636174463,-0.581549263610015,-0.7734989717620802,0.1066423714343816,-0.33270470071890795,-0.19078279085587577,-0.41653482615708104,-0.4153894871052371,-0.0931728383737844,-0.6131747336336224,0.0,1.0
2016-10-21,2139.429931640625,2142.6298828125,2130.090087890625,2141.159912109375,3456390000,-0.049098849622033015,-0.4349434757516452,-0.7796327161395672,0.0326587193033883,-0.3137353016009391,-0.18716523676240934,-0.40670739477374324,-0.41951502972168664,-0.05205289576180306,-0.6228709129611646,0.0,1.0
2016-10-24,2148.5,2154.7900390625,2146.909912109375,2151.330078125,3359950000,0.382934898238415,-0.5553450888525372,-0.38837986279171927,0.24353059590196455,-0.12416167759867006,0.0734500853338351,-0.3690538040419975,-0.41470274384105577,0.04786856850939311,-0.6203939431379466,0.0,1.0
2016-10-25,2149.719970703125,2151.43994140625,2141.929931640625,2143.159912109375,3756200000,-0.3809980670762061,-0.08102555132970796,-0.6903550806153217,-0.11677309990549366,-0.2644578363274038,-0.16236982079849469,-0.36002957750623854,-0.4089085846904526,0.058845531750119986,-0.8950834303431892,0.0,1.0
2016-10-26,2136.969970703125,2145.72998046875,2131.590087890625,2139.429931640625,3778120000,-0.19712684851782572,-0.05626871866433335,-0.8245863391455367,-0.2286880670957192,-0.3053838404943997,-0.2514783363119311,-0.3614332933817146,-0.4045756974188257,0.04250907755508472,-0.8884549067919891,0.0,1.0
2016-10-27,2144.06005859375,2147.1298828125,2132.52001953125,2133.0400390625,4209400000,-0.30851540469305994,0.4036354077478348,-1.0511893134341654,-0.4208569251237855,-0.41054424812819246,-0.3932645711618778,-0.37824279127668403,-0.4047311072482228,-0.007668347371447168,-0.8901756328807454,0.0,1.0
2016-10-28,2132.22998046875,2140.719970703125,2119.360107421875,2126.409912109375,4028270000,-0.3193808730147129,0.21650111968976468,-1.27657169617693,-0.5709681582637753,-0.49780211189245077,-0.5195700657522442,-0.40758573786699115,-0.41117757077707434,-0.07799989352536466,-0.8688556819432587,0.0,1.0
2016-10-31,2129.780029296875,2133.25,2125.530029296875,2126.14990234375,3926560000,-0.05250712190214531,0.10769488360296083,-1.2855163521089152,-0.37749809526060757,-0.4694284484993481,-0.4676745590282272,-0.4290470469414869,-0.4209587253267742,-0.11528044884190781,-0.8891448237063095,0.0,1.0
2016-11-01,2128.679931640625,2131.449951171875,2097.85009765625,2111.719970703125,4539190000,-0.6481518059491782,0.7245597253772927,-1.7508512109788439,-0.7112060072242382,-0.709688923486725,-0.7783121839943309,-0.4827202753685467,-0.4403479078819771,-0.22269448429605843,-0.9119505399964721,0.0,1.0
2016-11-02,2109.429931640625,2111.760009765625,2094.0,2097.93994140625,4289120000,-0.624790863664476,0.48345951972724444,-2.1200519626721084,-0.9386659715356738,-0.9161604566994757,-1.0266644707012809,-0.5592472681668733,-0.4723475104494589,-0.3636741006663323,-0.8929925529283923,0.0,1.0
2016-11-03,2098.800048828125,2102.56005859375,2085.22998046875,2088.659912109375,3892100000,-0.43691716685298554,0.07019040560923549,-2.33843960801974,-0.9589583231614013,-1.026793163097978,-1.125409675470268,-0.6405391455138945,-0.5154620755263823,-0.48793508079429576,-0.8843477404952476,0.0,1.0
2016-11-04,2083.7900390625,2099.070068359375,2083.7900390625,2085.179931640625,3841910000,-0.1904880428790842,0.014967922511352757,-2.4173281823151167,-0.7652674442521438,-1.0291865662045645,-1.0634653693226357,-0.7088250745215133,-0.5646663913584413,-0.5560161379211508,-0.8977000453006228,0.0,1.0
2016-11-07,2100.590087890625,2132.0,2100.590087890625,2131.52001953125,3739720000,1.9446352422517756,-0.09973367930087486,-0.4768911463806904,1.1067789470940055,-0.10361386017676506,0.24662952336867897,-0.6303181428887642,-0.5871149963306642,-0.2568976431318561,-0.1292811040103794,0.0,1.0
2016-11-08,2129.919921875,2146.8701171875,2123.56005859375,2139.56005859375,3921850000,0.2955388769837845,0.10258822711852432,-0.2378280764572488,1.2056102793665822,0.04895346202918891,0.38909279476538544,-0.5421149374231626,-0.5860699050479944,0.00575279054992925,-0.1216503382517114,0.0,1.0
2016-11-09,2131.56005859375,2170.10009765625,2125.35009765625,2163.260009765625,6267590000,0.9484223778267267,2.09730532997289,0.37589928230798236,1.6336613413129044,0.4831287030449352,0.9007341112859217,-0.4046263645454156,-0.5556109920834391,0.3345879358232915,-0.01891647781178486,0.0,1.0
2016-11-10,2167.489990234375,2182.300048828125,2151.169921875,2167.47998046875,6458450000,0.13276782900171116,2.224934977018176,0.4737355353265162,1.151429530821552,0.5303117356736515,0.8439098644238637,-0.2831991387318098,-0.5050815472797354,0.5589687158667294,-0.036510124438780496,0.0,1.0
2016-11-11,2162.7099609375,2165.919921875,2152.489990234375,2164.449951171875,4993990000,-0.16651960107888392,1.1308251242317822,0.36251763962168504,0.3798112946827412,0.4410652806185032,0.6154569907342136,-0.19550510508363425,-0.4457637206770916,0.6572194238783311,-0.0493428679182536,0.0,1.0
2016-11-14,2165.639892578125,2171.360107421875,2156.080078125,2164.199951171875,5373670000,-0.05190173411857977,1.4425910195238303,0.3528562191801962,0.10522881427398964,0.39941523782233695,0.4921466952277995,-0.1276603579787203,-0.38369185123972677,0.6880085571449639,-0.04936763567947489,0.0,1.0
2016-11-15,2168.2900390625,2180.840087890625,2166.3798828125,2180.389892578125,4548110000,0.6270123846519928,0.7329124371605222,0.7620889759829884,0.4264007197523123,0.6711336523542304,0.7957345379018436,-0.0313198695511316,-0.3132771479557985,0.7812782114454713,-0.10957869469164408,0.0,1.0
2016-11-16,2177.530029296875,2179.219970703125,2172.199951171875,2176.93994140625,3847900000,-0.18299245953499782,0.02159632190133764,0.6182831371353875,0.17796761981771647,0.5727850956230628,0.5649847703297364,0.03270405767402216,-0.24315099857546624,0.7780522904538228,-0.18572939281906514,0.0,1.0
2016-11-17,2178.610107421875,2188.06005859375,2176.64990234375,2187.1201171875,3811730000,0.3763685733572029,-0.018586581490791777,0.8678931095207131,0.42751998068510794,0.7235467678514393,0.7070090915853301,0.10783904222689947,-0.17086174010891758,0.8022350130629747,-0.26625415191437596,0.0,1.0
2016-11-18,2186.85009765625,2189.889892578125,2180.3798828125,2181.89990234375,3580900000,-0.25489722316095464,-0.2843724268526546,0.6392980310883427,0.0789824592475122,0.5834631922456888,0.44697310775294985,0.1488368309546311,-0.1041970833579469,0.7393541422176213,-0.2555194797959877,0.0,1.0
2016-11-21,2186.429931640625,2198.699951171875,2186.429931640625,2198.179931640625,3611500000,0.6252788096826388,-0.24816917493653756,1.0296176988226744,0.45596421480827043,0.8497691954624073,0.7563887039040974,0.2212380198128474,-0.035266033707836035,0.7646915378915153,-0.707998922815154,0.0,1.0
2016-11-22,2201.56005859375,2204.800048828125,2194.510009765625,2202.93994140625,3960520000,0.15195527179956808,0.1443345480229582,1.1343138476479546,0.46480517280647693,0.8822552428470547,0.733739856273329,0.28601081134711204,0.03383454062948705,0.7665867583001293,-0.7077349823847281,0.0,1.0
2016-11-23,2198.550048828125,2204.719970703125,2194.510009765625,2204.719970703125,3419850000,0.030637877441881557,-0.48016226943863616,1.1744087125261462,0.3138557089799539,0.8523011542192737,0.6415597986994178,0.3359444436294808,0.09987353781403807,0.7323595103523588,-0.8571643135095139,0.0,1.0
2016-11-25,2206.27001953125,2213.35009765625,2206.27001953125,2213.35009765625,1584590000,0.3082668908620372,-3.753167716507109,1.366667144185212,0.4466817072301534,0.9384304130712233,0.7308361062522248,0.3923583826161262,0.16485949904433658,0.7205869758364523,-0.8486720443646724,0.0,1.0
2016-11-28,2210.2099609375,2211.139892578125,2200.360107421875,2201.719970703125,3515100000,-0.5111992686809388,-0.3632806206854172,0.796613345685289,-0.16945099833566804,0.6433610684403663,0.3123959859464791,0.3979709081621347,0.21805752449563853,0.5888024149493295,-0.7620765177651898,0.0,1.0
2016-11-29,2200.760009765625,2210.4599609375,2198.14990234375,2204.659912109375,3709190000,0.07776214959776219,-0.1346102581384157,0.873119972491512,-0.10457728666858242,0.6231657646274646,0.3142451287371697,0.40344028328530224,0.2617943586000595,0.48302995652286485,-0.7689563089921054,0.0,1.0
2016-11-30,2204.969970703125,2214.10009765625,2198.81005859375,2198.81005859375,5538400000,-0.27872491729363846,1.5710593017592565,0.5886234035105432,-0.3027424377322823,0.42802712309532465,0.10192552867578542,0.38477149031544533,0.29276150857813343,0.34026982898158914,-0.813917117840609,0.0,1.0
2016-12-01,2200.169921875,2202.60009765625,2187.43994140625,2191.080078125,5067470000,-0.3557767418082159,1.1929711315426452,0.2286739627992422,-0.5005625976626787,0.1923036789359415,-0.1232539327291972,0.342277972682282,0.30837971370637346,0.16867456454859886,-0.7867798563849949,0.0,1.0
2016-12-02,2191.1201171875,2197.949951171875,2188.3701171875,2191.949951171875,3782370000,-0.006096567739948704,-0.051485321956298256,0.25806234872952166,-0.2976250879265437,0.11036651962613545,-0.10435281530863086,0.30504846229334737,0.31285292880407206,0.04407788835332977,-0.8252807918417149,0.0,1.0
2016-12-05,2200.64990234375,2209.419921875,2199.969970703125,2204.7099609375,3898530000,0.47869641105686583,0.07721361894154308,0.6679658351267147,0.18353222799483113,0.2373587302339279,0.2008423605848644,0.3047836113784149,0.31637443696705336,0.033438173068451295,-0.7872181652444056,0.0,1.0
2016-12-06,2207.260009765625,2212.780029296875,2202.2099609375,2212.22998046875,3857290000,0.2632670545797451,0.03196634736386427,0.8843575625926152,0.42077383072796065,0.3021162089781708,0.3310045777907421,0.3191968693813162,0.32229707710456973,0.06028189947048616,-0.8701968386790053,0.0,1.0
2016-12-07,2210.719970703125,2241.6298828125,2208.929931640625,2241.35009765625,4504070000,1.1348769135953143,0.6915129536041977,1.5472604100318788,1.2305324390197996,0.7516748970854097,0.9627747733770354,0.40383432565114613,0.3452708997714559,0.25090752251154186,-0.5975365981325118,0.0,1.0
2016-12-08,2241.1298828125,2251.68994140625,2237.570068359375,2246.18994140625,4203270000,0.15141105144156383,0.39743494552513087,1.6370711452335134,0.9818325933680254,0.7629258582280357,0.9074573080309174,0.4763307187936163,0.37926979455918397,0.3741635628763713,-0.5989425612944977,0.0,1.0
2016-12-09,2249.72998046875,2259.800048828125,2249.22998046875,2259.530029296875,3886460000,0.48921393863944934,0.06402051673665758,1.8684743800837589,0.9685998767133845,0.9241917685005738,1.0645016551378907,0.5616629929326413,0.4248543241404375,0.5036864770225222,-0.5801313382121571,0.0,1.0
2016-12-12,2258.830078125,2264.030029296875,2252.3701171875,2256.9599609375,4038850000,-0.14323621745857637,0.2276611344067579,1.7318681435699221,0.45904647059588327,0.787793921098003,0.8150275233286245,0.6127034425280505,0.47231895677209956,0.5247053016552539,-0.6537526712313279,0.0,1.0
2016-12-13,2263.320068359375,2277.530029296875,2263.320068359375,2271.719970703125,3875630000,0.5429091294260033,0.0521478731046102,1.9802454792413622,0.5665994826151501,0.959965477874782,1.0186755047329072,0.6835425430819735,0.5255534246704138,0.589209827406201,-0.6329316327767759,0.0,1.0
2016-12-14,2268.35009765625,2276.199951171875,2248.43994140625,2253.280029296875,4409670000,-0.7670454169551211,0.6013920293677267,1.085396588261175,-0.2362552337034386,0.5481623773359261,0.398911269722159,0.6785728469101718,0.567070244444462,0.45821105530246714,-0.4970975244395436,0.0,1.0
2016-12-15,2253.77001953125,2272.1201171875,2253.77001953125,2262.030029296875,4173360000,0.3054820822675236,0.3670508513352453,1.2649387658536975,-0.021318306516861743,0.630089153920091,0.5239544803085434,0.6883935712235089,0.6023996415257574,0.38903806370538674,-0.5544594617377981,0.0,1.0
2016-12-16,2266.81005859375,2268.050048828125,2254.239990234375,2258.070068359375,5928980000,-0.19803944741996576,1.861001341238154,1.0830024646776693,-0.16241589560936848,0.48995096507112557,0.3271086364151395,0.6750390524323251,0.6277858380845689,0.27787692920014984,-0.5303007356894089,0.0,1.0
2016-12-19,2259.239990234375,2267.469970703125,2258.2099609375,2262.530029296875,3252840000,0.13494630568340268,-0.6931867950431665,1.1825671053890776,-0.03371868350762752,0.4966799187172946,0.3609670840284102,0.6666347766076817,0.6462840374457749,0.20087178571306202,-0.5428150519689406,0.0,1.0
2016-12-20,2266.5,2272.56005859375,2266.139892578125,2270.760009765625,3306250000,0.28352140069302695,-0.6238943390224594,1.3614184527176185,0.2901398575261662,0.580422701316326,0.4786787030025187,0.6724829041545025,0.6623426154412445,0.17359776281015302,-0.5422029595162235,0.0,1.0
2016-12-21,2270.5400390625,2271.22998046875,2265.14990234375,2265.179931640625,2854880000,-0.2612037459840768,-1.2484173934316662,1.0805822853317169,-0.016012407122660843,0.4193769527495556,0.2509822220302472,0.6517803324437708,0.670728969191233,0.08782526436985653,-0.724591978354896,0.0,1.0
2016-12-22,2262.929931640625,2263.179931640625,2256.080078125,2260.9599609375,2880670000,-0.20808075061883513,-1.210154609371003,0.869715242907709,-0.16990319193750514,0.28935793430511825,0.09097939088062806,0.6142199286885828,0.6693454099797748,-0.0213985822533782,-0.7137678251220979,0.0,1.0
2016-12-23,2260.25,2263.7900390625,2258.840087890625,2263.7900390625,2021230000,0.07029244225640562,-2.7176602870315456,0.9465076538545942,-0.10511264373512888,0.2945061821101107,0.12256238286546393,0.583100461808563,0.6615336636720216,-0.09326322672275837,-0.7713438398005422,0.0,1.0
2016-12-27,2266.22998046875,2273.820068359375,2266.14990234375,2268.8798828125,1989730000,0.15936801665553899,-2.784489834371533,1.0849520806044217,0.04149675325300481,0.3255784381697148,0.20256929697045348,0.5635427668470783,0.6510704293935159,-0.12290583629191852,-0.7687387604868879,0.0,1.0
2016-12-28,2270.22998046875,2271.31005859375,2249.110107421875,2249.919921875,2402750000,-0.7884378133833521,-1.981992652140645,0.15324353647586464,-0.5269935456243007,-0.063694524123344,-0.29811372912672335,0.48769915613533554,0.6263588247251293,-0.28219710410941173,-0.7280059951683159,0.0,1.0
2016-12-29,2249.5,2254.510009765625,2244.56005859375,2249.260009765625,2338700000,-0.06779265902989444,-2.0969486790808145,0.12389341452364352,-0.43045569153342583,-0.12203870474946929,-0.28916480227782837,0.4185127691776958,0.5916828674839161,-0.3935947103530867,-0.8466120581374904,0.0,1.0
2016-12-30,2251.610107421875,2253.580078125,2233.6201171875,2238.830078125,2671550000,-0.45601193439144994,-1.5308049905666916,-0.32840421137672066,-0.6627698776406401,-0.35637035259647076,-0.513103909534097,0.3286945267884554,0.5445901558371441,-0.5324092201755296,-0.8553766278231371,0.0,1.0
2017-01-03,2251.570068359375,2263.8798828125,2245.1298828125,2257.830078125,3773010000,0.7169030911211214,-0.06202717909755063,0.314403725725234,0.1162642923260472,-0.06941969369353601,-0.005418629584920148,0.30397033945243307,0.5015889936741922,-0.48666728009523996,-0.6933920269547831,0.0,1.0
2017-01-04,2261.60009765625,2272.820068359375,2261.60009765625,2270.75,3768890000,0.4698455418441614,-0.06667569003738903,0.675477924070001,0.6003843197922369,0.10573393586687228,0.27957702569337656,0.31395136220319964,0.4693385425849216,-0.36647849007877153,-0.6454338730006494,0.0,1.0
2017-01-05,2268.179931640625,2271.5,2260.449951171875,2269.0,3785080000,-0.1104568975241339,-0.0484380085863971,0.595992306947358,0.3848153416524314,0.021873896302873997,0.17365774786100346,0.31101461419686355,0.442905439556755,-0.30144278967004406,-0.6647752589417233,0.0,1.0
2017-01-06,2271.139892578125,2282.10009765625,2264.06005859375,2276.97998046875,3342080000,0.2727470653325494,-0.5780341529489167,0.8160887559085208,0.4773120969021979,0.13446733405452763,0.31365643656613174,0.3245174919241132,0.42466824317341884,-0.2098157246341694,-0.65861835827767,0.0,1.0
2017-01-09,2273.590087890625,2275.489990234375,2268.89990234375,2268.89990234375,3219730000,-0.35873193050035646,-0.7367162852307938,0.4351682556557189,-0.06435401512168716,-0.03321240772464273,0.05339144775662162,0.30696188056956736,0.4062960112450843,-0.21132536977776328,-0.6405379505264661,0.0,1.0
2017-01-10,2269.719970703125,2279.27001953125,2265.27001953125,2268.89990234375,3640560000,-0.04157875184849892,-0.21407078179376654,0.4351682556557189,-0.14913788209136705,-0.0417542989892443,0.023859962378639604,0.287301536984988,0.3873622721322375,-0.21760280283586936,-0.6419133289495021,0.0,1.0
2017-01-11,2268.60009765625,2275.320068359375,2260.830078125,2275.320068359375,3625080000,0.21131822789938437,-0.23220066915092344,0.6390609066175882,0.0616471856102516,0.05815925062088626,0.1500477676379292,0.283719583162656,0.3714435247423452,-0.18389636196809575,-0.6374751506239265,0.0,1.0
2017-01-12,2271.139892578125,2271.780029296875,2254.25,2270.43994140625,3466220000,-0.23326958434115924,-0.42286029388647345,0.388371233606371,-0.13616013517153153,-0.02933589364237276,-0.0092677639724217,0.2619674044546045,0.3540218732802962,-0.20069824797408595,-0.7709262670772828,0.0,1.0
2017-01-13,2272.739990234375,2278.679931640625,2271.510009765625,2274.639892578125,3090680000,0.12374945061890794,-0.9107600037076456,0.532072046616398,0.04251261747106068,0.02747692966278896,0.0696764551453325,0.25098226807129664,0.3377177304179642,-0.18820493422837647,-0.7730590479031597,0.0,1.0
2017-01-17,2269.139892578125,2272.080078125,2262.81005859375,2267.889892578125,3586950000,-0.3067972687090428,-0.27719012030589163,0.1779387316817701,-0.20815130067865376,-0.10043088622544208,-0.12111407871372816,0.21870510094143925,0.3177200828657732,-0.2294968875281968,-0.8081084884550829,0.0,1.0
2017-01-18,2269.139892578125,2272.010009765625,2263.35009765625,2271.889892578125,3317670000,0.11605555689668058,-0.6092237070213952,0.3288460900722088,-0.07791248393860761,-0.04038498126492011,-0.02964083757735641,0.19942178032527003,0.2975672433941751,-0.23123187313854543,-0.9442639766721307,0.0,1.0
2017-01-19,2271.89990234375,2274.330078125,2258.409912109375,2263.68994140625,3168390000,-0.3641582097015475,-0.8051057991613436,-0.09532993197564613,-0.30295833287977375,-0.1902822301991703,-0.23922825633643693,0.15727775790024948,0.272364758061477,-0.28768495999928806,-0.9937145612084133,0.0,1.0
2017-01-20,2269.9599609375,2276.9599609375,2265.010009765625,2271.31005859375,3536850000,0.25927638421655774,-0.3370354874516322,0.2087444150694747,-0.01768996310825908,-0.05246623767778867,-0.04440105168590602,0.14083357457482332,0.2486597596354831,-0.2709436358069845,-0.9589727067234147,0.0,1.0
2017-01-23,2267.780029296875,2271.780029296875,2257.02001953125,2265.199951171875,3155240000,-0.28200680635709097,-0.8228010733123121,-0.1026822656773243,-0.17952331578186745,-0.1633906656224881,-0.20254669593059582,0.10727917608975705,0.22246623952612385,-0.2987643453399221,-0.9816856822999077,0.0,1.0
2017-01-24,2267.8798828125,2284.6298828125,2266.679931640625,2280.070068359375,3816950000,0.5451273004298227,-0.012763960245731001,0.4563522875255993,0.29681110423580304,0.0890708649640076,0.15696340999520275,0.11790026916006992,0.20379980954526,-0.21461439017058723,-0.8969090027346379,0.0,1.0
2017-01-25,2288.8798828125,2299.550048828125,2288.8798828125,2298.3701171875,3849340000,0.675747584175853,0.023188255089590406,0.9976279406753291,0.7928401473637529,0.3893081298504243,0.5404133645078284,0.1723618004719305,0.20060076964707352,-0.04169495386458169,-0.7830896573973778,0.0,1.0
2017-01-26,2298.6298828125,2300.989990234375,2294.080078125,2296.679931640625,3611510000,-0.1073032287093214,-0.2481573940180227,0.9083366381426508,0.47455983055387474,0.3331608596068255,0.3955560021505999,0.2060510826133032,0.20530012069019,0.04660600072401144,-0.7820077536492169,0.0,1.0
2017-01-27,2299.02001953125,2299.02001953125,2291.6201171875,2294.68994140625,3137420000,-0.11901836778204504,-0.8468985717903178,0.7989106432480735,0.21998808712348014,0.25613269226509267,0.2663728574890271,0.22226452733898575,0.2125528974976246,0.0751523127685773,-0.7954055170248993,0.0,1.0
2017-01-30,2286.010009765625,2286.010009765625,2268.0400390625,2280.89990234375,3595040000,-0.5786775804847093,-0.2676049181443623,0.09579717882011646,-0.4232441996068561,-0.02221187156947581,-0.11849710301286076,0.192430745998387,0.2119272296222089,-0.012925650368348782,-0.7099933695931453,0.0,1.0
2017-01-31,2274.02001953125,2279.090087890625,2267.2099609375,2278.8701171875,4089730000,-0.12111343703160309,0.28092534048807016,-0.00013178012948802335,-0.49124643210585045,-0.09519950554596839,-0.16899966436772446,0.15892213310961484,0.20420703876870827,-0.09223967216989225,-0.7280335069140246,0.0,1.0
2017-02-01,2285.590087890625,2289.139892578125,2272.43994140625,2279.550048828125,3919190000,-0.014912719673618863,0.09970150252805059,0.02705354403671434,-0.3229044853234714,-0.10256694102945274,-0.14833284398887717,0.1303037645546249,0.19186486564319816,-0.1439116455810579,-0.7314500224814662,0.0,1.0
2017-02-02,2276.68994140625,2283.969970703125,2271.64990234375,2280.85009765625,3809760000,0.009392259771141985,-0.020786080240888183,0.08187795750862695,-0.15314525348211933,-0.08822211613710076,-0.1163362862954202,0.10753354942660454,0.17708513078263802,-0.17116264260983205,-0.7653949659616232,0.0,1.0
2017-02-03,2288.5400390625,2298.31005859375,2287.8798828125,2297.419921875,3605970000,0.607704018734577,-0.25468902482465267,0.7053110426984072,0.4570621057606495,0.1851435634139492,0.2675302273811729,0.1312348142498656,0.17036794018807447,-0.08102651736723301,-0.7004139673952852,0.0,1.0
2017-02-06,2294.280029296875,2296.179931640625,2288.570068359375,2292.56005859375,3112390000,-0.230637331076819,-0.8809781118428283,0.43403848593777994,0.18293378637266317,0.08328670989009966,0.09140443764162046,0.13265133981150615,0.16529938769452301,-0.06259538130770555,-0.7079725792785,0.0,1.0
2017-02-07,2295.8701171875,2299.39990234375,2290.159912109375,2293.080078125,3452460000,-0.02130604900858227,-0.43978390862032696,0.45357985504113274,0.09439589805269599,0.07073177211672939,0.06812243229039125,0.1312593841377628,0.16094463946557366,-0.054615325822710996,-0.7691450432755825,0.0,1.0
2017-02-08,2289.550048828125,2295.909912109375,2285.3798828125,2294.669921875,3611950000,0.020386460657961666,-0.24763906589554704,0.5164244817969574,0.039759505224817075,0.07603068712073688,0.07337878889247544,0.13059958400106236,0.15731868249476258,-0.046467721548920544,-0.907191812551582,0.0,1.0
2017-02-09,2296.699951171875,2311.080078125,2296.610107421875,2307.8701171875,3681600000,0.47255114017316935,-0.16637608929254855,0.9925000019494894,0.33461719956343255,0.2842803757813426,0.34807477657767194,0.16217431805654448,0.1612209062389454,0.03769442595548612,-0.8341016218879954,0.0,1.0
2017-02-10,2312.27001953125,2319.22998046875,2311.10009765625,2316.10009765625,3496600000,0.27713452936100713,-0.38573219388295144,1.2449389100678792,0.5037965067785041,0.3908293877109607,0.463940415498168,0.2050938688262795,0.17358999179998885,0.13235066497360393,-0.8215471584362201,0.0,1.0
2017-02-13,2321.719970703125,2331.580078125,2321.419921875,2328.25,3352370000,0.42726505451418484,-0.5649544409205236,1.5688774922499598,0.6908446372731409,0.560351029838313,0.6520401305791009,0.26709960962123536,0.19684481512954333,0.2540490011922046,-0.9238063552685384,0.0,1.0
2017-02-14,2326.1201171875,2337.580078125,2322.169921875,2337.580078125,3528040000,0.3165740800571822,-0.3476467753344295,1.783991013774118,0.7040545117552398,0.6641395160207146,0.7446891825381391,0.3356645919511259,0.2302214614832949,0.3672070661519489,-0.9437907126701581,0.0,1.0
2017-02-15,2335.580078125,2351.300048828125,2334.81005859375,2349.25,3785870000,0.4046054325528301,-0.047550088086993826,2.0196057864394517,0.7285763019535888,0.8025014251860698,0.8759586163396779,0.41496634751209116,0.27400887643354915,0.4835954308079653,-0.9474807413329183,0.0,1.0
2017-02-16,2349.639892578125,2351.31005859375,2338.8701171875,2347.219970703125,3675900000,-0.11880870845929722,-0.17296846635464927,1.8825903589161739,0.3573045533435682,0.6897720082004187,0.6712213704790094,0.4644261010490043,0.3196952457379705,0.5048250057225562,-0.9231587247541229,0.0,1.0
2017-02-17,2343.010009765625,2351.159912109375,2339.580078125,2351.159912109375,3516830000,0.1084410862206783,-0.3611871400847453,1.9655553860955304,0.24199078320252115,0.6873558779817364,0.63567947844785,0.5062177008768944,0.3652486231124347,0.5033382074043848,-0.9827413297722486,0.0,1.0
2017-02-21,2354.909912109375,2366.7099609375,2354.909912109375,2365.3798828125,3587520000,0.4989630115865906,-0.27651406472782125,2.2340206592069642,0.49238144504569686,0.8495651367403604,0.840476438660024,0.5695517517720705,0.41533707325893676,0.5540385662338775,-1.0224262127302566,0.0,1.0
2017-02-22,2361.110107421875,2365.1298828125,2358.340087890625,2362.820068359375,3473170000,-0.13829964732700553,-0.4143379113970657,2.0534947623078526,0.21027857834891084,0.7286826637497633,0.6295993087711577,0.6032951810927175,0.46267808271262467,0.5233232423591884,-0.992781127352897,0.0,1.0
2017-02-23,2367.5,2368.260009765625,2355.090087890625,2363.81005859375,4021770000,-0.004132101072300214,0.20963023309479573,2.0734939797803174,0.13905314600092034,0.6869085743302239,0.5328193496243724,0.623148393760187,0.5048283987899357,0.46529329885335685,-0.9886337073954731,0.0,1.0
2017-02-24,2355.72998046875,2367.340087890625,2352.8701171875,2367.340087890625,3832410000,0.09188964813713729,0.004434214137972026,2.1465823489554414,0.1205075606601322,0.68556112743021,0.5089099577331617,0.6388176382546358,0.5419246960160512,0.4087913236553964,-1.0119131796834289,0.0,1.0
2017-02-27,2365.22998046875,2371.5400390625,2361.8701171875,2369.75,3584680000,0.04940278578197279,-0.27988354826648426,2.1968425073327813,0.0721246881791771,0.6604201099813931,0.46319341890514587,0.6479764941875088,0.5735750710542864,0.3479080207929891,-1.0097337575228709,0.0,1.0
2017-02-28,2366.080078125,2367.7900390625,2358.9599609375,2363.639892578125,4212460000,-0.27201937156513223,0.4067272034969152,1.7002856884139113,-0.13967336386865428,0.47792442508172706,0.23143698602112647,0.6287020504534014,0.5947425622391154,0.23071343546844422,-0.9816605629792549,0.0,1.0
2017-03-01,2380.1298828125,2400.97998046875,2380.1298828125,2395.9599609375,4347630000,1.180512626494957,0.5411074555516657,2.347828411062402,0.8023356499578063,0.9427006736956944,0.9051733489078517,0.6921429346378397,0.6253453213863226,0.33619608048674077,-0.6842382349482524,0.0,1.0
2017-03-02,2394.75,2394.75,2380.169921875,2381.919921875,3824030000,-0.5653015512862829,-0.0048793235511228605,1.4936357613176785,0.15453509741980886,0.6034016888949032,0.4259763530916767,0.6932743918602314,0.6500713087906408,0.2704960463085402,-0.5976672811785534,0.0,1.0
2017-03-03,2380.919921875,2383.889892578125,2375.389892578125,2383.1201171875,3556670000,0.0034549336224421593,-0.31325940212908393,1.5201977764908856,0.08274229059694069,0.5330688854489499,0.3655878796505416,0.6871245937147776,0.6685270832433305,0.20039749165138077,-0.6048561182838521,0.0,1.0
2017-03-06,2375.22998046875,2378.800048828125,2367.97998046875,2375.31005859375,3251800000,-0.33447990406401007,-0.6945473229216677,1.070588235489645,-0.24331121741133188,0.3268937796992331,0.1116947331955209,0.6507754683523294,0.6754600386898705,0.07157683370268962,-0.5723546730977679,0.0,1.0
2017-03-07,2370.739990234375,2375.1201171875,2365.510009765625,2368.389892578125,3526300000,-0.3019595334463435,-0.34974566803534074,0.6963001826456914,-0.5306764348993506,0.1387781199269198,-0.08277460210148425,0.593606257327613,0.6686889111119961,-0.08162951197073555,-0.5999099785441148,0.0,1.0
2017-03-08,2369.81005859375,2373.090087890625,2361.010009765625,2362.97998046875,3814080000,-0.24572891498287378,-0.015964300278628833,0.41554439142691907,-0.488511370655085,-0.017167831607211553,-0.21326060932047683,0.524893930963997,0.648467475094168,-0.23199875598324474,-0.5931729736680429,0.0,1.0
2017-03-09,2363.489990234375,2369.080078125,2354.5400390625,2364.8701171875,3718450000,0.029911347000062122,-0.12400166647773705,0.481169375060838,-0.294723379225725,-0.04562916965068325,-0.15907333149218714,0.4678230778596234,0.6199940262218405,-0.3242530667339645,-0.5924847346314285,0.0,1.0
2017-03-10,2372.52001953125,2376.860107421875,2363.0400390625,2372.60009765625,3434400000,0.25055640419761765,-0.4620988039887084,0.7436036096557441,0.06607099092138914,0.032451127597417605,0.018402171960658575,0.43644462725932814,0.5904545683968583,-0.33617063435234606,-0.5800297996083246,0.0,1.0
2017-03-13,2371.56005859375,2374.419921875,2368.52001953125,2373.469970703125,3166650000,-0.00881119577977337,-0.8074430066307987,0.7727579536414497,0.11154080111694034,-0.0025441487849478346,0.01386993929790134,0.4068503784536778,0.5604467217150294,-0.34140704053755394,-0.581024330115119,0.0,1.0
2017-03-14,2368.550048828125,2368.550048828125,2358.179931640625,2365.449951171875,3173760000,-0.3435769872468015,-0.7979007782130119,0.30408837589668897,-0.16134323432669406,-0.1743589849563323,-0.19020828925320982,0.35475468380683983,0.5252160757423912,-0.39979591574395235,-0.5732963268895841,0.0,1.0
2017-03-15,2370.340087890625,2390.010009765625,2368.93994140625,2385.260009765625,3909490000,0.7069090332747032,0.08915810011096233,0.9630077553351505,0.40161838227061586,0.12816664498559338,0.2637436045294913,0.36149668612100044,0.49848416881567836,-0.3047833016391899,-0.7832319242976007,0.0,1.0
2017-03-16,2387.7099609375,2388.10009765625,2377.179931640625,2381.3798828125,3368880000,-0.1869648660622916,-0.5440520837226674,0.748094636135153,0.13807032584172443,0.03278676472331117,0.11440903093013208,0.3496730358206593,0.4745511581051494,-0.27349272492298193,-0.8481625546758125,0.0,1.0
2017-03-17,2383.7099609375,2385.7099609375,2377.639892578125,2378.25,5179820000,-0.15904473487633225,1.2862705249594995,0.5737181690995726,-0.017881501673492374,-0.048501374145884825,0.005111427137389532,0.3254837850009891,0.45019301237004183,-0.2782455699996978,-0.8456687327040435,0.0,1.0
2017-03-20,2378.239990234375,2379.550048828125,2369.659912109375,2373.469970703125,3061560000,-0.22121160741143853,-0.9510371518773221,0.3090667480237425,-0.1927641500893746,-0.15071659025019585,-0.12438219076453616,0.287383239807175,0.4224974764560628,-0.3155563008585495,-0.8604826375843779,0.0,1.0
2017-03-21,2379.320068359375,2381.929931640625,2341.89990234375,2344.02001953125,4278890000,-1.1505328200795668,0.4732995305993327,-0.9586502389556532,-1.115296363336869,-0.6427523275312949,-0.7897804546249785,0.17155993266249703,0.3753861353501908,-0.5326174903199439,-0.602608942456712,0.0,1.0
2017-03-22,2343.0,2351.81005859375,2336.449951171875,2348.449951171875,3575160000,0.12732855168332471,-0.2911979411404142,-0.7725825092483177,-0.6849969000379942,-0.5536152224878862,-0.5903293560627129,0.08852962728893911,0.31980762340421187,-0.6272771840983844,-0.5944224129012695,0.0,1.0
2017-03-23,2345.969970703125,2358.919921875,2342.1298828125,2345.9599609375,3262400000,-0.13633962535926708,-0.6807007426361349,-0.8654298240825967,-0.5174259620529098,-0.5814757874909625,-0.5774635643494062,0.013272223815162543,0.25913009890332195,-0.6842821714944121,-0.5977717886257842,0.0,1.0
2017-03-24,2350.419921875,2356.219970703125,2335.739990234375,2343.97998046875,2978530000,-0.11701030176419286,-1.0680184277398472,-0.9417103067787137,-0.33846143915402277,-0.5957753446691672,-0.55507636751506,-0.05364722155733248,0.19616983364375154,-0.7098023299124662,-0.6272229186124838,0.0,1.0
2017-03-27,2329.110107421875,2344.89990234375,2322.25,2341.590087890625,3242300000,-0.13270368090106527,-0.7069954012100748,-1.0366951848934365,-0.191361959331238,-0.6130853711619777,-0.5454317513184345,-0.1143890103849645,0.1327143935279682,-0.7153381932062454,-0.6315596139703327,0.0,1.0
2017-03-28,2339.7900390625,2363.780029296875,2337.6298828125,2358.570068359375,3369120000,0.6065167931262672,-0.543748989538552,-0.2644941819266689,0.32992101226158155,-0.3138065863223749,-0.09842185431531625,-0.11679030991953622,0.0814326652616862,-0.5792408051197397,-0.5400196097325107,0.0,1.0
2017-03-29,2356.5400390625,2363.360107421875,2352.93994140625,2361.1298828125,3107670000,0.05542140238969758,-0.8874353213241312,-0.16100532854152136,0.33036859269876495,-0.23915327547392368,-0.046610881630649165,-0.11276969094975912,0.04127355211165793,-0.45489427180865044,-0.6654675405246037,0.0,1.0
2017-03-30,2361.31005859375,2370.419921875,2358.580078125,2368.06005859375,3159680000,0.2207446849253056,-0.8168181621206312,0.11383410278925273,0.42231131225245266,-0.1066329770391495,0.0959661339654109,-0.09184852434075037,0.013653867982566003,-0.31470830725294563,-0.6431025206306044,0.0,1.0
2017-03-31,2364.820068359375,2370.35009765625,2362.60009765625,2362.719970703125,3356740000,-0.2431220740123532,-0.5594118356075547,-0.14978619527069598,0.08644082226027423,-0.181753472678242,-0.06080306026155417,-0.0913771181086955,-0.008340311669914108,-0.25181734388854055,-0.6393403707488742,0.0,1.0
2017-04-03,2362.340087890625,2365.8701171875,2344.72998046875,2358.840087890625,3418730000,-0.18834259547290252,-0.48155590577934015,-0.3376200953621013,-0.1836544895747233,-0.23494222820398877,-0.16040148672634086,-0.10295200795094278,-0.028429543443282735,-0.23052076368415375,-0.6408246167045334,0.0,1.0
2017-04-04,2354.760009765625,2360.530029296875,2350.719970703125,2360.159912109375,3208340000,0.008428192073126221,-0.7517941883650109,-0.27642989203014934,-0.1467592775796574,-0.20482382821886208,-0.12712826220267695,-0.10965697100319267,-0.04594555835468776,-0.2017531948257081,-0.9736255058395225,0.0,1.0
2017-04-05,2366.590087890625,2378.360107421875,2350.52001953125,2352.949951171875,3780650000,-0.3146048754584472,-0.05342054297961556,-0.6350599403847658,-0.3521417942342894,-0.32160753513990537,-0.2918754462438293,-0.13572487207128503,-0.06557487531188623,-0.22537909399483808,-0.9443784575172389,0.0,1.0
2017-04-06,2353.7900390625,2364.159912109375,2348.89990234375,2357.489990234375,3203250000,0.13086982743594283,-0.7585495639280505,-0.40615172045647113,-0.10705466241723156,-0.2361667052860942,-0.16553337911736052,-0.1446319825171184,-0.083197425872603,-0.20294422216302963,-0.9428850341016787,0.0,1.0
2017-04-07,2356.590087890625,2363.760009765625,2350.739990234375,2355.5400390625,3054700000,-0.11550294614456678,-0.9605812682647584,-0.507755819666959,-0.12603748534497167,-0.2552976984198214,-0.20542709573781423,-0.15768623284245986,-0.1001080925621041,-0.19498563593303497,-0.9430100214290621,0.0,1.0
2017-04-10,2357.159912109375,2366.3701171875,2351.5,2357.159912109375,2792570000,0.01988275580539906,-1.3423076115885215,-0.4194819180109795,-0.05387569431947474,-0.21290013898956886,-0.1584191857324092,-0.16410846177611785,-0.11502033843444515,-0.17264406444887642,-0.9501728459758845,0.0,1.0
2017-04-11,2353.919921875,2355.219970703125,2337.25,2353.780029296875,3120900000,-0.16973073076848744,-0.8693606871737993,-0.610676046397489,-0.13153806391288753,-0.26164352977261746,-0.23178230089900487,-0.17889234684115327,-0.13013542283865664,-0.1749117207505983,-1.1096807636711998,0.0,1.0
2017-04-12,2352.14990234375,2352.719970703125,2341.179931640625,2344.929931640625,3201300000,-0.37762179578984306,-0.7611404205039382,-1.0719592539078668,-0.3992732168769983,-0.3809149350486245,-0.4178741450022003,-0.21497239762844633,-0.1500011805463903,-0.22802241009947954,-1.0740761658670066,0.0,1.0
2017-04-13,2341.97998046875,2348.260009765625,2328.949951171875,2328.949951171875,3146380000,-0.6506373727336247,-0.8347651493639314,-1.735708041493088,-0.7804713339373645,-0.6144067828843292,-0.7377918851969801,-0.28676456311799425,-0.18136189277125614,-0.3565315538425971,-1.0203294658285678,0.0,1.0
2017-04-17,2332.6201171875,2349.139892578125,2332.510009765625,2349.010009765625,2826890000,0.7282333999071633,-1.2903372830218591,-0.6586768258144963,0.010827206698741673,-0.23866220336696678,-0.19041118971625934,-0.28746193119613117,-0.20660071520505613,-0.2880911947296425,-0.7819251862456168,0.0,1.0
2017-04-18,2342.530029296875,2348.35009765625,2334.5400390625,2342.18994140625,3272210000,-0.30106633500535074,-0.6679261509288695,-0.934781045452527,-0.13101804222412608,-0.3306055078600167,-0.33723075249822265,-0.30573379265817663,-0.23072856888819288,-0.2756709939658808,-0.7734701163635278,0.0,1.0
2017-04-19,2346.7900390625,2352.6298828125,2335.050048828125,2338.169921875,3521160000,-0.19497642513059993,-0.3559518991490228,-1.0922856190799104,-0.164457462976921,-0.39580344671722156,-0.3980582671655814,-0.32993282352847764,-0.2552446961792298,-0.2800117426669679,-0.7756585700519932,0.0,1.0
2017-04-20,2342.68994140625,2361.3701171875,2340.909912109375,2355.840087890625,3648990000,0.6338464809573231,-0.20423011749098616,-0.2956717301957889,0.41048535104040224,-0.09330540781377204,0.043338232060719954,-0.29936575933294746,-0.26827171795600024,-0.15156798851272588,-0.669746707363165,0.0,1.0
2017-04-21,2354.739990234375,2356.179931640625,2344.510009765625,2348.68994140625,3524160000,-0.312836312783696,-0.35232848542328754,-0.5929457412469861,-0.0015522052164539226,-0.22069197741780577,-0.14694856096410608,-0.2939069335432421,-0.2775171945590524,-0.10929177666898424,-0.6621862549585942,0.0,1.0
2017-04-24,2370.330078125,2376.97998046875,2369.18994140625,2374.14990234375,3711170000,0.9272449741479656,-0.1323396740363805,0.3088747098596962,0.7537548014833158,0.19778750907064369,0.4316812673061358,-0.21927683171228313,-0.26883401726543554,0.09114363673728526,-0.4891137337237854,0.0,1.0
2017-04-25,2381.510009765625,2392.47998046875,2381.14990234375,2388.610107421875,4005820000,0.5027722624535492,0.19272296483625687,0.7040599534728769,0.9411393891649995,0.4087693775890481,0.6699946523327014,-0.12129191298377971,-0.24077596410185562,0.3077472522163425,-0.454655578268508,0.0,1.0
2017-04-26,2388.97998046875,2398.159912109375,2386.780029296875,2387.449951171875,4111350000,-0.0849881674400739,0.3033581162496009,0.6520863689250241,0.5328996671046309,0.36299670393888167,0.5181895717537384,-0.048711606854830614,-0.20269160529811628,0.41983746978121694,-0.46070313488768866,0.0,1.0
2017-04-27,2389.699951171875,2392.10009765625,2382.679931640625,2388.77001953125,4099940000,0.007838076277323079,0.2915339125926764,0.6892469839789471,0.3386262826860934,0.36160876524340757,0.4460442722099612,0.009899529563411192,-0.15959595377290073,0.4758617833809972,-0.49975111689398943,0.0,1.0
2017-04-28,2393.679931640625,2393.679931640625,2382.360107421875,2384.199951171875,3721350000,-0.2125649584200733,-0.1206847531230761,0.46442821250477645,-0.088223133522506,0.2677279312531732,0.25273347238675103,0.04083990249063727,-0.11845312061367576,0.454030029655895,-0.5949207221260122,0.0,1.0
2017-05-01,2388.5,2394.489990234375,2384.830078125,2388.330078125,3201500000,0.11324352406773741,-0.7608746190040225,0.5960594661667361,-0.04107085946535232,0.3171252113216248,0.2850776652692201,0.07346771352163252,-0.07850897223152092,0.4406291976569857,-0.6670632134602847,0.0,1.0
2017-05-02,2391.050048828125,2392.929931640625,2385.820068359375,2391.169921875,3861360000,0.06469177123042195,0.03645328949998258,0.6873515027332341,0.04369029488558787,0.33808879466690145,0.2833228544700285,0.10352805571547695,-0.04007695014118803,0.4237242108035034,-0.7071265477515795,0.0,1.0
2017-05-03,2386.5,2389.820068359375,2379.75,2388.1298828125,3896760000,-0.15520572703703153,0.07528147994848045,0.517739103571807,-0.0719620612329217,0.2605863337706504,0.14997711418833945,0.11520391142138207,-0.006815690641526704,0.3659170857700126,-0.7130488707342719,0.0,1.0
2017-05-04,2389.7900390625,2391.429931640625,2380.35009765625,2389.52001953125,4367860000,0.010446272558334644,0.5608590528116586,0.5684148806491868,-0.026808939408461487,0.25263962707586984,0.1366393483141864,0.12442093060927632,0.02177918588096083,0.31374872965513556,-0.7752699769239232,0.0,1.0
2017-05-05,2392.3701171875,2399.2900390625,2389.3798828125,2399.2900390625,3543240000,0.32384559491526044,-0.3293555167093207,0.9086712304528273,0.2186624672052034,0.3856413665122314,0.31285830269805265,0.15445261134297048,0.05112561517874246,0.3221507988835836,-0.8129805594354309,0.0,1.0
2017-05-08,2399.93994140625,2401.360107421875,2393.919921875,2399.3798828125,3429990000,-0.038232043704811855,-0.4675656150824974,0.9117019070848243,0.14136933557270293,0.3486624074305277,0.24507258615986394,0.1740586977735578,0.07882702211753179,0.3037600854207934,-1.0346593375135311,0.0,1.0
2017-05-09,2401.580078125,2403.8701171875,2392.43994140625,2396.919921875,3657840000,-0.13320964470532537,-0.19392360230096017,0.7463787295601604,0.010178790251934874,0.271127793820881,0.13089242210665247,0.1783216006181379,0.10190661882580128,0.2520900353669138,-1.1401437149855727,0.0,1.0
2017-05-10,2396.7900390625,2399.739990234375,2392.7900390625,2399.6298828125,3649370000,0.05946796949785188,-0.20378706448937042,0.8513242286243919,0.02497218525690148,0.27793841022681487,0.14984540335491067,0.18460970756453488,0.12172511122678638,0.21563215103500924,-1.141832770545154,0.0,1.0
2017-05-11,2394.840087890625,2395.719970703125,2381.739990234375,2394.43994140625,3727710000,-0.23487833341817305,-0.11341946040642627,0.48826480196575556,-0.1989534650596595,0.14486469594739923,-0.010402423195514396,0.1708752902434215,0.1346207323419002,0.13823712873499103,-1.1121491795985656,0.0,1.0
2017-05-12,2392.43994140625,2392.43994140625,2387.18994140625,2390.89990234375,3304620000,-0.17371343472532252,-0.6259924398930862,0.24930891996417306,-0.2666117531385025,0.02978205686515564,-0.10907609878031732,0.14610836880567774,0.13960102903813895,0.04974686441923406,-1.1197275279322163,0.0,1.0
2017-05-15,2393.97998046875,2404.050048828125,2393.93994140625,2402.320068359375,3490080000,0.38531887822832267,-0.3936731763513712,0.744516154475249,0.12642118606355782,0.18065817338149134,0.14116704872603464,0.15376611153638162,0.14523517869295371,0.05705668749989755,-1.0506089341166214,0.0,1.0
2017-05-16,2404.550048828125,2405.77001953125,2396.050048828125,2400.669921875,3421810000,-0.10296970128431468,-0.4777245037327844,0.6295592549173122,0.039309907326616,0.1013909909788209,0.06128652584299161,0.15110683423039264,0.14916953919307988,0.03805370245221338,-1.047329340073813,0.0,1.0
2017-05-17,2382.949951171875,2384.8701171875,2356.2099609375,2357.030029296875,4164760000,-1.6662441927326825,0.35827422048693175,-1.4055630573671047,-1.238572471461028,-0.6668980502885341,-0.9440694851202116,0.025917765480406134,0.12534419873911934,-0.2722890131155472,-0.43825498753876124,0.0,1.0
2017-05-18,2354.68994140625,2375.739990234375,2352.719970703125,2365.719970703125,4319440000,0.2879281026260401,0.5134302862076251,-1.0139817697148454,-0.7147566050897601,-0.5256029249353346,-0.6265914227574196,-0.05117655077707464,0.08967343618861061,-0.4047162487896376,-0.41162628334799056,0.0,1.0
2017-05-19,2371.3701171875,2389.06005859375,2370.429931640625,2381.72998046875,3831700000,0.5632619122038014,0.003645909669399345,-0.38434628943879834,-0.06370631703292236,-0.2781791337515135,-0.19321608142010072,-0.06975446789999809,0.057134088656623665,-0.3697082405252455,-0.3690507008396839,0.0,1.0
2017-05-22,2387.2099609375,2395.4599609375,2386.919921875,2394.02001953125,3176580000,0.4196044291995514,-0.7941220163254429,0.027628232153451823,0.44601880485313283,-0.08374236844815364,0.09015322760482826,-0.05241627337400264,0.03483824153122125,-0.25518986951120554,-0.3309202377474719,0.0,1.0
2017-05-23,2397.0400390625,2400.85009765625,2393.8798828125,2398.419921875,3216560000,0.12267979649733667,-0.7409073180454153,0.1664230230599602,0.6233603336313741,-0.016499935929969914,0.1531964238330711,-0.028647200599285248,0.02212277080506856,-0.14808496831569243,-0.32774547009583943,0.0,1.0
2017-05-24,2401.409912109375,2405.580078125,2397.989990234375,2404.389892578125,3389240000,0.18088522563065818,-0.5184160664003049,0.3525628962223793,0.49312594865056275,0.07155411916608416,0.24137077447948277,0.00416992612697113,0.01902106542178206,-0.040606791649776736,-0.32239024744966616,0.0,1.0
2017-05-25,2409.5400390625,2418.7099609375,2408.010009765625,2415.070068359375,3538210000,0.3554173366525769,-0.3353997780334659,0.6643671976088146,0.5201683571019091,0.2324008211093948,0.42048386701195073,0.05654346726587593,0.027823933642211886,0.09248173498688053,-0.3132084122100691,0.0,1.0
2017-05-26,2414.5,2416.679931640625,2412.199951171875,2415.820068359375,2806930000,-0.013823559032588535,-1.320485161403475,0.6857820339213151,0.2991402046577493,0.2178651067794531,0.3505763334871836,0.09656942296322937,0.04349009021804903,0.16921064317881582,-0.31977581098671487,0.0,1.0
2017-05-30,2411.669921875,2415.260009765625,2409.429931640625,2412.909912109375,3205860000,-0.14924124771843425,-0.7550842692334172,0.5380491380987983,0.05717175448932244,0.14660631209182912,0.21028845496857362,0.11648649666538445,0.0603142832835367,0.18215704305247113,-0.33438332706596885,0.0,1.0
2017-05-31,2415.6298828125,2415.989990234375,2403.590087890625,2411.800048828125,4518040000,-0.08268814792100863,0.7046890269349033,0.479598150389755,-0.07945937398771537,0.10972453597580652,0.1318109510106579,0.12532992538171156,0.07567901407293717,0.16584081951754392,-0.334953864541453,0.0,1.0
2017-06-01,2415.64990234375,2430.06005859375,2413.5400390625,2430.06005859375,3860620000,0.6350842431077293,0.03563783371802683,1.0365233065893578,0.3927635251571874,0.38662854492872356,0.49475731675254947,0.17820487247623093,0.0993630625250012,0.2588475719811997,-0.9486777789339256,0.0,1.0
2017-06-02,2431.280029296875,2440.22998046875,2427.7099609375,2439.070068359375,3465500000,0.28979719008439786,-0.42374416482432997,1.2659984123209505,0.542996944668085,0.4979532543810632,0.5956243988650661,0.23975653971502797,0.1315720229584529,0.35415278937730066,-0.948602772440793,0.0,1.0
2017-06-05,2437.830078125,2439.550048828125,2434.320068359375,2436.10009765625,2916720000,-0.1504067421895281,-1.157239984994671,1.0989986123887974,0.2901309855996264,0.41511379167743967,0.41614637063309246,0.2747436525233647,0.1648774006337113,0.3664103099024821,-0.9536742860525206,0.0,1.0
2017-06-06,2431.919921875,2436.2099609375,2428.1201171875,2429.330078125,3376750000,-0.2899535420113556,-0.5341243577560598,0.7248062280545927,-0.07024657637850404,0.27333992313936256,0.18103196877570818,0.27815926494013754,0.19225761949627507,0.300169327006332,-0.9240484655125332,0.0,1.0
2017-06-07,2432.030029296875,2435.280029296875,2424.75,2433.139892578125,3576220000,0.09858316185381347,-0.2899366557053295,0.8427051790188499,-0.08662121465035337,0.307174833329068,0.21566290017866394,0.28564432812339013,0.21577450191149125,0.2569787203710233,-0.9244045735754415,0.0,1.0
2017-06-08,2434.27001953125,2439.27001953125,2427.93994140625,2433.7900390625,3735980000,-0.017697512573746788,-0.10399081154572061,0.8634498001680732,-0.09004072911377367,0.2887732503207052,0.17529328699956354,0.28761818097201586,0.235013287747099,0.2091512559407415,-0.9249581676664275,0.0,1.0
2017-06-09,2436.389892578125,2446.199951171875,2415.699951171875,2431.77001953125,4029860000,-0.11575847020358744,0.2181801565418847,0.7379244932470469,-0.11006778176907148,0.22209395599827697,0.08244563752981658,0.27797194620348764,0.24832597010232024,0.14289971202531776,-0.949577673108273,0.0,1.0
2017-06-12,2425.8798828125,2430.3798828125,2419.969970703125,2429.389892578125,4031840000,-0.12905503935855858,0.22027010672443503,0.5862558414725322,-0.1472133825755868,0.14838038811157162,-0.003928516089574684,0.25834981920806394,0.2547483964380979,0.06586931578409239,-0.9426167725498407,0.0,1.0
2017-06-13,2434.14990234375,2441.489990234375,2431.280029296875,2440.35009765625,3278240000,0.361633927949258,-0.6600928706406494,0.9835085221666108,0.1657163438470257,0.30248998552213974,0.2162582204567405,0.2675052839768872,0.2618589441149059,0.07356224612108314,-0.9177412416886839,0.0,1.0
2017-06-14,2443.75,2443.75,2428.340087890625,2437.919921875,3558640000,-0.13058044601922905,-0.310903432005008,0.8225613914976587,0.044681015335521476,0.22904266989555866,0.10814803041404926,0.26259666296186995,0.26648978676603097,0.045840103409593796,-0.9125713198375346,0.0,1.0
2017-06-15,2424.139892578125,2433.949951171875,2418.530029296875,2432.4599609375,3371980000,-0.24174129953159568,-0.5401387779385134,0.46710378341362163,-0.1408349469788299,0.07149905283746853,-0.049696461589617,0.23846498391326715,0.2649951279464568,-0.022640632884190832,-1.0338106427402454,0.0,1.0
2017-06-16,2431.239990234375,2433.14990234375,2422.8798828125,2433.14990234375,5299380000,-0.016228677934681753,1.3833604107886777,0.49636768430945527,-0.1260419514360238,0.02565032473506111,-0.04816346093555977,0.2163140344105498,0.2590268294845434,-0.07265419309405799,-1.0866221865281593,0.0,1.0
2017-06-19,2442.550048828125,2453.820068359375,2441.7900390625,2453.4599609375,3271480000,0.704449082262651,-0.6688754378836569,1.2242032392897888,0.4264308962222101,0.30885168864901263,0.3831530393520713,0.24945784437404925,0.2613932480185252,0.020524717956640785,-0.8900524829234602,0.0,1.0
2017-06-20,2450.659912109375,2450.659912109375,2436.60009765625,2437.030029296875,3422700000,-0.6400861213931675,-0.4766180200481086,0.27561907348088616,-0.13557296398619056,-0.0062434660993212375,-0.05725197344721959,0.22538153981987466,0.2580989807133811,-0.0427595594278972,-0.7958115685778989,0.0,1.0
2017-06-21,2439.31005859375,2442.22998046875,2430.739990234375,2435.610107421875,3599190000,-0.09365219444794455,-0.2626962780031957,0.20198015462869004,-0.16974780147515847,-0.06186122768727287,-0.10081181406702347,0.19767093780533937,0.24949313084762123,-0.10214099723770245,-0.7983285349320287,0.0,1.0
2017-06-22,2437.39990234375,2441.6201171875,2433.27001953125,2434.5,3477250000,-0.08231396183252372,-0.4093427844280271,0.1415742325435627,-0.22386166172484168,-0.1061604438523303,-0.13087310950937753,0.16827339155557353,0.23627455142495252,-0.15370952887420833,-0.7978177441391854,0.0,1.0
2017-06-23,2434.64990234375,2441.39990234375,2431.110107421875,2438.300048828125,5282460000,0.09792700158366445,1.3697542090460697,0.3010230617740335,-0.12507112357410052,-0.061584438747102344,-0.048724181474320914,0.15127577611256596,0.222037437046155,-0.16509635558060892,-0.7956990532100412,0.0,1.0
2017-06-26,2443.320068359375,2450.419921875,2437.030029296875,2439.070068359375,3243660000,-0.013354183131444526,-0.7052111252813201,0.33407367898020696,0.005038820076256733,-0.06826439567498538,-0.0456236703961423,0.1359261194840351,0.2073405585391397,-0.17023634063692283,-0.7993795355136755,0.0,1.0
2017-06-27,2436.340087890625,2440.14990234375,2419.3798828125,2419.3798828125,3564770000,-0.7630819371336968,-0.30358075281499236,-0.7111809715392264,-0.5723315449859391,-0.40639026390942046,-0.4914973242209769,0.06626171223249594,0.18057338953201574,-0.30517751805418225,-0.7212665799505437,0.0,1.0
2017-06-28,2428.699951171875,2442.969970703125,2428.02001953125,2440.68994140625,3479980000,0.7456361370266286,-0.40600372863264506,0.169640826849282,0.15278309727562434,-0.07083407981876394,0.03004262886533335,0.06661618417089611,0.15923602769520173,-0.24447437485280626,-0.5787456916947197,0.0,1.0
2017-06-29,2442.3798828125,2442.72998046875,2405.699951171875,2419.699951171875,3869560000,-0.8101999288996514,0.045478975154246246,-0.6784333108971753,-0.49175870058521837,-0.4165387024966729,-0.456119803834985,0.006501770848954173,0.12921408259992556,-0.3415646553447755,-0.48106942906530137,0.0,1.0
2017-06-30,2429.199951171875,2432.7099609375,2421.64990234375,2423.409912109375,3366030000,0.09545278925490402,-0.547652978717902,-0.5356682249916043,-0.25279363784625064,-0.34072004379541826,-0.3259105588685418,-0.03296382215138941,0.09669339844510048,-0.36949959119002185,-0.47637082967407174,0.0,1.0
2017-07-03,2431.389892578125,2439.169921875,2428.68994140625,2429.010009765625,1901480000,0.16495043795007613,-2.977509646707432,-0.32137498196447273,0.019852517715239326,-0.2401395337393339,-0.1741076185663531,-0.05064872014302566,0.06686652062199713,-0.3393838787195289,-0.5829875467039879,0.0,1.0
2017-07-05,2430.780029296875,2434.89990234375,2422.050048828125,2432.5400390625,3368150000,0.08830706382210234,-0.544974127939746,-0.18712962600292338,0.05189940127822821,-0.1832080548244848,-0.09108645308517822,-0.056711076718781415,0.04169884276844936,-0.28729582585049207,-0.636769759598641,0.0,1.0
2017-07-06,2423.43994140625,2424.280029296875,2407.699951171875,2409.75,3368710000,-0.8789109526918493,-0.5442667885009427,-1.03395663898093,-0.543625634520447,-0.5486606760005855,-0.5990965139454647,-0.125354967604395,0.006774911415191847,-0.39636696497678237,-0.517719026949408,0.0,1.0
2017-07-07,2413.52001953125,2426.919921875,2413.52001953125,2425.179931640625,2929390000,0.5306961951884192,-1.1387979993395791,-0.45709261333151224,-0.029204773003640265,-0.28059921456516196,-0.1890885277857015,-0.1380483143689804,-0.023899100803059795,-0.34885451347442026,-0.4473524834100299,0.0,1.0
2017-07-10,2424.510009765625,2432.0,2422.27001953125,2427.429931640625,3009880000,0.04133971684332646,-1.0234705156899562,-0.37834608281807564,0.022636602964051414,-0.23889986866227167,-0.13178652930447993,-0.14269365818391447,-0.04943918122027863,-0.29145914241810333,-0.45014594590241486,0.0,1.0
2017-07-11,2427.35009765625,2429.300048828125,2412.7900390625,2425.530029296875,3108800000,-0.11153029450749241,-0.8858885291222264,-0.4507388395981418,-0.02052248250379784,-0.2677670256497754,-0.1745149556158007,-0.15229455822798543,-0.07193982419529955,-0.2574794078680028,-0.45088667970840296,0.0,1.0
2017-07-12,2435.75,2445.760009765625,2435.75,2443.25,3176900000,0.6113549180984746,-0.793693432596328,0.15885609952314303,0.5377494204730541,0.02938656393398805,0.2202268077772365,-0.1121787968469136,-0.0812971273358195,-0.11054195408867945,-0.47665753223951657,0.0,1.0
2017-07-13,2444.989990234375,2449.320068359375,2441.68994140625,2447.830078125,3068510000,0.1259609350220161,-0.9413896043963197,0.2998018193552671,0.42737229703650814,0.09839280572739939,0.26520588616482177,-0.0693917830458227,-0.07956421926596213,0.013442316092798261,-0.571512897957882,0.0,1.0
2017-07-14,2449.159912109375,2463.5400390625,2446.68994140625,2459.27001953125,2738460000,0.3761123792342024,-1.4255573242504975,0.6319993742560355,0.5906473436156097,0.2688753470833126,0.453065051858145,-0.006297411994158363,-0.06458378520128893,0.16154453083154915,-0.7017420477000718,0.0,1.0
2017-07-17,2459.5,2462.820068359375,2457.159912109375,2459.139892578125,2800580000,-0.04630780033064929,-1.3301212597097385,0.6258495205474904,0.35893659798927996,0.24450468384077526,0.3585594689490453,0.04044469294919047,-0.04252853631649013,0.2406382230528113,-0.6970402704683287,0.0,1.0
2017-07-18,2455.8798828125,2460.919921875,2450.340087890625,2460.610107421875,2974090000,0.01185433803605642,-1.074365482704342,0.6703300844439108,0.1611921116675834,0.26323087678401563,0.31371034999936287,0.07820554373332694,-0.016748507333453812,0.28227982331686613,-0.6974482433619755,0.0,1.0
2017-07-19,2463.85009765625,2473.830078125,2463.85009765625,2473.830078125,3063810000,0.43859720433569477,-0.9479114498224511,1.0469943842634915,0.4117093982635414,0.4548938428484721,0.531576817726738,0.14053292424715458,0.01730437017953654,0.37476706885719424,-0.6706992603330434,0.0,1.0
2017-07-20,2475.56005859375,2477.6201171875,2468.429931640625,2473.449951171875,3223820000,-0.05531194473182972,-0.7313150196604543,1.0259849622105073,0.2165586411408922,0.41611265080010207,0.419372115212695,0.1843192536086676,0.05398073204681859,0.4040966088297978,-0.9452517233474907,0.0,1.0
2017-07-21,2467.39990234375,2472.5400390625,2465.06005859375,2472.5400390625,3066880000,-0.0744570279702801,-0.943650303740206,0.9725002592294861,0.09067410384812287,0.36829695038677995,0.3132251426130894,0.2116357716194232,0.08920734950686351,0.3878890273084668,-0.9741880043756519,0.0,1.0
2017-07-24,2472.0400390625,2473.10009765625,2466.320068359375,2469.909912109375,3019920000,-0.13664932225124107,-1.0093018623554986,0.8119835685917283,-0.07788893873882181,0.2970745308809963,0.18633803134809282,0.22104745723451194,0.11941645459178704,0.3317951803875114,-0.9520635183084692,0.0,1.0
2017-07-25,2477.8798828125,2481.239990234375,2474.909912109375,2477.1298828125,4116360000,0.21967771126135915,0.30853962423199505,1.0475247181931908,0.05979405023143084,0.3861489487410385,0.2926375604790505,0.24317828006198167,0.14835197363810895,0.3175569812663279,-0.9704435342265206,0.0,1.0
2017-07-26,2479.969970703125,2481.68994140625,2474.93994140625,2477.830078125,3597830000,-0.01631585543274007,-0.26430426884819724,1.0701209216725065,0.05624362768724236,0.3481580249743251,0.24114171190102945,0.25724712298742536,0.1745316159319035,0.2867473455082199,-1.0654487679832463,0.0,1.0
2017-07-27,2482.760009765625,2484.0400390625,2459.929931640625,2475.419921875,4035740000,-0.12851209852673695,0.22438367517097574,0.9033458252286741,-0.0423149273312145,0.27818071994227067,0.13039127891748264,0.25635949629165483,0.19528408461118896,0.22607364444169212,-1.0482816631819565,0.0,1.0
2017-07-28,2469.1201171875,2473.530029296875,2464.659912109375,2472.10009765625,3302850000,-0.16144003644777985,-0.6282719181006167,0.6723345329438264,-0.15588489027293304,0.17809673866639752,0.017170883605499527,0.24128391860615397,0.20863792470668424,0.1433598396363608,-1.0869782868440565,0.0,1.0
2017-07-31,2475.93994140625,2477.9599609375,2468.530029296875,2470.300048828125,3475930000,-0.10665626595067418,-0.41095821326774923,0.5457019404058262,-0.221878278647364,0.10833198639515676,-0.04567708036010781,0.21940760145982813,0.21460759676951033,0.06080769819732142,-1.0822070061157971,0.0,1.0
2017-08-01,2477.10009765625,2478.510009765625,2471.139892578125,2476.35009765625,3470260000,0.17730921814563247,-0.41790419864524825,0.8051898106361024,-0.003793504195135668,0.16971761224526627,0.07082645356400123,0.21385415280024012,0.21818680646616823,0.03408325388842257,-1.0681021356320008,0.0,1.0
2017-08-02,2480.3798828125,2480.3798828125,2466.47998046875,2477.570068359375,3487150000,0.002451389386678232,-0.39724657915847483,0.8564425337017358,0.04090910072321508,0.1521628528904849,0.06493771781755159,0.2079842850857558,0.2197854716512998,0.011941532584346484,-1.1820200095474138,0.0,1.0
2017-08-03,2476.030029296875,2476.030029296875,2468.85009765625,2472.159912109375,3662410000,-0.23674134644532846,-0.1886112396946739,0.4418429442543537,-0.12632180360328518,0.009288091456159714,-0.08316927069017771,0.1838576387017154,0.21586615518043967,-0.04974736724947739,-1.1550395730398357,0.0,1.0
2017-08-04,2476.8798828125,2480.0,2472.080078125,2476.830078125,3239980000,0.12725857995821888,-0.7100408940649081,0.6625921366375551,0.004562465895294099,0.043938126146653655,0.009187109273630659,0.17318425444868912,0.21043104940927898,-0.06669330512041749,-1.1392782089656448,0.0,1.0
2017-08-07,2477.139892578125,2480.949951171875,2475.8798828125,2480.909912109375,2935130000,0.10563859920238503,-1.1304693049378087,0.8465251437771782,0.073234951711514,0.06714339869471782,0.0744797021913767,0.1715633826266656,0.20573373703080267,-0.05844506046560979,-1.1397663162241969,0.0,1.0
2017-08-08,2478.35009765625,2490.8701171875,2470.320068359375,2474.919921875,3347480000,-0.25736702563555025,-0.5711651505413831,0.3804708027780361,-0.1270309548109064,-0.07393139113133165,-0.08746441856193454,0.14959996888625,0.19724372156607245,-0.10084601345415341,-1.1437065168721579,0.0,1.0
2017-08-09,2465.35009765625,2474.409912109375,2462.080078125,2474.02001953125,3310960000,-0.07407602734509494,-0.6178375362650996,0.3120353631709891,-0.1337162459176129,-0.11455933628516592,-0.11466463259761615,0.12582610647071557,0.18532947025971447,-0.1391276452193097,-1.1442154384311836,0.0,1.0
2017-08-10,2465.3798828125,2465.3798828125,2437.75,2438.2099609375,3635820000,-1.335222049644371,-0.21961397989343281,-1.5539304660487454,-1.1559607930023552,-0.7025025711010582,-0.89235505162444,0.0057289064740986785,0.14992231781152415,-0.4017691898447339,-0.6653964780950877,0.0,1.0
2017-08-11,2441.0400390625,2448.090087890625,2437.85009765625,2441.320068359375,3161830000,0.07242443958360076,-0.8139240522451753,-1.3758355657968129,-0.7983827136403604,-0.6359790640905734,-0.7100197704796778,-0.08235832490064364,0.10261760799226628,-0.5347792777151786,-0.6533156971963052,0.0,1.0
2017-08-14,2454.9599609375,2468.219970703125,2454.9599609375,2465.840087890625,2824320000,0.8560749193654216,-1.2942070879646288,-0.22640053191638718,0.17445329064990164,-0.2333318285882483,-0.09109242402875951,-0.08599267319255491,0.06399079529554443,-0.4377637456357879,-0.47663906935002565,0.0,1.0
2017-08-15,2468.659912109375,2468.89990234375,2461.610107421875,2464.610107421875,2922430000,-0.08615936395803707,-1.1489188228893972,-0.28038264520621736,0.2041077551246807,-0.2571276313732299,-0.12495010629839605,-0.09362123474140124,0.031445720122706265,-0.36977227333375845,-0.48719767134675407,0.0,1.0
2017-08-16,2468.6298828125,2474.929931640625,2463.860107421875,2468.110107421875,2956570000,0.08534197189759685,-1.099503423901091,-0.13582175855839765,0.37003557565953765,-0.1941146900851579,-0.05121678788645213,-0.0913968490760792,0.005888918872254273,-0.29164607486383515,-0.4836499345063465,0.0,1.0
2017-08-17,2462.949951171875,2465.02001953125,2430.010009765625,2430.010009765625,3164950000,-1.4212457596586034,-0.8097277258193188,-1.5020416426699577,-0.9216289434842597,-0.7927475480218313,-0.890856618116651,-0.19489292676723285,-0.036855449810085435,-0.4837964283434455,-0.2307163337286922,0.0,1.0
2017-08-18,2427.639892578125,2440.27001953125,2420.68994140625,2425.550048828125,3426970000,-0.20561344599637926,-0.4713133832907287,-1.6210003939609468,-0.9690579352617528,-0.8285439771653029,-0.8733412447231459,-0.2883256265611755,-0.09118164982532605,-0.6132768212714931,-0.24634016854639695,0.0,1.0
2017-08-21,2425.5,2430.580078125,2417.35009765625,2428.3701171875,2803650000,0.062332389807949425,-1.325459822526819,-1.4919519877130094,-0.6047378437993739,-0.7473675803709352,-0.6998310243615083,-0.3529615546211804,-0.148568856296526,-0.647497689049718,-0.2500995971578263,0.0,1.0
2017-08-22,2433.75,2454.77001953125,2433.669921875,2452.510009765625,2780990000,0.8468716211310154,-1.3599872700651137,-0.5332996349435342,0.34092071273675645,-0.32397884549070616,-0.08782993118933165,-0.33617492016256967,-0.1908618279082902,-0.4787499837540952,-0.11364184521382188,0.0,1.0
2017-08-23,2444.8798828125,2448.909912109375,2441.419921875,2444.0400390625,2796950000,-0.3502412311760063,-1.335639589148115,-0.806700118107099,0.21123792724205517,-0.43739747763471015,-0.2800024849996411,-0.34469149645613195,-0.22653115897667392,-0.40470024537336485,-0.10825847486591386,0.0,1.0
2017-08-24,2447.909912109375,2450.389892578125,2436.18994140625,2438.969970703125,2849680000,-0.22698237605680635,-1.2561741235168853,-0.9656433946377274,-0.033731744801535145,-0.4919110910557325,-0.3687371082022618,-0.36366629123368305,-0.25915487128929543,-0.37065140612936043,-0.31398630579646275,0.0,1.0
2017-08-25,2444.719970703125,2453.9599609375,2442.219970703125,2443.050048828125,2593350000,0.10793279908724766,-1.657204658879045,-0.8060120955304694,-0.013126060566206786,-0.399527546732177,-0.24436689936381875,-0.365672496631383,-0.2856860916176379,-0.30253970312134826,-0.3126770401254689,0.0,1.0
2017-08-28,2447.35009765625,2449.1201171875,2439.030029296875,2444.239990234375,2682920000,0.0019529788231663694,-1.512735662809622,-0.7579796992500253,-0.08377773261133774,-0.3579158714282468,-0.20208562928106838,-0.36224076194925503,-0.306171677507192,-0.2349518493412681,-0.44808005192585326,0.0,1.0
2017-08-29,2431.93994140625,2449.18994140625,2428.199951171875,2446.300048828125,2739460000,0.03374786260348113,-1.42400393002246,-0.6709547039806276,0.033734675885535186,-0.2983538697688667,-0.14732132955766453,-0.3522154339439876,-0.32040012171196763,-0.164999426389806,-0.44460390191166616,0.0,1.0
2017-08-30,2446.06005859375,2460.31005859375,2443.77001953125,2457.590087890625,2637780000,0.3708970175861422,-1.5849295738279467,-0.2160651380485098,0.3386375384011129,-0.09245477835427701,0.10010543279580758,-0.3119746686800419,-0.32311273290698267,-0.036256869177647276,-0.41442513284857563,0.0,1.0
2017-08-31,2462.64990234375,2475.010009765625,2462.64990234375,2471.64990234375,3353860000,0.4697295726127296,-0.5630638167784944,0.2705315732421794,0.6043019174597996,0.14360672230728747,0.3690689204623035,-0.24096816473370333,-0.3099839918805245,0.14084331914241657,-0.7868364682133518,0.0,1.0
2017-09-01,2474.419921875,2480.3798828125,2473.85009765625,2476.550048828125,2712780000,0.13560946139541022,-1.4656440234135637,0.42525944463974125,0.5388180388634558,0.22596688320237615,0.3968338960588061,-0.1716387123145745,-0.2845435011346667,0.278483917203204,-0.8165379562599415,0.0,1.0
2017-09-05,2470.35009765625,2471.969970703125,2446.550048828125,2457.85009765625,3502190000,-0.716426936886482,-0.3789356784808392,-0.3593271500046834,-0.21847339430230106,-0.06806586412561302,-0.09169458565212588,-0.16875439249306387,-0.26356966238710794,0.22854847614996562,-0.6543259475153066,0.0,1.0
2017-09-06,2463.830078125,2469.639892578125,2459.199951171875,2465.5400390625,3400200000,0.2380490568731826,-0.5046796216251289,-0.09521787253645403,-0.08276113441119817,0.06878202977988612,0.06807829367255568,-0.1460141317031043,-0.24189104889298849,0.2364275851170619,-0.8005528420538611,0.0,1.0
2017-09-07,2468.06005859375,2468.6201171875,2460.2900390625,2465.10009765625,3365780000,-0.05752635793430381,-0.5479689921384838,-0.1133036147704368,-0.1511947416177899,0.068925768432236,0.026734457313756663,-0.13014093106203617,-0.22112817000661797,0.22619002652886797,-0.836704715239371,0.0,1.0
2017-09-08,2462.25,2467.110107421875,2459.39990234375,2461.429931640625,3308360000,-0.17464376198347853,-0.6211799280966452,-0.26992569222152313,-0.20861887061631468,-0.01218164743494487,-0.0782636914995698,-0.12863538262469093,-0.20419348633668274,0.183392285257915,-0.8438401614281867,0.0,1.0
2017-09-11,2474.52001953125,2488.949951171875,2474.52001953125,2488.110107421875,3293460000,0.9271761877254457,-0.6403852103666028,0.5915650220746083,0.650223406551893,0.3953727914107613,0.4901854865567183,-0.055659333417384674,-0.17492255761363104,0.3213067316716436,-0.6669792528605359,0.0,1.0
2017-09-12,2491.93994140625,2496.77001953125,2490.3701171875,2496.47998046875,3234280000,0.25907179356340365,-0.717532625484527,0.8087599204847312,0.6705877786194145,0.5094852696284146,0.5733123567136769,0.022560970142546415,-0.13465272289242533,0.44427024490931527,-0.667562536159679,0.0,1.0
2017-09-13,2493.889892578125,2498.3701171875,2492.139892578125,2498.3701171875,3371370000,0.02608839297240736,-0.5409085311376997,0.8574378397008411,0.5047969873256812,0.5124046954906171,0.5035250807702337,0.08633286653179452,-0.08869677010499281,0.5078388447523168,-0.6671673007247041,0.0,1.0
2017-09-14,2494.56005859375,2498.429931640625,2491.35009765625,2495.6201171875,3422470000,-0.13995463358187826,-0.47690393769811235,0.7213832933573084,0.19393085298853785,0.443055276417991,0.3448271328322048,0.12540760082707272,-0.04351309293951592,0.4992051021165121,-0.6656561411263143,0.0,1.0
2017-09-15,2495.669921875,2500.22998046875,2493.159912109375,2500.22998046875,4862970000,0.12351182624574882,1.01771081495069,0.8539243863742588,0.08334670567343155,0.46053627749014076,0.3690882256376818,0.1647526613170364,0.001111007329509805,0.49294924893203923,-0.6991517609675275,0.0,1.0
2017-09-18,2502.510009765625,2508.320068359375,2499.919921875,2503.8701171875,3204700000,0.08854316662109707,-0.7566240517793679,0.9584382760472385,0.10013631870169946,0.45494819358726324,0.3686157262684074,0.2012173662405133,0.04466685405597301,0.48100658766698967,-0.7002758211829805,0.0,1.0
2017-09-19,2506.2900390625,2507.840087890625,2503.18994140625,2506.64990234375,3253760000,0.057644202797966275,-0.6919836136995361,1.0392944985660555,0.12592710488718803,0.435094189120626,0.34967819136726375,0.23266424718787965,0.08628697394387959,0.4593659106053509,-0.871532802227368,0.0,1.0
2017-09-20,2506.840087890625,2508.85009765625,2496.669921875,2508.239990234375,3584570000,0.015115648954462277,-0.2800141101263469,1.0869852201376358,0.11243376770720165,0.41453255667891786,0.3081670247355451,0.2565779349288341,0.12473543509780609,0.4239079931736903,-0.8719276193468586,0.0,1.0
2017-09-21,2507.159912109375,2507.159912109375,2499.0,2500.60009765625,2965590000,-0.3138055562843477,-1.086542853826245,0.6207399118682204,-0.18754822861217507,0.24006507111661135,0.075742899360354,0.2491532622461838,0.15389450823627382,0.3200562295164281,-0.8294495051155338,0.0,1.0
2017-09-22,2497.260009765625,2503.469970703125,2496.5400390625,2502.219970703125,2877980000,0.01631736767720821,-1.2141295348924241,0.6790905432956194,-0.14510319235577793,0.2139699640125706,0.07738935822977688,0.24250532354439625,0.17578942353508822,0.2388457555995986,-0.8485222312296508,0.0,1.0
2017-09-25,2499.389892578125,2502.5400390625,2488.030029296875,2496.659912109375,3314530000,-0.24017297129226417,-0.6132524488165032,0.34032210206838204,-0.2882159446614034,0.07705961964145042,-0.07471446839278009,0.21696699534675815,0.18780295079124612,0.1283756607016426,-1.109837216527921,0.0,1.0
2017-09-26,2501.0400390625,2503.510009765625,2495.1201171875,2496.840087890625,3070770000,-0.035128899888607026,-0.938257123829291,0.3479693991709133,-0.21390336547029984,0.0362674727169367,-0.08061748186639105,0.1925691837572023,0.192157099605554,0.04274677337550046,-1.1579476179799602,0.0,1.0
2017-09-27,2503.300048828125,2511.75,2495.909912109375,2507.0400390625,3485070000,0.32352818552977586,-0.3997851520224746,0.7603989058540924,0.14911360052864944,0.15440684498853613,0.12846646267279943,0.19665996621377357,0.19652180531625127,0.04286479539233989,-1.0896753918481732,0.0,1.0
2017-09-28,2503.409912109375,2510.81005859375,2502.929931640625,2510.06005859375,3173030000,0.06608294054940379,-0.7988795154257979,0.8729040480076883,0.1881416964597939,0.16061886519402763,0.15175228318090625,0.20344955186198227,0.20147643188632183,0.049459882341251406,-1.0975251155032042,0.0,1.0
2017-09-29,2509.9599609375,2519.43994140625,2507.989990234375,2519.360107421875,3220260000,0.28956291953666297,-0.7360159789112984,1.1955937618065073,0.391541114095533,0.2743566514487052,0.3051612156041013,0.22939750146294943,0.21103079381817932,0.1008831439041557,-1.0663617472330167,0.0,1.0
2017-10-02,2521.199951171875,2529.22998046875,2520.39990234375,2529.1201171875,3226370000,0.3046576490977431,-0.7279509493570819,1.4881070777031866,0.5034461293028105,0.3913981882646171,0.4441111735872859,0.27131385711307865,0.22770544477756494,0.1804852201687814,-1.0350965129218965,0.0,1.0
2017-10-03,2530.340087890625,2535.1298828125,2528.85009765625,2534.580078125,3073480000,0.15136592456035636,-0.9345039575243457,1.636442000375469,0.4296715844709535,0.41725501119896546,0.4697080854585261,0.31354013740821374,0.25014310231317033,0.24491340380292792,-1.0309202550854888,0.0,1.0
2017-10-04,2533.47998046875,2540.530029296875,2531.800048828125,2537.739990234375,3020770000,0.06984600807100323,-1.0081044885652846,1.7202830970413685,0.32587054521383874,0.40902426477549114,0.4423799811444081,0.3492573845309206,0.27578875003055686,0.2807774927632273,-1.0317702330185932,0.0,1.0
2017-10-05,2540.860107421875,2552.510009765625,2540.02001953125,2552.070068359375,3059730000,0.46309899497401347,-0.95358108397793,2.0564040968196053,0.5279316732704116,0.5717198950211662,0.6552720942173649,0.40992123542921305,0.3093757038602798,0.36955822235875047,-1.050643906958343,0.0,1.0
2017-10-06,2547.43994140625,2549.409912109375,2543.7900390625,2549.330078125,2898270000,-0.13753409033072375,-1.1842388945114743,1.8486507727387949,0.22757589985064663,0.45363217501915615,0.474140733381808,0.4429005643082726,0.34335088566903965,0.3738984609468018,-1.0244891606793367,0.0,1.0
2017-10-09,2551.389892578125,2551.820068359375,2541.60009765625,2544.72998046875,2486940000,-0.2028487950429336,-1.8354650398494818,1.5027635119331084,-0.03677241485331262,0.3314256984388608,0.2822485727294118,0.44874268291698843,0.3717897549563272,0.31200462912969196,-1.0356822311361449,0.0,1.0
2017-10-10,2549.989990234375,2555.22998046875,2544.860107421875,2550.639892578125,2962610000,0.16598525059201463,-1.0908203617371903,1.6660187461019242,0.05529627340015021,0.38319471739043,0.3416386856505938,0.4619103964330343,0.3973779230364614,0.28013489265941943,-1.0488855418082745,0.0,1.0
2017-10-11,2550.6201171875,2555.239990234375,2547.949951171875,2555.239990234375,2991320000,0.11960847533022498,-1.0497876516260862,1.787162385326169,0.09262918423568772,0.41123883540604583,0.3640524077369714,0.4770965197299023,0.4211204101457403,0.2595008935571128,-1.0644305940323435,0.0,1.0
2017-10-12,2552.8798828125,2555.330078125,2548.31005859375,2550.929931640625,3157280000,-0.19233113952185063,-0.8200511234026157,1.4498998839377752,-0.046546172958132306,0.29529232896790825,0.19578127429002612,0.4693991308389394,0.43845594550282785,0.18787365201818781,-1.0231196671310374,0.0,1.0
2017-10-13,2555.659912109375,2557.64990234375,2552.090087890625,2553.169921875,3150470000,0.036901486991381426,-0.8292380485141697,1.5190098879412623,0.003624307004825681,0.28818550662595566,0.19119864617799576,0.4617182313257219,0.4506694722057646,0.1306115771305718,-1.0389529666141033,0.0,1.0
2017-10-16,2555.570068359375,2559.469970703125,2552.639892578125,2557.639892578125,2918030000,0.11489362440825249,-1.1553294877395455,1.65546755397471,0.06784014668630348,0.31667889205313954,0.234026896437154,0.4602173950178354,0.460116928267335,0.09968797763957951,-1.0633920055990718,0.0,1.0
2017-10-17,2557.169921875,2559.7099609375,2554.68994140625,2559.360107421875,2901890000,0.01853253349521371,-1.178928020232321,1.7076872337694635,0.06693360383147737,0.3013088568356057,0.21251788799352847,0.4560789119956705,0.4667832290488984,0.06859573772530578,-1.0675144007570885,0.0,1.0
2017-10-18,2562.8701171875,2564.110107421875,2559.669921875,2561.260009765625,2999320000,0.024766921010299654,-1.0384240921082675,1.7668240101033055,0.09053847799824719,0.28863290648163165,0.1980763105871835,0.45041094223267475,0.47089506737674575,0.04003783589439855,-1.06768430353037,0.0,1.0
2017-10-19,2553.389892578125,2562.360107421875,2547.919921875,2562.10009765625,3019520000,-0.012264165067515804,-1.0098654489945091,1.7939160920828967,0.04302368436909425,0.25185753290848206,0.163689376374662,0.4407198687640108,0.4720965309255236,0.007500971979682672,-1.1814391692160437,0.0,1.0
2017-10-20,2567.56005859375,2575.43994140625,2567.56005859375,2575.2099609375,3394450000,0.4157355571889509,-0.5118807114046316,2.166943818013997,0.33804532391827674,0.40439309367929027,0.3907307974078849,0.46143841167304556,0.47752165151328135,0.054719823410101925,-1.1015979698872553,0.0,1.0
2017-10-23,2578.080078125,2578.2900390625,2564.330078125,2564.97998046875,3214470000,-0.39661678730435224,-0.7436727509988768,1.2763364703942757,-0.05882984546114401,0.18304481275329113,0.09552225352357005,0.44211445192524196,0.4776982705787534,-0.003956392799204004,-1.0384037885261899,0.0,1.0
2017-10-24,2568.659912109375,2572.179931640625,2565.580078125,2569.1298828125,3435660000,0.10302069043676297,-0.4605381472648916,1.4167697325860276,0.015560475489258018,0.1911963253453305,0.1459819375406077,0.43084235999101506,0.47541091763041354,-0.031502646525570825,-1.0444385334726334,0.0,1.0
2017-10-25,2566.52001953125,2567.39990234375,2544.0,2557.14990234375,3885470000,-0.4583356242330168,0.06293658062691104,0.5336329403390142,-0.36257379285793945,-0.04274623010840508,-0.1475985134265301,0.3820321473097762,0.46306454588391305,-0.14395858453915378,-0.96800349672443,0.0,1.0
2017-10-26,2560.080078125,2567.070068359375,2559.800048828125,2560.39990234375,3891750000,0.07201119446214899,0.06980778271341699,0.6681517982582121,-0.24092353802915903,-0.031055956610905627,-0.07835239919404725,0.34588957834273804,0.44540028833904083,-0.20341049010814802,-0.9756320381276306,0.0,1.0
2017-10-27,2570.260009765625,2582.97998046875,2565.93994140625,2581.070068359375,3896100000,0.679942094866111,0.07456079669534543,1.3668292802680528,0.41976489881857215,0.2517353602787771,0.3428701197963866,0.3675764124873467,0.4359414569265485,-0.11167700088485893,-0.8367961686812054,0.0,1.0
2017-10-30,2577.75,2580.030029296875,2568.25,2572.830078125,3660230000,-0.3269036187000131,-0.1911445371719108,0.8434303084053775,0.08729692573237022,0.08377022058115276,0.0971121488636277,0.35550606326039186,0.4257737536804775,-0.1196019136995225,-0.8027500555317335,0.0,1.0
2017-10-31,2575.989990234375,2578.2900390625,2572.14990234375,2575.260009765625,3844420000,0.0428315926226401,0.017746689164793484,0.9240321165810067,0.1279655981098,0.08993447446817468,0.11132237665078328,0.3462148206052868,0.4156377302144566,-0.11924774601646417,-0.802523074711451,0.0,1.0
2017-11-01,2583.2099609375,2588.39990234375,2574.919921875,2579.360107421875,3841200000,0.10071500236880464,0.014181567485783734,1.0603690116449036,0.11606721278655467,0.12213777138722696,0.15797112947848188,0.3437602099521442,0.4070000490280788,-0.1024968590856738,-0.8007188610085614,0.0,1.0
2017-11-02,2579.4599609375,2581.110107421875,2566.169921875,2579.85009765625,4050140000,-0.024600687839531243,0.23953787561094417,1.0770373308110583,0.0010840740760193809,0.10756084250091631,0.12241195340869099,0.3368476446112675,0.3986005452735817,-0.0998341275555669,-0.8004571513756904,0.0,1.0
2017-11-03,2581.929931640625,2588.419921875,2576.77001953125,2587.840087890625,3568710000,0.235220235723449,-0.29888081419883633,1.341564573649656,0.22478946608330033,0.20457414807726942,0.2478094408979646,0.34696846192783615,0.39406154059273535,-0.05667524166031951,-0.8314080221967834,0.0,1.0
2017-11-06,2587.469970703125,2593.3798828125,2585.659912109375,2591.1298828125,3541970000,0.07203845553996971,-0.3308807924625937,1.4440358111485057,0.21190531366709403,0.21977420198899378,0.25622657764310225,0.3575050072130035,0.39270050656437316,-0.02114675942206256,-0.8833351574039258,0.0,1.0
2017-11-07,2592.110107421875,2597.02001953125,2584.35009765625,2590.639892578125,3815190000,-0.05847969583300684,-0.014726252615304428,1.4045433228920645,0.09164757655622138,0.1796276694276298,0.1851127145784428,0.35794233394510505,0.39170590433445684,-0.017050193699392827,-0.8814198133931468,0.0,1.0
2017-11-08,2588.7099609375,2595.469970703125,2585.02001953125,2594.3798828125,3898450000,0.08744692326716823,0.0771263095554237,1.5292644823354091,0.11618065648270592,0.20787928281685036,0.21244658908394926,0.36199441136073784,0.39178326994776536,-0.005066007990118004,-0.9718810389336584,0.0,1.0
2017-11-09,2584.0,2586.5,2566.330078125,2584.6201171875,3844100000,-0.3777948789311822,0.017392525014782206,0.7548817561024858,-0.24363067290819537,0.02474733327021051,-0.04330567027731133,0.3320278947359326,0.3853886744052001,-0.07742002950803589,-0.9041214772024292,0.0,1.0
2017-11-10,2580.179931640625,2583.81005859375,2575.570068359375,2582.300048828125,3489740000,-0.12180505528042627,-0.3940876835357454,0.5855670081157858,-0.28441941400677245,-0.0356775966688583,-0.10584644197668895,0.29603303498401995,0.37251766276969167,-0.14982385549863286,-1.0759967095407483,0.0,1.0
2017-11-13,2576.530029296875,2587.659912109375,2574.47998046875,2584.840087890625,3405200000,0.04633289441686238,-0.498427696134464,0.7006094768499277,-0.15687853591381737,-0.016907613907611238,-0.05832189054264742,0.2689754597032046,0.3563911164519553,-0.18621947357747032,-1.124065267343816,0.0,1.0
2017-11-14,2577.75,2579.659912109375,2566.56005859375,2578.8701171875,3643580000,-0.24799849827118114,-0.21054280230622616,0.25528897748815244,-0.2785940905365337,-0.12779403876740988,-0.19396623371047728,0.2260274750498287,0.3342364465601448,-0.2536115626655475,-1.0960119508911268,0.0,1.0
2017-11-15,2569.449951171875,2572.840087890625,2557.449951171875,2564.6201171875,3586590000,-0.5354322283481232,-0.27761715813105386,-0.6210846877142165,-0.5588509565958178,-0.3578540456706073,-0.48022021361144057,0.14854526890939945,0.29981864696902294,-0.39070860771435767,-1.00536152684884,0.0,1.0
2017-11-16,2572.949951171875,2590.090087890625,2572.949951171875,2585.639892578125,3329730000,0.6909383140881518,-0.5937856251646338,0.35187629780387286,0.14296795725742603,-0.04129264415727527,0.007217974364844404,0.14104557910419668,0.2706685485666523,-0.3318177466629207,-0.8224155204368567,0.0,1.0
2017-11-17,2582.93994140625,2583.9599609375,2577.6201171875,2578.85009765625,3309800000,-0.2762724012935782,-0.6193284328375617,-0.010477338212442346,-0.06267706892480324,-0.15248661133718727,-0.15554474196435894,0.112643521527758,0.24122905506068698,-0.33505307194506795,-0.8298122588129173,0.0,1.0
2017-11-20,2579.489990234375,2584.639892578125,2578.239990234375,2582.139892578125,3023940000,0.07243453035865964,-1.0036419580409741,0.1272791400520044,0.06650482081284623,-0.1137210122580045,-0.08482995003040383,0.09566869691554741,0.21402011985339717,-0.3101162932388379,-0.829780264451514,0.0,1.0
2017-11-21,2589.169921875,2601.18994140625,2589.169921875,2599.030029296875,3351230000,0.5430310847235181,-0.5664015262178755,0.7448146741337787,0.49931488651010597,0.13154602806191523,0.25577489288486494,0.12491899224102833,0.19855514501326185,-0.17882336044064373,-0.7409483253292916,0.0,1.0
2017-11-22,2600.31005859375,2600.93994140625,2595.22998046875,2597.080078125,2764110000,-0.10863282437734093,-1.3858909681118365,0.6338184395795495,0.21429309829478227,0.06848666345589165,0.154661736758358,0.13868833931761915,0.18914986379813276,-0.11107833039858836,-0.7420063476109582,0.0,1.0
2017-11-24,2600.419921875,2604.2099609375,2600.419921875,2602.419921875,1385890000,0.14218334136204056,-4.323223831442352,0.8161387058737143,0.28047827908609496,0.11982218158509267,0.21945228883631296,0.1600460455367101,0.1862273006189879,-0.03860405112320997,-0.7709868171072588,0.0,1.0
2017-11-27,2602.659912109375,2606.409912109375,2598.8701171875,2601.419921875,3017720000,-0.0759215237933483,-1.0124025131234147,0.7536211219987136,0.09519709474480909,0.08762909124300136,0.14360446485618578,0.16982129091930484,0.18599539259549341,-0.008523567581906687,-0.7738268284061325,0.0,1.0
2017-11-28,2605.93994140625,2627.68994140625,2605.43994140625,2627.0400390625,3493340000,0.8386253151484407,-0.3897008324771021,1.4980232249153624,0.6499909512839515,0.45128942222246804,0.6263151449732614,0.24298518603342326,0.20157352063083186,0.16822651815704331,-0.6361950852219825,0.0,1.0
2017-11-29,2627.820068359375,2634.889892578125,2620.320068359375,2626.070068359375,4090630000,-0.07457804564992883,0.28186153795682195,1.4380674328142746,0.436067468531306,0.394977303215517,0.48765021684151777,0.2924860195575634,0.22470131136351912,0.25262882591212454,-0.6563691147072798,0.0,1.0
2017-11-30,2633.929931640625,2657.739990234375,2633.929931640625,2647.580078125,4965700000,0.6904818232115433,1.1066546226846885,1.9008871245699397,0.8126698010512238,0.6810896492656471,0.8299732011130802,0.38417064547828916,0.26295761471799745,0.4217597433277392,-0.7141532616320181,0.0,1.0
2017-12-01,2645.10009765625,2650.6201171875,2605.52001953125,2642.219970703125,3950930000,-0.22251980330914753,0.13401976492370882,1.5824458464194278,0.3693932009067767,0.5458625941887201,0.5699340771998569,0.43460420915315096,0.3044289087051917,0.45770209462079514,-0.7294971133764023,0.0,1.0
2017-12-04,2657.18994140625,2665.18994140625,2639.030029296875,2639.43994140625,4025840000,-0.13561452999495696,0.2139337636662568,1.4171626701345081,0.02563143857313927,0.4603958812634311,0.4034037441409204,0.45917790948694903,0.34290051330130833,0.4241667279024519,-0.7544807249560108,0.0,1.0
2017-12-05,2639.780029296875,2648.719970703125,2627.72998046875,2629.570068359375,3547570000,-0.3757834131577582,-0.324159273503792,0.8556657970599789,-0.31654052533787586,0.2735965460689804,0.11871216597919361,0.44388189650989895,0.37038216786058725,0.30130333884695515,-0.6918077455650462,0.0,1.0
2017-12-06,2626.239990234375,2634.409912109375,2624.75,2629.27001953125,3253080000,-0.05177686691960967,-0.692872888845027,0.8389556140502042,-0.347472310663593,0.23803511611714318,0.07296651020240202,0.4236135260909561,0.38800053445721017,0.1910355958399167,-0.7342031301512927,0.0,1.0
2017-12-07,2628.3798828125,2640.989990234375,2626.530029296875,2636.97998046875,3297060000,0.22049873115057736,-0.6357370593522524,1.0712180401552756,-0.023359891782451757,0.3257459844289038,0.19713040136907567,0.4215181626033228,0.40164376754470676,0.1465951413117103,-0.73787244917113,0.0,1.0
2017-12-08,2646.2099609375,2651.64990234375,2644.10009765625,2651.5,3126750000,0.45054359749276507,-0.861392919379702,1.4505851163286598,0.39415241703539255,0.501225208888771,0.4399016252390695,0.4522511028154229,0.4191799731768256,0.19011706804741552,-0.7108393101232681,0.0,1.0
2017-12-11,2652.18994140625,2660.330078125,2651.469970703125,2659.989990234375,3141480000,0.24459400020108757,-0.8413963271567317,1.642563014697803,0.5376147786540807,0.5727007296052115,0.5221035971935684,0.49191427673299704,0.441754635901781,0.24644506880825573,-0.7195259668085269,0.0,1.0
2017-12-12,2661.72998046875,2669.719970703125,2659.780029296875,2664.110107421875,3568910000,0.09685509493169936,-0.2986423770386018,1.731746801062115,0.44448634386948604,0.5740469799240627,0.502846696000513,0.5262084526952447,0.467203277495154,0.27857504052460313,-0.8532289807321155,0.0,1.0
2017-12-13,2667.590087890625,2671.8798828125,2662.85009765625,2662.85009765625,3568360000,-0.0838489673224176,-0.2992981113849192,1.6490182734439978,0.1819570609245638,0.4872415636049026,0.3779874829868162,0.5412374512968341,0.49080028984013274,0.2578745419809848,-0.8523477656344841,0.0,1.0
2017-12-14,2665.8701171875,2668.090087890625,2652.010009765625,2652.010009765625,3442760000,-0.40540900218610854,-0.45175465586875846,0.9700782529411804,-0.27128972177292066,0.24799363371089025,0.0795121745271245,0.5148831401376911,0.5039996857030227,0.14163321287515016,-0.9306873525782706,0.0,1.0
2017-12-15,2660.6298828125,2679.6298828125,2659.139892578125,2675.81005859375,5736910000,0.7604970421837816,1.7208883924138236,1.5601258236888964,0.3474787638425305,0.5488561698879871,0.5251717215365338,0.5508460077820391,0.5223076446795335,0.19874497182214362,-0.7879499796301888,0.0,1.0
2017-12-18,2685.919921875,2694.969970703125,2685.919921875,2690.159912109375,3727770000,0.43771846438803913,-0.11335097894676058,1.8333996439640752,0.6174632882185673,0.6843810140110834,0.710152681416314,0.6094589039595883,0.5495825554949729,0.29899202378646655,-0.7730754089814215,0.0,1.0
2017-12-19,2692.7099609375,2694.43994140625,2680.739990234375,2681.469970703125,3407680000,-0.33028186847723234,-0.4953301461134714,1.3691326775041341,0.22084297964864832,0.4701598888549347,0.4041643454902788,0.6223360292141901,0.5741769475976305,0.2690248617543246,-0.7844118943377401,0.0,1.0
2017-12-20,2688.179931640625,2691.010009765625,2676.110107421875,2679.25,3246230000,-0.11557113684515379,-0.7018414102280429,1.2523663434934365,0.041745658950773444,0.3723321178734428,0.27570379400474965,0.616872667536501,0.5926753431737463,0.2008739793198358,-0.7773564361967182,0.0,1.0
2017-12-21,2683.02001953125,2692.639892578125,2682.39990234375,2684.570068359375,3293130000,0.13588787479061068,-0.6408115450623243,1.376805543566085,0.0028268730221380147,0.38612373588669696,0.31806888524703825,0.6176587043456908,0.6076434165644332,0.1614063432791128,-0.7797418448752762,0.0,1.0
2017-12-22,2684.219970703125,2685.35009765625,2678.1298828125,2683.340087890625,2401030000,-0.08252708163062919,-1.9850394435579632,1.3059145377422428,-0.08586400795298746,0.30352537017787595,0.22289871821916465,0.6054745883599403,0.6169927253457372,0.09859072902246442,-0.8053984551427463,0.0,1.0
2017-12-26,2679.090087890625,2682.739990234375,2677.9599609375,2680.5,1970660000,-0.13617388264603594,-2.8254643154415118,1.1363451475271893,-0.11531849053916109,0.19770111426238374,0.11040030729488641,0.5788778740767371,0.6187417309703903,0.013622280526766615,-0.8069248975164237,0.0,1.0
2017-12-27,2682.10009765625,2685.639892578125,2678.909912109375,2682.6201171875,2202900000,0.029111051912581117,-2.351466232332106,1.1971300262891538,-0.05403519180123518,0.18713943653701995,0.11435047641067221,0.5548153789979748,0.614956508682361,-0.04824824617067496,-0.8083361586225739,0.0,1.0
2017-12-28,2686.10009765625,2687.659912109375,2682.68994140625,2687.5400390625,2174890000,0.12233362587221672,-2.4059116680851096,1.3382552858405985,0.051644538620525024,0.21524355325182407,0.17346591193451735,0.5406457283850309,0.6088753840993096,-0.07391554547241685,-0.8096734121894062,0.0,1.0
2017-12-29,2689.14990234375,2692.1201171875,2673.610107421875,2673.610107421875,2447760000,-0.5048195090853523,-1.903028233506717,0.498082486108577,-0.32889229861527847,-0.019995561245143224,-0.152334578167621,0.48299786163410413,0.5915898628945789,-0.19917636437033326,-0.7838033075553278,0.0,1.0
2018-01-02,2683.72998046875,2695.889892578125,2682.360107421875,2695.81005859375,3397430000,0.7005284831164902,-0.5081471469291114,1.1488367685897396,0.30977755547311087,0.28080125150862756,0.29218297195876836,0.4904439929908334,0.579365765131467,-0.1425916087165078,-0.806013484388348,0.0,1.0
2018-01-03,2697.85009765625,2714.3701171875,2697.77001953125,2713.06005859375,3544030000,0.530311285264615,-0.32840699891497654,1.5317734870618684,0.655898904053137,0.48909005372327563,0.5682345873929955,0.5353097501302267,0.5792531167698306,-0.007190290707637637,-0.7838428012717739,0.0,1.0
2018-01-04,2719.31005859375,2729.2900390625,2719.070068359375,2723.989990234375,3697340000,0.31847783372555205,-0.14822474579307796,1.7386569135660388,0.7392423015788807,0.5833598904805205,0.6749838479430941,0.591751137216417,0.591323675441274,0.12901324985729046,-0.8089697181731343,0.0,1.0
2018-01-05,2731.330078125,2743.449951171875,2727.919921875,2743.14990234375,3239280000,0.5870593874060059,-0.710960221036517,2.0470501877345657,0.9938341455953171,0.7882830446036029,0.9266870256763015,0.6790560011333273,0.619790543895828,0.3123176489859756,-0.7718509299135252,0.0,1.0
2018-01-08,2742.669921875,2748.510009765625,2737.60009765625,2747.7099609375,3246160000,0.1069920964775394,-0.7019331570031181,2.1129017305506395,0.660604287271717,0.7713791313797167,0.8502316198995314,0.7497430338415513,0.6577940364098984,0.4189334159524221,-0.7711588543372091,0.0,1.0
2018-01-09,2751.14990234375,2759.139892578125,2747.860107421875,2751.2900390625,3467460000,0.07486986558693193,-0.42133850200394235,2.1651776355394134,0.4187443169241461,0.7481171112922336,0.7664163693485877,0.8039331198557705,0.6998724497882693,0.46448945450061946,-0.7856188202268835,0.0,1.0
2018-01-10,2745.550048828125,2750.800048828125,2736.06005859375,2748.22998046875,3579900000,-0.1409832615044023,-0.2855607534741467,1.986821119936577,0.09747676606320724,0.6326722130226291,0.5656483362298713,0.8264776420147316,0.7383925497793719,0.4247088876540028,-0.7848164471221202,0.0,1.0
2018-01-11,2752.969970703125,2767.56005859375,2752.780029296875,2767.56005859375,3645690000,0.5870485762787598,-0.2080796242997841,2.2777843262243267,0.4324308912451698,0.8466475100613982,0.8340616151060795,0.8850141120926757,0.7818207068880797,0.4795790671476023,-0.7571142080772909,0.0,1.0
2018-01-12,2770.179931640625,2787.85009765625,2769.639892578125,2786.239990234375,3587220000,0.5616623841671571,-0.2768698700624072,2.50231672379173,0.7478415703329555,1.0343397988492595,1.0460670155884524,0.9693098202248024,0.8347253111916746,0.5855220800518085,-0.7394885865752606,0.0,1.0
2018-01-16,2798.9599609375,2807.5400390625,2768.639892578125,2776.419921875,4362880000,-0.35657741490931627,0.5560053218229111,1.985635057066259,0.2568955814412301,0.7885490618795282,0.6704506168967966,0.9951268679249627,0.8826114516133163,0.5294175956526432,-0.7933070280519419,0.0,1.0
2018-01-17,2784.989990234375,2807.0400390625,2778.3798828125,2802.56005859375,3790340000,0.7998850215543442,-0.04252951912059347,2.316935635141704,0.7532665459086485,1.0856814340442322,1.0506775498544487,1.0728716680847603,0.9376710052801162,0.609613580114945,-0.7702990943678659,0.0,1.0
2018-01-18,2802.39990234375,2805.830078125,2792.56005859375,2798.030029296875,3703300000,-0.1860424749471909,-0.14137184503166192,2.098905132395592,0.2980793106762729,0.9334964186489644,0.777514010326764,1.1067983193962736,0.9890283739632089,0.5682245844885843,-0.7353241100150426,0.0,1.0
2018-01-19,2802.60009765625,2810.330078125,2798.080078125,2810.300048828125,3724230000,0.3503486275713546,-0.11739327219558877,2.2506099438372487,0.41275582932081,1.018636732315703,0.8710451498249121,1.1518099834415405,1.0398123353850728,0.5618141131772985,-0.7338309787183529,0.0,1.0
2018-01-22,2809.159912109375,2833.030029296875,2808.1201171875,2832.969970703125,3489480000,0.6793793943019248,-0.39440468686808605,2.489772894253307,0.8243267370309428,1.240214074451103,1.1482292398857183,1.2333468652281532,1.0980071754037677,0.6446648683885103,-0.7167731453875927,0.0,1.0
2018-01-23,2835.050048828125,2842.239990234375,2830.590087890625,2839.1298828125,3541140000,0.15275367102933743,-0.33187792175769537,2.547740622606667,0.6233009372222181,1.2127976660520188,1.064513693218911,1.2975598113112077,1.1583981595591635,0.6692169100797823,-0.7193477186708205,0.0,1.0
2018-01-24,2845.419921875,2852.969970703125,2824.81005859375,2837.5400390625,4079270000,-0.091626196030443,0.27002950860593367,2.467733032532214,0.3571646501398801,1.0701486557917999,0.8462557034302892,1.3263398840232192,1.212911807576987,0.6035105661874084,-0.6999052915150087,0.0,1.0
2018-01-25,2846.239990234375,2848.56005859375,2830.93994140625,2839.25,3873100000,0.012280077789031035,0.04936952040918396,2.48623969100546,0.15527559671847524,0.9739278440155384,0.7253154656153239,1.336027462862846,1.25860998016336,0.504956961847714,-0.7217643091110847,0.0,1.0
2018-01-26,2847.47998046875,2872.8701171875,2846.179931640625,2872.8701171875,3474680000,1.0167200616602463,-0.4124885410568756,2.7936917066637568,0.7995221157045328,1.3275640099527826,1.2274290830555585,1.4176430348320623,1.3127531434440125,0.5993686901780004,-0.6218961732823266,0.0,1.0
2018-01-29,2867.22998046875,2870.6201171875,2851.47998046875,2853.530029296875,3587420000,-0.6432443389194196,-0.27663266319995117,1.9199239906249799,0.08232976541460264,0.9144188678826537,0.648655343115569,1.410296549331112,1.354484824239276,0.46061311838318386,-0.496127361417061,0.0,1.0
2018-01-30,2832.739990234375,2837.75,2818.27001953125,2822.429931640625,4012070000,-1.0156529200343896,0.19935607758442586,0.7974704651196394,-0.7659299639464778,0.34317178671998294,-0.06106909584886846,1.3012727635301802,1.364380259214898,0.10469620856158578,-0.3202990024891537,0.0,1.0
2018-01-31,2832.409912109375,2839.260009765625,2813.0400390625,2823.81005859375,4276270000,0.0021239803690102557,0.47069355385039724,0.8221809719316537,-0.6403701655997374,0.2681531263815183,-0.04682195319270584,1.2023807926687025,1.3509896653695523,-0.15563258356196213,-0.4022859041854877,0.0,1.0
2018-02-01,2816.449951171875,2835.9599609375,2812.699951171875,2821.97998046875,3977380000,-0.09950119471039685,0.16240836864640237,0.759039975383668,-0.5913203146612682,0.16046698820790256,-0.09548905532958243,1.1038018211828073,1.3190376862930613,-0.36314168846407796,-0.4071514965718223,0.0,1.0
2018-02-02,2808.919921875,2808.919921875,2759.969970703125,2762.1298828125,4340220000,-1.937078170980025,0.5338496827790727,-0.827719201356232,-1.759298058805116,-0.7460243629919922,-1.2376890762937172,0.8484110676792739,1.2384504434120358,-0.9068651192898576,0.02622778461321914,0.0,1.0
2018-02-05,2741.06005859375,2763.389892578125,2638.169921875,2648.93994140625,5310840000,-3.704068852129807,1.392551304958952,-2.31532429969441,-4.048153767142509,-2.341597905553766,-3.244074241046899,0.327651698313267,1.0617795321541843,-1.981043353957998,0.864770916800726,0.0,1.0
2018-02-06,2614.780029296875,2701.0400390625,2593.070068359375,2695.139892578125,5917350000,1.5171915595545369,1.8526473619226103,-1.4510410675279386,-1.8194212819348086,-1.6252188620930774,-1.890458894628573,0.039462889851802456,0.8583505814714973,-2.2801878812029925,1.1204886606209121,0.0,1.0
2018-02-07,2690.949951171875,2727.669921875,2681.330078125,2681.659912109375,4646300000,-0.4885922849310536,0.8237901257952247,-1.5951998990977112,-1.3600726101576963,-1.7743369108667668,-1.889060842941835,-0.22593416067138905,0.6384258371527987,-2.464604471313685,1.109140752550521,0.0,1.0
2018-02-08,2685.010009765625,2685.27001953125,2580.56005859375,2581.0,5333840000,-3.3963705133026223,1.4109375595535327,-2.429230470515743,-3.0895160571155222,-3.1429734091355135,-3.600748709620691,-0.7081292576611132,0.3585938572184916,-3.134344185507852,1.5080338835066838,0.0,1.0
2018-02-09,2601.780029296875,2638.669921875,2532.68994140625,2619.550048828125,5690110000,1.2933240626107019,1.686037599644345,-1.8310592499042855,-0.9174083754409295,-2.470147062008246,-2.3287513836970657,-0.9751561074456014,0.07719553825997123,-3.1518552497328627,1.5689463592374795,0.0,1.0
2018-02-12,2636.75,2672.610107421875,2622.449951171875,2656.0,4069220000,1.202027713492633,0.2595344102521215,-1.3267258718637795,0.23421554725513033,-1.8375807518377343,-1.2789590331461882,-1.0762863172168056,-0.16971230239540888,-2.766265047751537,1.7685864590446694,0.0,1.0
2018-02-13,2646.27001953125,2668.840087890625,2637.080078125,2662.93994140625,3503540000,0.1919500514507146,-0.37729592807887935,-1.233940193855933,0.6756337590425867,-1.6533155201988092,-0.9685530614149125,-1.1267414079885352,-0.37810946438147475,-2.335730561217994,1.7917988647242176,0.0,1.0
2018-02-14,2651.2099609375,2702.10009765625,2648.8701171875,2698.6298828125,4011940000,1.1562567592207993,0.19921821409745727,-0.7736167104747927,1.7369808777061868,-1.0465593503479749,-0.1352262196750275,-1.058537441728089,-0.530132189626257,-1.705486171488093,1.912935804267323,0.0,1.0
2018-02-15,2713.4599609375,2731.510009765625,2689.820068359375,2731.199951171875,3696140000,1.037089920442721,-0.14960586038982393,-0.39407656537425745,1.7989389881395754,-0.511586469883146,0.5070116225531249,-0.9066499643710678,-0.6190251888399653,-0.999720261331629,2.0040291178907674,0.0,1.0
2018-02-16,2727.139892578125,2754.419921875,2725.110107421875,2732.219970703125,3646920000,-0.008200182947937824,-0.20664440093876457,-0.382329345862502,1.0894416704072807,-0.4384769511730164,0.42697307650048105,-0.7769445299218393,-0.6621936779188152,-0.4885379302709471,1.863560730530861,0.0,1.0
2018-02-20,2722.989990234375,2737.60009765625,2706.760009765625,2716.260009765625,3646920000,-0.5636489268939295,-0.20664440093876457,-0.5794982315333029,0.18486389257015343,-0.5907245428818161,0.02555347788526262,-0.7123889622540178,-0.6828195369111523,-0.23652004835432003,1.1048598118160635,0.0,1.0
2018-02-21,2720.530029296875,2747.75,2701.2900390625,2701.330078125,3789040000,-0.5328249476780692,-0.0439890290131199,-0.7615920347700479,-0.5397071513924069,-0.7125402684573937,-0.2936713610673135,-0.6968042368557429,-0.6959623899498314,-0.15286293720211638,0.9973519015375043,0.0,1.0
2018-02-22,2710.419921875,2731.260009765625,2697.77001953125,2703.9599609375,3720620000,0.04543170787271809,-0.12151945677648683,-0.7242958759764413,-0.4894727402090716,-0.5737463504263232,-0.21794362760036176,-0.67189112969265,-0.7011089754848501,-0.06346776051787709,0.9803240893149404,0.0,1.0
2018-02-23,2715.800048828125,2747.760009765625,2713.739990234375,2747.300048828125,3200360000,1.390946387116071,-0.7623899100300954,-0.1480158168662538,0.7935301174479393,0.1484390196809137,0.6465446875248859,-0.5289648324433168,-0.6744318095988755,0.29230946676131203,-0.08800402154926006,0.0,1.0
2018-02-26,2757.3701171875,2780.639892578125,2753.780029296875,2779.60009765625,3436590000,1.0091964278010677,-0.45938660105819423,0.22153320980084865,1.517601865016105,0.7073218477656091,1.1559920406087099,-0.3253053900451667,-0.6092102770068534,0.7232205725105754,-0.13349534239034216,0.0,1.0
2018-02-27,2780.449951171875,2789.14990234375,2744.219970703125,2744.280029296875,3752070000,-1.1772481880868786,-0.08570621657033316,-0.27036198543247825,0.21334632787912552,0.25715462557895574,0.26465120068438663,-0.2607371396200888,-0.5431213860769379,0.7329173031200764,0.0680821372016196,0.0,1.0
2018-02-28,2753.780029296875,2761.52001953125,2713.5400390625,2713.830078125,4244570000,-1.033257248453844,0.4390360824452917,-0.6499101718478574,-0.8334545789595107,-0.12145867647550225,-0.39319984158920973,-0.29260185312517434,-0.4971157406812199,0.5083943888853208,0.22413705984723745,0.0,1.0
2018-03-01,2715.219970703125,2730.889892578125,2659.64990234375,2677.669921875,4514490000,-1.2324378187990768,0.7013446414445221,-1.0538228037876582,-1.8183065399889182,-0.5601183071266445,-1.064355050671685,-0.4152241031010353,-0.48673101480900244,0.11016629146352955,0.2480250424620264,0.0,1.0
2018-03-02,2658.889892578125,2696.25,2647.320068359375,2691.25,3891250000,0.41169226373346973,0.06926111888020849,-0.8690315284206583,-1.0333635470069373,-0.2544249145604601,-0.6560435757724911,-0.4719481046546715,-0.4906448026643047,-0.0496855594667357,0.13956243120984152,0.0,1.0
2018-03-05,2681.06005859375,2728.090087890625,2675.75,2720.93994140625,3733640000,0.9444010502401562,-0.1066565327760691,-0.48325276447199716,0.2917918679554309,0.22986125341569053,0.007271906982427047,-0.4324755553480214,-0.4852712060868512,0.054143804911157854,0.2523721184166773,0.0,1.0
2018-03-06,2730.179931640625,2732.080078125,2711.260009765625,2728.1201171875,3389030000,0.19426742550867748,-0.5186796982024967,-0.3926485272458924,0.6267733774440283,0.27835363403953045,0.1258096825724976,-0.37945371128433986,-0.4695484150619978,0.1698437944051733,0.23033995427028262,0.0,1.0
2018-03-07,2710.179931640625,2730.60009765625,2701.739990234375,2726.800048828125,3406690000,-0.08482472300378734,-0.49656639767931926,-0.4108378920511873,0.5004640277745913,0.23389769172959027,0.059179096043827144,-0.33959484009944146,-0.4483823197272702,0.2306978304044105,0.20071155338228677,0.0,1.0
2018-03-08,2732.75,2740.449951171875,2722.64990234375,2738.969970703125,3206040000,0.3573058007754743,-0.7548453873950807,-0.2429946700954207,0.49500466757974243,0.37497984147593644,0.2671946057885403,-0.27372520950705215,-0.41725738747257946,0.34203377378325456,0.20936831882806256,0.0,1.0
2018-03-09,2752.909912109375,2786.570068359375,2751.5400390625,2786.570068359375,3376870000,1.5116423912210335,-0.5339731611672695,0.3426888847960307,1.3965845350690944,0.9383842964961072,1.1332328130796794,-0.09163387460875369,-0.353124635952953,0.7110484214047351,0.24191518469115617,0.0,1.0
2018-03-12,2790.5400390625,2796.97998046875,2779.260009765625,2783.02001953125,3216960000,-0.15544029865214776,-0.7403782534446101,0.28453426440900165,0.8855980687298761,0.7579923314393218,0.8654016522680769,0.039988206333069466,-0.2734595700367778,0.88469368641857,0.14947765951263878,0.0,1.0
2018-03-13,2792.31005859375,2801.89990234375,2758.679931640625,2765.31005859375,3324290000,-0.6103190399356598,-0.6007424691246077,-0.0071927221585559985,0.09074476760885618,0.40678179885121774,0.3654092084690761,0.09196460715185853,-0.19852885133616338,0.8317655164160208,0.04059559570767939,0.0,1.0
2018-03-14,2774.06005859375,2777.110107421875,2744.3798828125,2749.47998046875,3394630000,-0.5532039733019146,-0.5116551010923087,-0.25879386900956197,-0.5500914013104801,0.10249707556430444,-0.019913464115738706,0.08607336135968066,-0.139853584998831,0.6500358487388679,-0.05295649136646955,0.0,1.0
2018-03-15,2754.27001953125,2763.030029296875,2741.469970703125,2747.330078125,3543710000,-0.11146325664585087,-0.32879118317552997,-0.2934559963263613,-0.6699399676856155,0.03331500424898194,-0.07989306485947233,0.07220771884191941,-0.09590081808794305,0.48544400174799035,-0.28851299238964506,0.0,1.0
2018-03-16,2750.570068359375,2761.85009765625,2749.969970703125,2752.010009765625,5429140000,0.11066567000835296,1.486285100867352,-0.22048599472680772,-0.3061461357396132,0.0879473815030351,0.002057116708896001,0.07087257048840183,-0.061026271273218184,0.3839530137209632,-0.29598197827643635,0.0,1.0
2018-03-19,2741.3798828125,2741.3798828125,2694.590087890625,2712.919921875,3327460000,-1.3110689689632988,-0.5966871900693612,-0.8483952261873116,-1.1013944213715474,-0.48525398290648125,-0.7801206411550662,-0.03996055789886937,-0.057006378540366935,0.03900991971897698,-0.1540319095714228,0.0,1.0
2018-03-20,2715.050048828125,2724.219970703125,2710.050048828125,2716.93994140625,3272590000,0.09085659373594357,-0.6674320853645289,-0.778230538329542,-0.6697627707323536,-0.42531257774072007,-0.6037237320684783,-0.11778823561305,-0.07055896221140286,-0.15744356713423385,-0.15970789293927307,0.0,1.0
2018-03-21,2714.989990234375,2739.139892578125,2709.7900390625,2711.929931640625,3434780000,-0.2063840824777562,-0.4616280694461102,-0.8577814187913443,-0.5917251105915536,-0.5085500321000354,-0.6304274686265012,-0.19348865382925687,-0.09771119460528428,-0.30948237772502907,-0.15770178704691915,0.0,1.0
2018-03-22,2691.360107421875,2695.679931640625,2641.590087890625,2643.68994140625,3765460000,-2.2904946384033775,-0.07054956614176508,-1.7515922387155256,-2.121638840364422,-1.490626494413085,-1.895418775672328,-0.4390441052162373,-0.1723395579921828,-0.8402471522228819,0.27641023656056946,0.0,1.0
2018-03-23,2646.7099609375,2657.669921875,2585.889892578125,2588.260009765625,3829380000,-1.9154793297107036,0.001069022705091667,-2.2639692326257186,-2.884058964935152,-2.2111576752607243,-2.731651562939215,-0.7799543497811097,-0.3054936592206854,-1.4945422558484973,0.05013148322701644,0.0,1.0
2018-03-26,2619.35009765625,2661.360107421875,2601.81005859375,2658.550048828125,3538080000,2.385582348746174,-0.33555610543076553,-1.1393687632433125,-0.2461111356068663,-1.0608000057889684,-0.9453594519591156,-0.8489364449577189,-0.4268795976684865,-1.36297874943152,0.8014391347072352,0.0,1.0
2018-03-27,2667.570068359375,2674.780029296875,2596.1201171875,2612.6201171875,3761320000,-1.585636998494297,-0.0752300260604466,-1.5665405494656668,-1.0721668989014999,-1.659669884622146,-1.7383475906701897,-1.0209346815506684,-0.5610465280676914,-1.5058652940815775,0.886240793124621,0.0,1.0
2018-03-28,2611.300048828125,2632.64990234375,2593.06005859375,2605.0,3875720000,-0.3022529849107542,0.05224667437528014,-1.632944791567238,-0.6237240285607667,-1.6957843680610802,-1.6503631512105996,-1.1672391405106133,-0.6999023544162767,-1.5582853365147489,0.889703197342479,0.0,1.0
2018-03-29,2614.409912109375,2659.070068359375,2609.719970703125,2640.8701171875,3572360000,1.189080408415809,-0.2945314379369412,-1.123222028780979,0.5848968187296052,-1.1234194936095259,-0.7016668528473347,-1.1731781058753954,-0.8122666056219345,-1.2621197768380996,1.0630871530219457,0.0,1.0
2018-04-02,2633.449951171875,2638.300048828125,2553.800048828125,2581.8798828125,3635780000,-2.0379706564228863,-0.21966078867947889,-1.6516015632053782,-1.3304460556154947,-1.9408491478691159,-1.8039024993905681,-1.3276949170604946,-0.935449695268117,-1.3830702044552612,1.19203954790926,0.0,1.0
2018-04-03,2592.169921875,2619.139892578125,2575.489990234375,2614.449951171875,3395840000,1.0858662280968228,-0.5101388088680703,-1.2229576812811471,0.043773901613708165,-1.3658420119805472,-0.8940837664333452,-1.3472364536527206,-1.0382065227877741,-1.154712497442153,1.2984522920631383,0.0,1.0
2018-04-04,2584.0400390625,2649.860107421875,2573.610107421875,2644.68994140625,3369230000,0.9921677070480508,-0.5436100785864945,-0.8549808922450325,0.8350551767536142,-0.8415457710168208,-0.16814078422559284,-1.2671579452131858,-1.1031585302918945,-0.7320692375389947,1.3886150524092415,0.0,1.0
2018-04-05,2657.360107421875,2672.080078125,2649.580078125,2662.840087890625,3230430000,0.5717849788089409,-0.7226003045224201,-0.643609878761938,1.0487765935527247,-0.5155454639078717,0.20208861104905088,-1.1429027516711587,-1.128348517150626,-0.2875452318963933,1.4253046338994788,0.0,1.0
2018-04-06,2645.820068359375,2656.8798828125,2586.27001953125,2604.469970703125,3312390000,-2.000685946662805,-0.6160003393530501,-1.2081364098265142,-0.6426866235161061,-1.30902436506712,-1.0282077762189512,-1.1940699803223376,-1.1595248310065474,-0.3544700514273092,1.3597080812662734,0.0,1.0
2018-04-09,2617.179931640625,2653.550048828125,2610.7900390625,2613.159912109375,3076140000,0.25662301649285696,-0.9308232547289389,-1.1010126059369953,-0.5607912629472643,-1.0454504669193228,-0.7167466065729448,-1.1992669831599234,-1.1855856113894727,-0.2972803665595545,1.1561127636194366,0.0,1.0
2018-04-10,2638.409912109375,2665.449951171875,2635.780029296875,2656.8701171875,3579130000,1.453381265861187,-0.2864759911978951,-0.5898711732325324,0.6026438766480317,-0.27560579624293885,0.25597157777827156,-1.0729121934200452,-1.1792102443954944,0.06534321055151558,0.9217781977257218,0.0,1.0
2018-04-11,2643.889892578125,2661.429931640625,2639.25,2642.18994140625,3054520000,-0.5354044114560799,-0.9608319854527518,-0.7424755685571002,0.134979095336053,-0.4077264991035784,-0.10125725029471694,-1.0041198359580341,-1.1592881736050844,0.21679011735105091,0.760096875864901,0.0,1.0
2018-04-12,2653.830078125,2674.719970703125,2653.830078125,2663.989990234375,3045330000,0.6958263741296852,-0.9736521633681781,-0.49141749916611555,0.8464784726314702,-0.004124885187668702,0.33284693678313587,-0.8817538974179889,-1.1169859505552306,0.4669915600288151,0.7718678711236616,0.0,1.0
2018-04-13,2676.89990234375,2680.260009765625,2645.050048828125,2656.300048828125,2988540000,-0.2995689242941159,-1.0537436051305076,-0.5794114234733234,0.24961271707076704,-0.0525619805493527,0.10508479387842026,-0.7992076217343204,-1.065359020513954,0.5712381761713335,0.6930080292896963,0.0,1.0
2018-04-16,2670.10009765625,2686.489990234375,2665.159912109375,2677.840087890625,3020740000,0.6831609902017232,-1.0081467430805446,-0.32248425328609875,0.5293745089534384,0.3400119306073789,0.5007569048523797,-0.6691098698518245,-0.996027038752918,0.7691738037584543,0.311428643473114,0.0,1.0
2018-04-17,2692.739990234375,2713.340087890625,2692.050048828125,2706.389892578125,3286190000,0.9112859158141069,-0.6497874033970559,-0.002169612496763398,1.134549078934262,0.788932176967544,0.9734218144964313,-0.48412850650771183,-0.9007059715157503,1.0597217233893335,0.2878132807020742,0.0,1.0
2018-04-18,2710.110107421875,2717.489990234375,2703.6298828125,2708.639892578125,3412030000,0.03272399617213379,-0.4899023843599039,0.022834702889289276,0.7707131915022968,0.8305133039023955,0.844761830776453,-0.3299565681333268,-0.7912317342164703,1.217948688378365,0.23456011032328858,0.0,1.0
2018-04-19,2701.159912109375,2702.840087890625,2681.89990234375,2693.1298828125,3375120000,-0.5533472172319102,-0.5361786437673475,-0.19802858851541003,0.0787225537927344,0.604271848501954,0.38254132558377585,-0.25009926176918573,-0.6864465493438714,1.1655268965895194,0.2589723268919761,0.0,1.0
2018-04-20,2692.56005859375,2693.93994140625,2660.610107421875,2670.139892578125,3428260000,-0.804525469144647,-0.46971211150002484,-0.5125377703803916,-0.7537000725930069,0.22596616971721675,-0.15671132992053802,-0.24976845184317134,-0.6025471262169987,0.9320321616285613,-0.14245680470744865,0.0,1.0
2018-04-23,2675.39990234375,2682.860107421875,2657.989990234375,2670.2900390625,3030390000,-0.03655308294625333,-0.9945764706618766,-0.510441455936519,-0.7004110553494272,0.16403771589203217,-0.15084523038104766,-0.24866136679674794,-0.5351890587785714,0.7471062054010439,-0.13803361674575332,0.0,1.0
2018-04-24,2680.800048828125,2683.550048828125,2617.320068359375,2634.56005859375,3716020000,-1.2374572679222624,-0.1267830036720415,-0.9831941854738834,-1.398174238315908,-0.37198007547698314,-0.8640626808457853,-0.344778965878247,-0.5020117895495895,0.36497810704228695,-0.1995116487271842,0.0,1.0
2018-04-25,2634.919921875,2645.300048828125,2612.669921875,2639.39990234375,3563680000,0.12260718615653725,-0.3048819069954309,-0.9070488135438051,-0.794504955587282,-0.31754305184538656,-0.6562721955148946,-0.4053685757428947,-0.48852441409100533,0.14485271332667485,-0.22164786362425604,0.0,1.0
2018-04-26,2651.64990234375,2676.47998046875,2647.159912109375,2666.93994140625,3690920000,0.8909711407616012,-0.1556189311785246,-0.48706497612484856,0.27710401769011395,0.06153762519999895,-0.024529678670311677,-0.3755446729695961,-0.47130875280669826,0.18653350626754167,-0.178295149320702,0.0,1.0
2018-04-27,2675.469970703125,2677.35009765625,2659.010009765625,2669.909912109375,3234510000,0.05795070875890097,-0.7172300720053815,-0.442920427489347,0.3758435315625434,0.08493264109811127,0.017447916357788817,-0.3422094086282965,-0.4503539163393079,0.22833603801026192,-0.18861492629471074,0.0,1.0
2018-04-30,2682.510009765625,2682.8701171875,2648.0400390625,2648.050048828125,3749510000,-0.773330139207354,-0.0886101362830435,-0.7693395090252843,-0.19437168149048817,-0.30482103782369196,-0.44460292756416736,-0.374196730111918,-0.44048193122917617,0.10443404813889244,-0.19675312638484502,0.0,1.0
2018-05-01,2642.9599609375,2655.27001953125,2625.409912109375,2654.800048828125,3562820000,0.18624043871715734,-0.30590878660830806,-0.6573198311744516,-0.1057171113532926,-0.23154037034132516,-0.2621663064878188,-0.3789989019338138,-0.4336190034350816,0.07079395164424673,-0.3456900340046955,0.0,1.0
2018-05-02,2654.239990234375,2660.8701171875,2631.699951171875,2635.669921875,4047020000,-0.685597864195516,0.23625904287598679,-0.9446894589610089,-0.7078260801866602,-0.5204147270131955,-0.6274176818918482,-0.43300462688544317,-0.43976455873307174,-0.0746358559351666,-0.32858362805539915,0.0,1.0
2018-05-03,2628.080078125,2637.139892578125,2594.6201171875,2629.72998046875,3867530000,-0.2429993406995341,0.043246350239086795,-1.0323620826024134,-0.6602803447755273,-0.5869351867697779,-0.6722484825372211,-0.48898419205044014,-0.4567421776858129,-0.1957341363301284,-0.3407460593330167,0.0,1.0
2018-05-04,2621.449951171875,2670.929931640625,2615.320068359375,2663.419921875,3335260000,1.1034115780564415,-0.5867253261153056,-0.43948509206390496,0.4891075294348607,-0.11128087716822238,0.08743095605830882,-0.4378290212678063,-0.4593025464281389,-0.034554857463962106,-0.17673146633166847,0.0,1.0
2018-05-07,2680.340087890625,2683.35009765625,2664.699951171875,2672.6298828125,3266810000,0.2674727547898999,-0.674953290195901,-0.29075965642919904,0.6289021784256386,-0.01504958277052678,0.23746135618441516,-0.3700592994620677,-0.4467493979732582,0.13440841690699926,-0.1639209350918762,0.0,1.0
2018-05-08,2670.260009765625,2676.340087890625,2655.199951171875,2671.919921875,3745100000,-0.0653202628148774,-0.09361724440118795,-0.30370183753194685,0.4925866125189704,-0.03766481514014226,0.16516613462899504,-0.31708954157030306,-0.42529418776335387,0.23393002284127348,-0.3909585658540722,0.0,1.0
2018-05-09,2678.1201171875,2701.27001953125,2674.139892578125,2697.7900390625,3913650000,0.8237630402996496,0.09368300689713968,0.11846760292697103,0.9283434862674808,0.3182365504797975,0.6357833308195704,-0.20385337364612044,-0.3837325238076117,0.45871239590218604,-0.3154703420731853,0.0,1.0
2018-05-10,2705.02001953125,2726.110107421875,2704.5400390625,2723.070068359375,3380640000,0.7959161015694818,-0.5292258022626688,0.48134229086577823,1.1354637941104366,0.6615734837816983,1.0188855781620911,-0.04629913462818142,-0.3165370696572344,0.7452882517608267,-0.3350670601284815,0.0,1.0
2018-05-11,2722.699951171875,2732.860107421875,2717.449951171875,2727.719970703125,2874850000,0.11103642923639363,-1.2187593133270067,0.5452795410344404,0.8651580776700143,0.6770671864844082,0.9303564220131763,0.08793767936207465,-0.2338584797733289,0.9183837183508574,-0.33610366144511916,0.0,1.0
2018-05-14,2738.469970703125,2742.10009765625,2725.469970703125,2730.1298828125,2994360000,0.03738252115747881,-1.04546592299394,0.5799598032390686,0.5695176152415473,0.673102639719498,0.8113065520693036,0.19626918898985807,-0.14437485377426523,0.9944613890364259,-0.48298326126668073,0.0,1.0
2018-05-15,2718.590087890625,2718.590087890625,2701.909912109375,2711.449951171875,3291190000,-0.6530903448492704,-0.6433187404531956,0.15119213879783774,-0.282898185365486,0.3821167062626579,0.29420595633045554,0.22557257290307092,-0.06647434135518161,0.8649666610821751,-0.36604545072313854,0.0,1.0
2018-05-16,2712.6201171875,2727.760009765625,2712.169921875,2722.4599609375,3248480000,0.321331162165633,-0.6988934600499633,0.3312254970575208,-0.08848200810500466,0.5404878434705446,0.4448235543385943,0.27356930343031344,0.006187287753552113,0.8063979727607239,-0.4927895148234528,0.0,1.0
2018-05-17,2719.7099609375,2731.9599609375,2711.360107421875,2720.1298828125,3478150000,-0.11807175328859754,-0.40824170723089814,0.275376666154455,-0.14412866189399468,0.4836314281307527,0.3084913576028777,0.2992956648964141,0.06985950905879408,0.7058998718014999,-0.51223884439615,0.0,1.0
2018-05-18,2717.35009765625,2719.5,2709.179931640625,2712.969970703125,3383270000,-0.27682936847234185,-0.5259171180600177,0.09871803557791071,-0.27882275583451793,0.3404203415398816,0.09821442625903833,0.29411294081270273,0.11968063325858518,0.5510499655864421,-0.6293259629984256,0.0,1.0
2018-05-21,2735.389892578125,2739.18994140625,2725.699951171875,2733.010009765625,3053480000,0.6186072290928856,-0.9622808630017895,0.4585389835973899,0.34347070582204386,0.5988561995458145,0.4563785948471374,0.3389281909734686,0.16919328039822104,0.5476013114133563,-0.5866343933924182,0.0,1.0
2018-05-22,2738.340087890625,2742.239990234375,2721.8798828125,2724.43994140625,3384140000,-0.3218353102955658,-0.5248231764695952,0.23764419590829905,-0.013619962784174322,0.3977335491336397,0.1957428693524417,0.3444049765842732,0.20998340849283015,0.4500869235061408,-0.5530089951054407,0.0,1.0
2018-05-23,2713.97998046875,2733.330078125,2709.5400390625,2733.2900390625,3333160000,0.24874565346946043,-0.5894050727334746,0.40064583657293784,0.199644787578026,0.4602155029692679,0.31799607897510573,0.3664913442498687,0.2473741677825697,0.4120832955901046,-0.6524612720156612,0.0,1.0
2018-05-24,2730.93994140625,2731.969970703125,2707.3798828125,2727.760009765625,3285750000,-0.22240206993417966,-0.6503571168242054,0.24868353926230313,-0.025563707463828755,0.3287724394418874,0.138897661751125,0.36213457223951984,0.2763480793125172,0.31798619437800507,-0.7765161867758087,0.0,1.0
2018-05-25,2723.60009765625,2727.360107421875,2714.989990234375,2721.330078125,3015260000,-0.2522537110199939,-1.0158722825292408,0.07018053137985741,-0.28384967654925014,0.19113702448990094,-0.030049288660485517,0.3346564799353758,0.2936068682994538,0.18701565729547764,-0.771524708914825,0.0,1.0
2018-05-29,2705.110107421875,2710.669921875,2676.81005859375,2689.860107421875,3743310000,-1.0751200565499368,-0.09565129050531278,-0.698783980137611,-1.014877451173522,-0.32017464958130243,-0.665438581512158,0.22110968653519197,0.28294947734822445,-0.12507643276766306,-0.5751010176592105,0.0,1.0
2018-05-30,2702.429931640625,2729.340087890625,2702.429931640625,2724.010009765625,3566490000,1.093098877920363,-0.30152836441027814,0.013246907156085331,0.07989154258229418,0.14674697856859814,0.08716326967188255,0.22032408511167154,0.27425430146422464,-0.10313962755858679,-0.3889595270335484,0.0,1.0
2018-05-31,2720.97998046875,2722.5,2700.679931640625,2705.27001953125,4241100000,-0.6564347044119393,0.4355563910566361,-0.39517559479967784,-0.3407255316562831,-0.1911356918838999,-0.31589316770582315,0.1636989868862292,0.2550979015927881,-0.22009206396247216,-0.3524064642292227,0.0,1.0
2018-06-01,2718.699951171875,2736.929931640625,2718.699951171875,2734.6201171875,3694310000,0.9280637686576038,-0.15171292369224884,0.13937159583218606,0.555490500150362,0.17433416796342563,0.28807920200184456,0.19507866447942454,0.2465337447866514,-0.1016748849634676,-0.21751534964535232,0.0,1.0
2018-06-04,2741.669921875,2749.159912109375,2740.5400390625,2746.8701171875,3410090000,0.3587822848342402,-0.4923221859352755,0.33931445894104356,0.7826253701892191,0.29607419466926044,0.46206473379604784,0.24843022447369675,0.25117737262473666,0.04598303685281838,-0.21737213077084125,0.0,1.0
2018-06-05,2748.4599609375,2752.610107421875,2739.510009765625,2748.800048828125,3523550000,0.021215013004141636,-0.3530649963232169,0.37119059588441683,0.46515570971334685,0.26703771275783356,0.40671670907908525,0.2902525471128579,0.2639031762629455,0.13633863505090155,-0.2632168930580461,0.0,1.0
2018-06-06,2753.25,2772.389892578125,2748.4599609375,2772.35009765625,3662780000,0.7241260715311472,-0.1881814260499048,0.7435801804197237,0.9035653241781381,0.5457785438001258,0.7814508003034581,0.38150847225087886,0.2937455234680192,0.32769496920091623,-0.22363087325123804,0.0,1.0
2018-06-07,2774.840087890625,2779.89990234375,2760.159912109375,2770.3701171875,3742080000,-0.10540885614999417,-0.09704955088050055,0.6910083238619008,0.42543710879643676,0.4603277990999814,0.5997571646953513,0.44085176298807965,0.3304053132983143,0.4039113398685248,-0.22099096117011482,0.0,1.0
2018-06-08,2765.840087890625,2779.389892578125,2763.590087890625,2779.030029296875,3138850000,0.2377968082072986,-0.8449597772214513,0.8284230212034633,0.4168495635328581,0.5479177962230767,0.6531441888195215,0.5035236199938818,0.37323621927167777,0.4729020305496486,-0.2331410944811756,0.0,1.0
2018-06-11,2780.179931640625,2790.2099609375,2780.169921875,2782.0,3262130000,0.053936262758118435,-0.6810528798306048,0.8763168331525856,0.2883054258493162,0.5510609690822259,0.5876244165021016,0.5525765887285774,0.4180697368665123,0.49529045360444945,-0.2536487166038784,0.0,1.0
2018-06-12,2785.60009765625,2789.800048828125,2778.780029296875,2786.85009765625,3435700000,0.11423510519193826,-0.46048861198094954,0.9571078866509344,0.2009310262951871,0.5805739601649597,0.5686103375226296,0.5955262843966751,0.46319035242965817,0.49850009780296395,-0.5153314455625464,0.0,1.0
2018-06-13,2787.93994140625,2791.469970703125,2774.64990234375,2775.6298828125,3820770000,-0.40141116770345303,-0.008508005181194942,0.5982287635787978,-0.17077547288849138,0.3632212913090431,0.2422837914486164,0.5893921441089889,0.4979652030004275,0.38283844828914404,-0.5966887219795117,0.0,1.0
2018-06-14,2783.2099609375,2789.06005859375,2776.52001953125,2782.489990234375,3540930000,0.1793143138233168,-0.332130244529974,0.7286108092838359,-0.031990397328207625,0.4204730059798636,0.31581746932464905,0.5941644305823351,0.5268133047512296,0.3165796897269086,-0.7462358411013553,0.0,1.0
2018-06-15,2777.780029296875,2782.81005859375,2761.72998046875,2779.659912109375,5451990000,-0.13248160919611546,1.5041545107923437,0.6332211381135229,-0.12441147078305533,0.33291393498904437,0.19102594231986578,0.5810088273871036,0.5470573227518312,0.2203893625895219,-0.8851434697489065,0.0,1.0
2018-06-18,2765.7900390625,2774.989990234375,2757.1201171875,2773.75,3316120000,-0.23159996184451892,-0.6112119403728095,0.43000601256294196,-0.25770500082198045,0.19854521694972851,0.026303399632055798,0.5455605035880527,0.5556149568065026,0.08974011190249039,-0.8808097288213396,0.0,1.0
2018-06-19,2752.010009765625,2765.050048828125,2743.18994140625,2762.590087890625,3671160000,-0.40116757122851204,-0.1784583379058948,0.059322870707774096,-0.4557042312673348,0.009452200807683837,-0.21419707865478088,0.4787372279821156,0.5480635388159375,-0.09035285686578759,-0.8277582397605859,0.0,1.0
2018-06-20,2769.72998046875,2774.860107421875,2763.909912109375,2767.320068359375,3332140000,0.11144386302344242,-0.5907072731847277,0.17916610117636975,-0.25550546906245203,0.04793720660349127,-0.11125980996813532,0.43141469013217965,0.5318264446075746,-0.18745535622022977,-1.007857483927507,0.0,1.0
2018-06-21,2769.280029296875,2769.280029296875,2744.389892578125,2749.760009765625,3336580000,-0.6087044004074886,-0.5850417774224052,-0.37790693022007377,-0.6021177175656708,-0.22658666050767726,-0.45432964586321606,0.33914029476378016,0.4989556286689834,-0.37341392905555976,-0.9083337265043909,0.0,1.0
2018-06-22,2760.7900390625,2764.169921875,2752.679931640625,2754.8798828125,5468110000,0.12483036716577778,1.5167158546819421,-0.2338187860573872,-0.28580901448236085,-0.17038949798472444,-0.30692669156324864,0.27453123623367276,0.4587385186804666,-0.45554265402215594,-0.9304210448106166,0.0,1.0
2018-06-25,2742.93994140625,2742.93994140625,2698.669921875,2717.070068359375,3663280000,-1.2682116246008477,-0.18760066577568202,-1.2129621475789847,-1.1237068161835395,-0.731465921052435,-1.0133593717601805,0.11529405414328578,0.39225610627294977,-0.7491785721973107,-0.640580340084171,0.0,1.0
2018-06-26,2722.1201171875,2732.909912109375,2715.60009765625,2723.06005859375,3568900000,0.15545380671135958,-0.29865429857926523,-1.034821721241725,-0.6861242247909977,-0.6665439377091174,-0.7638525827447296,0.0031444351776501924,0.31490678485746476,-0.8706664101584803,-0.6339428514678043,0.0,1.0
2018-06-27,2728.449951171875,2746.090087890625,2699.3798828125,2699.6298828125,3803990000,-0.810587087881287,-0.027234817036246434,-1.527482689416405,-1.004384841499876,-0.9981818961975263,-1.1248376004320533,-0.15104358038223104,0.21980648027752758,-1.0691155335249434,-0.5781889654028901,0.0,1.0
2018-06-28,2698.68994140625,2724.340087890625,2691.989990234375,2716.31005859375,3461100000,0.5106374150291721,-0.42914959166945266,-1.0413975573788699,-0.26014897600963927,-0.7574126338127063,-0.6493255623405031,-0.22705737950041383,0.12734855112846258,-1.0395747986257198,-0.5021792504463947,0.0,1.0
2018-06-29,2727.1298828125,2743.260009765625,2718.030029296875,2718.3701171875,3586800000,0.026203025415846824,-0.27736804752423977,-0.9831352089272994,0.03920624253201538,-0.7147220971162815,-0.5309854735552312,-0.2808162546999241,0.0417994957192351,-0.9623362634742696,-0.4912756355734278,0.0,1.0
2018-07-02,2704.949951171875,2727.260009765625,2698.949951171875,2726.7099609375,3095040000,0.23261783688089568,-0.9047621803462,-0.7441579857603794,0.24435008522255613,-0.5753794693205453,-0.30797457824337815,-0.2994056735909297,-0.03064496423320204,-0.8158319568463362,-0.4565506010049786,0.0,1.0
2018-07-03,2733.27001953125,2736.580078125,2711.159912109375,2713.219970703125,1911460000,-0.48374481965183247,-2.9552371486651943,-1.0685969518200595,-0.12446862501771393,-0.7505803046483542,-0.5455280460727686,-0.3497436708345458,-0.0994461930668676,-0.7751020426188527,-0.4496960678741396,0.0,1.0
2018-07-05,2724.18994140625,2737.830078125,2716.02001953125,2736.610107421875,2980160000,0.728899662511458,-1.0656906892323847,-0.4311612195514602,0.3865712576583414,-0.37463101241564906,-0.025958386404132217,-0.3238356899179478,-0.14890512698050476,-0.5588626695534735,-0.33395717399571395,0.0,1.0
2018-07-06,2737.679931640625,2764.409912109375,2733.52001953125,2759.820068359375,2590250000,0.7164299715659148,-1.6622936024146369,0.09328572360153031,0.8470591021561438,-0.019791830527286614,0.40918240730535416,-0.23897729376150634,-0.17018896056645222,-0.24387594971987725,-0.28459925792745916,0.0,1.0
2018-07-09,2775.6201171875,2784.64990234375,2770.72998046875,2784.169921875,3070060000,0.7469695582492243,-0.9392409732714554,0.5535705447916139,1.1972403316274005,0.34035412708417856,0.7972237768348144,-0.10579202436164564,-0.15852036324284516,0.12451947751993402,-0.21335286867883663,0.0,1.0
2018-07-10,2788.56005859375,2795.580078125,2786.239990234375,2793.840087890625,3080140000,0.2688421193698899,-0.9252943506421133,0.7187560753766944,1.0726211354807849,0.47592422567607984,0.8386100033747963,0.023717056399141963,-0.12128188081778271,0.4103808991637096,-0.513382400101662,0.0,1.0
2018-07-11,2779.820068359375,2785.909912109375,2770.77001953125,2774.02001953125,2986180000,-0.6756182655576419,-1.0571047856364817,0.17490820693437736,0.063556995127645,0.1893715617878432,0.30347235915709625,0.06847059718804166,-0.0818486427981267,0.43491741749149165,-0.39321536737302615,0.0,1.0
2018-07-12,2783.139892578125,2799.219970703125,2781.530029296875,2798.2900390625,2834230000,0.7403609343211494,-1.2793043416535648,0.6031996631398105,0.4359705934351059,0.5349608263355756,0.7034974949490123,0.16651335194542471,-0.02917807989137799,0.5829055877930258,-0.5187396748537159,0.0,1.0
2018-07-13,2796.929931640625,2804.530029296875,2791.68994140625,2801.31005859375,2619790000,0.054877358757248626,-1.614046475672057,0.6533783357861219,0.26997846815423066,0.5657781374587416,0.6306597519914297,0.2472555838608548,0.0303548286431573,0.6596239566549322,-0.5227839603926353,0.0,1.0
2018-07-16,2797.360107421875,2801.18994140625,2793.389892578125,2798.429931640625,2819860000,-0.13346767700979298,-1.3009311461270034,0.5693610914430212,0.09117787688784434,0.5085072429266038,0.45585783109896805,0.29743752186476535,0.08879319232719633,0.6473873687401153,-0.5065555125751464,0.0,1.0
2018-07-17,2789.340087890625,2814.18994140625,2789.239990234375,2809.550048828125,3064920000,0.3135678368438621,-0.9463702822506397,0.7700016050854894,0.3390879103586537,0.6473043763558805,0.5769876943484658,0.3612733068328185,0.14929773350991912,0.6704864337065233,-0.5051236829745182,0.0,1.0
2018-07-18,2811.35009765625,2816.760009765625,2805.889892578125,2815.6201171875,3111560000,0.15151558190802944,-0.8821128858192728,0.8773027636256793,0.26810884240669913,0.6974915594477407,0.5820437031986933,0.42131109073445483,0.210636911756702,0.6798173531354585,-0.6076393676907123,0.0,1.0
2018-07-19,2809.3701171875,2812.050048828125,2799.77001953125,2804.489990234375,3278360000,-0.39487479977035134,-0.6599371307288131,0.517361606944671,-0.11540140117981476,0.5033994193290459,0.25751664692430376,0.43079601939116446,0.2617518461781185,0.5655142632484615,-0.5773577253740638,0.0,1.0
2018-07-20,2804.550048828125,2809.699951171875,2800.010009765625,2801.830078125,3243250000,-0.12634561519576393,-0.7057489532122015,0.4318219115574685,-0.20105259145863935,0.42442755140907457,0.14551068730481814,0.4236583303893602,0.30110593049938517,0.43403250977054725,-0.6309739991534411,0.0,1.0
2018-07-23,2799.169921875,2808.610107421875,2795.139892578125,2806.97998046875,2928490000,0.12269566012382642,-1.1401053720331182,0.5441950713130976,-0.0944380508605769,0.4617181164918769,0.2000477952289482,0.42487052018361415,0.3328503724198363,0.3489596521387358,-0.7342929164377947,0.0,1.0
2018-07-24,2820.679931640625,2829.989990234375,2811.1201171875,2820.39990234375,3430410000,0.38571190154749535,-0.46704466366931763,0.8246460060922721,0.253729659123212,0.5830571135378014,0.4035962291946227,0.4551574402580333,0.3647714470727047,0.3509343377424168,-0.7182601607706157,0.0,1.0
2018-07-25,2817.72998046875,2848.030029296875,2817.72998046875,2846.070068359375,3584400000,0.7718709553965584,-0.2802158954270154,1.2788728201816375,0.8576589540902139,0.8704893572066608,0.8073910833851689,0.5412764902594901,0.408863236709868,0.4869982220354947,-0.7661244418302497,0.0,1.0
2018-07-26,2835.489990234375,2845.570068359375,2835.260009765625,2837.43994140625,3667290000,-0.31258812850520845,-0.1829458334830739,0.9710280440433592,0.3865888530639917,0.6386399936785738,0.49658237497333885,0.5766441010895831,0.45175685861210096,0.47360317036764876,-0.8089104442432885,0.0,1.0
2018-07-27,2842.35009765625,2843.169921875,2808.340087890625,2818.820068359375,3434370000,-0.628071651255493,-0.4621359694603144,0.36132507633160355,-0.29147018550729326,0.2870141773677679,0.04524936619600935,0.5446110185905745,0.4791700125508328,0.30053752841427633,-0.6958174577331847,0.0,1.0
2018-07-30,2819.0,2821.739990234375,2798.110107421875,2802.60009765625,3261190000,-0.5558537738851428,-0.6822790663610857,-0.10635297849111688,-0.7638313177274395,-0.014495114485332214,-0.29088042566244804,0.46667904629920237,0.4843095668747188,0.05152730307455884,-0.6336494153776094,0.0,1.0
2018-07-31,2809.72998046875,2824.4599609375,2808.06005859375,2816.2900390625,3906890000,0.39499053296930653,0.08632758767711887,0.19720268613096223,-0.31722109010745625,0.12067057572926974,-0.007467392147416459,0.4352181378191088,0.4816427455005955,-0.03574495669759514,-0.6209323390630661,0.0,1.0
2018-08-01,2821.169921875,2825.830078125,2805.85009765625,2813.360107421875,3501350000,-0.13455945570678143,-0.3799562866554943,0.11079058114419896,-0.20631870525597779,0.0036966820100910107,-0.08318343231691737,0.3952138261913554,0.4708900897625176,-0.1261414562236962,-0.6258648715224068,0.0,1.0
2018-08-02,2800.47998046875,2829.909912109375,2796.340087890625,2827.219970703125,3501380000,0.39871887232974035,-0.37991983214754216,0.4163978809810384,0.28474563164174377,0.14010602201791575,0.17113527054112918,0.39474599911634484,0.46218716867477677,-0.10322621593954988,-0.6226119146940499,0.0,1.0
2018-08-03,2829.6201171875,2840.3798828125,2827.3701171875,2840.35009765625,3043690000,0.3734919182002572,-0.9759440536642632,0.6821560355055076,0.5563011469234237,0.27285191347887816,0.37178173441749346,0.4232698959636185,0.4613704976809627,-0.015060991326945954,-0.6089717800472324,0.0,1.0
2018-08-06,2840.2900390625,2853.2900390625,2835.97998046875,2850.39990234375,2879020000,0.27464789898986947,-1.2125923203570486,0.8731459221658957,0.5692310446984349,0.3708000034773189,0.48250978412989776,0.4657851419632707,0.4698773572631776,0.08917247294666239,-0.6022776041388661,0.0,1.0
2018-08-07,2855.919921875,2863.429931640625,2855.919921875,2858.449951171875,3185440000,0.21083059960290884,-0.7822715254452146,1.0209783673035495,0.5556222482643742,0.44053108942209085,0.5378597278579618,0.5133258175029405,0.48692580398074065,0.18466411211190173,-0.6171507728720607,0.0,1.0
2018-08-08,2856.7900390625,2862.43994140625,2853.090087890625,2857.699951171875,2978070000,-0.06502878125474203,-1.068675566014511,0.9926764195519052,0.2598845694243742,0.36772919404930127,0.41882727700681704,0.5402703818645751,0.5063699493996933,0.21144709662247393,-0.7337902982963181,0.0,1.0
2018-08-09,2857.18994140625,2862.47998046875,2851.97998046875,2853.580078125,3066180000,-0.1704274179560533,-0.9446215250354036,0.8305995956736346,-0.027075374536315797,0.2669767349745621,0.25511610437536875,0.5415840210362868,0.5222082981506115,0.17113568506966897,-0.7506553011688908,0.0,1.0
2018-08-10,2838.89990234375,2842.199951171875,2825.81005859375,2833.280029296875,3265590000,-0.6773776031534001,-0.6765425117015854,0.10001964626340451,-0.6031476237325343,-0.05191748692940584,-0.18725135419703598,0.47868934558809567,0.5213278953066225,-0.015773488752050806,-0.734835382753862,0.0,1.0
2018-08-13,2835.4599609375,2843.39990234375,2819.8798828125,2821.929931640625,3173630000,-0.399611554828873,-0.7980750574046465,-0.2569404336249941,-0.7770876382390293,-0.23414358677118544,-0.3934133568137305,0.39060607830909194,0.5016454392618774,-0.22597316843242993,-0.7727149368668621,0.0,1.0
2018-08-14,2827.8798828125,2843.110107421875,2826.580078125,2839.9599609375,2986500000,0.5294565100859071,-1.05664887670589,0.20125792148447433,-0.1130279574431292,0.005899822515330197,-0.014707896621137716,0.36389121877183334,0.4801435778342006,-0.24631341662860154,-0.7436109214133034,0.0,1.0
2018-08-15,2827.949951171875,2827.949951171875,2802.489990234375,2818.3701171875,3656680000,-0.7210170180598718,-0.19527309186051647,-0.4275291567607234,-0.5343203346160439,-0.3099514545422774,-0.440294979263069,0.27754550492118707,0.4443383225227745,-0.40621982581722627,-0.6299541124925463,0.0,1.0
2018-08-16,2831.43994140625,2850.489990234375,2831.43994140625,2840.68994140625,3232000000,0.6662129478099228,-0.7205330156030345,0.10104386661078611,0.23005822804523934,-0.011903744021223725,0.02657281099032687,0.26517571622698555,0.41302896390559596,-0.35595744037897575,-0.5717513496636512,0.0,1.0
2018-08-17,2838.320068359375,2855.6298828125,2833.72998046875,2850.1298828125,3037640000,0.2554224357746973,-0.9844095868185951,0.30195784898396494,0.41593120154916924,0.08993443474795142,0.17869391645295749,0.2757907181216677,0.3902685507336219,-0.26038353815670323,-0.586390892407766,0.0,1.0
2018-08-20,2853.929931640625,2859.760009765625,2850.6201171875,2857.050048828125,2757150000,0.17542367085636856,-1.396617729957544,0.4464517986553386,0.41154558729969576,0.15376221822382768,0.25968182976233806,0.29742309551002216,0.37672106174417985,-0.1573866105653059,-0.5957939017207973,0.0,1.0
2018-08-21,2861.510009765625,2873.22998046875,2861.320068359375,2862.9599609375,3174010000,0.14329527235458533,-0.797565645984695,0.5696736668996282,0.45078866667488426,0.20832934560469668,0.30895800748253416,0.3246865341372599,0.3717571622078194,-0.06142540173982186,-0.6011846394121156,0.0,1.0
2018-08-22,2860.989990234375,2867.5400390625,2856.050048828125,2861.820068359375,2701250000,-0.07716329318291457,-1.4837660462649152,0.5300814755233616,0.14975219014383526,0.18030364912604577,0.21842661765299387,0.33683114277088394,0.3704026803846124,-0.02107350830368141,-0.6009703147641663,0.0,1.0
2018-08-23,2860.2900390625,2868.780029296875,2854.030029296875,2856.97998046875,2724450000,-0.19273414387832305,-1.4473802215829428,0.3560601133575996,-0.09690895520744765,0.0959407633334707,0.07271891082454505,0.3269042437636943,0.36718027761039757,-0.04195614177875,-0.5996065083000386,0.0,1.0
2018-08-24,2862.35009765625,2876.159912109375,2862.35009765625,2874.68994140625,2603010000,0.512438293591511,-1.64138577771848,0.7600314665056189,0.2918796453817694,0.3114983161733635,0.3713342117194787,0.3612763481437957,0.3720080570074339,0.0480417800278775,-0.6548177331540377,0.0,1.0
2018-08-27,2884.68994140625,2898.25,2884.68994140625,2896.739990234375,2865070000,0.643958827939092,-1.2332580714036905,1.1787606754325977,0.7183506244358632,0.5612188231899563,0.7034152602375018,0.4417963583431705,0.39321885956731456,0.23119763988299435,-0.6634529783544183,0.0,1.0
2018-08-28,2901.449951171875,2903.77001953125,2893.5,2897.52001953125,2687770000,-0.01751218617437932,-1.5050512773933011,1.1925706676314352,0.5311494880877363,0.5128565036897372,0.5869933538179424,0.49956591370108977,0.42263434178427783,0.32292278380129447,-0.6850840523786449,0.0,1.0
2018-08-29,2900.6201171875,2916.5,2898.39990234375,2914.0400390625,2805520000,0.46798301164758743,-1.3226229463005867,1.4743254741366583,0.7119140594233391,0.6770421284880676,0.7806556087171069,0.5817647501210204,0.4638770210275251,0.45514627024168225,-0.8857310709806374,0.0,1.0
2018-08-30,2908.93994140625,2912.4599609375,2895.219970703125,2901.1298828125,2810450000,-0.4375363713327998,-1.315152963197573,0.9718142246364011,0.0569311729730774,0.43717527939724127,0.39869275355556394,0.6019308877435073,0.5012160947277,0.41150547069754684,-0.8285149141014997,0.0,1.0
2018-08-31,2898.3701171875,2906.320068359375,2891.72998046875,2901.52001953125,2887220000,-0.02955991678534488,-1.2004913889699886,0.9794699227174084,-0.0923968850577238,0.3982052506121149,0.32273548396019336,0.6095267835022565,0.5327239406386001,0.34631460029837036,-0.8253125144816645,0.0,1.0
2018-09-04,2896.9599609375,2900.179931640625,2885.1298828125,2896.719970703125,3087420000,-0.1894326586713001,-0.915250145695802,0.7865209804210765,-0.2360979335498102,0.295618145502291,0.1626831529430125,0.5930375942800395,0.5543775103836032,0.23614760569215176,-0.8039007590767925,0.0,1.0
2018-09-05,2891.590087890625,2894.2099609375,2876.919921875,2888.60009765625,3248780000,-0.29210627598287175,-0.698500554307159,0.4655469330221068,-0.42615387129111754,0.1572723055303781,-0.03386936473939237,0.5488153734322893,0.56217239056334,0.08121281871411848,-0.7732033530818484,0.0,1.0
2018-09-06,2888.639892578125,2892.050048828125,2867.2900390625,2878.050048828125,3144240000,-0.3680010129974271,-0.8376599436486979,0.0724565870789189,-0.5277814591114108,-0.008718839793319623,-0.2450943771040463,0.4767435442882154,0.5528799332286638,-0.10981700307022162,-0.7376238882738025,0.0,1.0
2018-09-07,2868.260009765625,2883.81005859375,2864.1201171875,2871.679931640625,2976580000,-0.23939492714766375,-1.0708048196894513,-0.15384665765346106,-0.5431704282377349,-0.1130589093233103,-0.346629153222687,0.3950693319859305,0.5278487076942714,-0.28577034172001825,-0.7326133268900031,0.0,1.0
2018-09-10,2881.389892578125,2886.929931640625,2875.93994140625,2877.1298828125,2751100000,0.12803821740641547,-1.4059640204224997,0.011366196741105124,-0.23239591355314645,-0.06643589375398182,-0.21365170328808947,0.33902778672289635,0.4957491985224326,-0.36479101784604495,-0.7972549392358701,0.0,1.0
2018-09-11,2871.570068359375,2892.52001953125,2866.780029296875,2887.889892578125,2904500000,0.2926670171408756,-1.1751030179249249,0.32220015059057816,0.14561897416036956,0.040219534559638816,-0.002807264094361232,0.3181843182042546,0.46557872537142064,-0.3432251415377382,-0.9031071159038448,0.0,1.0
2018-09-12,2888.2900390625,2894.64990234375,2879.199951171875,2888.919921875,3341280000,-0.009701441732620861,-0.5790527267508739,0.35149876142275654,0.17477529553776047,0.019775528971803274,-0.004600394928278643,0.29862830376004396,0.43722887169708413,-0.32287132024328274,-0.9028341147790214,0.0,1.0
2018-09-13,2896.85009765625,2906.760009765625,2896.389892578125,2904.179931640625,3274090000,0.43051910462147225,-0.6654823865787646,0.7626757891553869,0.4766619136381843,0.17608767830431774,0.25680346260300085,0.3190991419688844,0.41895956885873337,-0.21017466237823804,-0.9154579877807787,0.0,1.0
2018-09-14,2906.3798828125,2908.300048828125,2895.77001953125,2904.97998046875,3179410000,-0.016957751508088058,-0.7903332255200397,0.7831303316834903,0.29923877546377753,0.14128292688324542,0.21049087114005946,0.331274463529452,0.4069673817011026,-0.13999893788071444,-0.9671124558535905,0.0,1.0
2018-09-17,2903.830078125,2904.64990234375,2886.159912109375,2888.800048828125,2967980000,-0.5393688566877458,-1.0831153399476736,0.08756398110893168,-0.2571694117789287,-0.11702011710489536,-0.14190385113522797,0.29051904985537785,0.3885926033366058,-0.2113538379487609,-0.8881482266480879,0.0,1.0
2018-09-18,2890.739990234375,2911.169921875,2890.429931640625,2904.31005859375,3091190000,0.4382732481759779,-0.9100579866303352,0.5217749759543797,0.1098586545783916,0.07012119965760587,0.14485717580890947,0.29515466217750397,0.37489155457189327,-0.15910334943573773,-0.8242844420169546,0.0,1.0
2018-09-19,2906.60009765625,2912.360107421875,2903.820068359375,2907.949951171875,3302460000,0.07043163795487785,-0.6287743402424953,0.6166030648376203,0.10464232866604688,0.08971986841378055,0.1682170653281803,0.3029386267133628,0.36560782319682195,-0.10971945021818746,-0.8471165779246107,0.0,1.0
2018-09-20,2919.72998046875,2934.800048828125,2919.72998046875,2930.75,3406520000,0.6591687694977444,-0.49677871944350277,1.1416624032843878,0.6273104410278757,0.3644203026509857,0.5400696251187169,0.365337021207916,0.37162499286423123,0.06133870303824822,-0.8039852802131532,0.0,1.0
2018-09-21,2936.760009765625,2940.909912109375,2927.110107421875,2929.669921875,5652470000,-0.07451613694122264,1.6577994181162108,1.0936451106117877,0.4464344127838614,0.2968515837282938,0.4149851878281214,0.40470883609754144,0.384921651550581,0.142720573607396,-0.8298513779665039,0.0,1.0
2018-09-24,2921.830078125,2923.7900390625,2912.6298828125,2919.3701171875,3392030000,-0.35579093329164047,-0.5149150789080843,0.6411234655080068,-0.0437157806119685,0.11876030119145393,0.14047959569039564,0.40045539182502377,0.39464254525554093,0.10274490469107474,-0.7712189705000331,0.0,1.0
2018-09-25,2921.75,2923.949951171875,2913.699951171875,2915.56005859375,3330880000,-0.15822082154039635,-0.5923164241912537,0.4792174593497432,-0.2241632163344963,0.05131784255496303,0.027616043230051474,0.3797641294375826,0.39796118824306886,0.03117021890178268,-0.7712865377765588,0.0,1.0
2018-09-26,2916.97998046875,2931.14990234375,2903.280029296875,2905.969970703125,3417540000,-0.33555572644839027,-0.4830371447399126,0.08416134489506442,-0.49795551753844125,-0.09063106644217622,-0.17381170864161946,0.33067189505111244,0.39003884976755404,-0.09449960436675606,-0.7388921532435987,0.0,1.0
2018-09-27,2911.64990234375,2927.219970703125,2909.27001953125,2914.0,3101360000,0.20538813566012434,-0.8960830711714535,0.3246302636210333,-0.15919297959179593,0.02321451292601278,-0.021023707819201386,0.30792550082566056,0.37880011500104277,-0.13157563168235847,-0.774369229012762,0.0,1.0
2018-09-28,2910.030029296875,2920.530029296875,2907.5,2913.97998046875,3461680000,-0.04219276415793806,-0.4284366650479661,0.3237585959970316,-0.06623630559270853,0.013784765864379468,-0.03942630198381296,0.28413274373809194,0.3646828172687873,-0.16375685183308672,-0.7741425769033092,0.0,1.0
2018-10-01,2926.2900390625,2937.06005859375,2917.909912109375,2924.590087890625,3375890000,0.28384251988190107,-0.5352080905724167,0.6396710142173675,0.21914289024526243,0.14766889728035767,0.13972011081839797,0.2887723244472717,0.3543886080256124,-0.12101620179800689,-0.843340421199818,0.0,1.0
2018-10-02,2923.800048828125,2931.419921875,2919.3701171875,2923.429931640625,3432620000,-0.07703266700352297,-0.46430451731752137,0.5835137041607501,0.13746356252699665,0.1121908950210723,0.0755958011608832,0.2835457220148594,0.34502713390062606,-0.11058858408112941,-0.8854826565089327,0.0,1.0
2018-10-03,2931.68994140625,2939.860107421875,2921.360107421875,2925.510009765625,3625510000,0.022012837342718108,-0.23169601659613884,0.6483088919374591,0.08275341876652094,0.11533535620316902,0.08067179808891844,0.2794826418340024,0.3366625365834501,-0.09944388709271118,-0.8864165786622211,0.0,1.0
2018-10-04,2919.35009765625,2919.780029296875,2883.919921875,2901.610107421875,3510370000,-0.7717206302497617,-0.36900967831033055,-0.41817052085541134,-0.5555271537426665,-0.23947757917528553,-0.39049264999834943,0.20554803951191614,0.3140411502117127,-0.25882927232388653,-0.8886945814823692,0.0,1.0
2018-10-05,2902.5400390625,2909.639892578125,2869.2900390625,2885.570068359375,3340820000,-0.5356380612572804,-0.5796385171229645,-0.9661873281730352,-0.8657611614387344,-0.47609502911074986,-0.6461213040460141,0.0991417557098283,0.2730180899058973,-0.46455286672209983,-0.846786580157701,0.0,1.0
2018-10-08,2877.530029296875,2889.449951171875,2862.080078125,2884.429931640625,3381820000,-0.07689202948709903,-0.5277409793171018,-1.002711235024646,-0.6615947113316254,-0.49733656339988447,-0.5894549675132337,0.009129019098994226,0.22080579071617204,-0.5896442279767603,-0.8555086801145548,0.0,1.0
2018-10-09,2882.510009765625,2894.830078125,2874.27001953125,2880.340087890625,3531690000,-0.16830291839175066,-0.3432472869113406,-1.1377121975778388,-0.5273614307924595,-0.5498749135879877,-0.5957136450075322,-0.07505579262053437,0.16089776612749201,-0.675679460219555,-0.8554250523014261,0.0,1.0
2018-10-10,2873.89990234375,2874.02001953125,2784.860107421875,2785.679931640625,4554260000,-2.978796670088406,0.7386617781172001,-2.8892982474808213,-2.5542696218906618,-1.8183723136706786,-2.2789195809010034,-0.40063772082173355,0.042822525037607494,-1.3259664339826547,0.22015818336570145,0.0,1.0
2018-10-11,2776.8701171875,2795.139892578125,2710.510009765625,2728.3701171875,4914090000,-1.8802771921313437,1.0622030159187161,-3.362625544978122,-3.2802401000063033,-2.51280180040573,-3.0337766299460647,-0.8098095902816316,-0.13979650563889398,-2.0475410275445496,0.3469657229489284,0.0,1.0
2018-10-12,2770.5400390625,2775.77001953125,2729.43994140625,2767.1298828125,4024010000,1.2280904316420136,0.2119992995540469,-2.304634675862696,-1.3742634219267107,-1.8681996056036638,-1.8738821751895371,-1.0178940069520486,-0.33072492060231384,-2.1404367287109087,0.597626939838924,0.0,1.0
2018-10-15,2763.830078125,2775.989990234375,2749.030029296875,2750.7900390625,3327160000,-0.5693321952849568,-0.5970708048762889,-2.466267805662763,-1.0621236024922303,-2.0070492590930136,-1.9223070691612951,-1.216278421929059,-0.5262109122355559,-2.1913886724101674,0.5427063136656805,0.0,1.0
2018-10-16,2767.050048828125,2813.4599609375,2766.909912109375,2809.919921875,3460260000,1.8795757642093127,-0.4301823179221338,-1.2215549934155057,1.232535085608528,-1.0970120810691488,-0.5339915573344259,-1.1990486451010458,-0.6788874339659166,-1.7127953632224933,0.9477408966985215,0.0,1.0
2018-10-17,2811.669921875,2816.93994140625,2781.81005859375,2809.2099609375,3347090000,-0.06416027496518388,-0.5716608737914017,-1.2308080827441117,1.0604905413556716,-1.0380667372445949,-0.4868252718835367,-1.176228538167454,-0.796111905464185,-1.3164551591378253,0.9433985779493352,0.0,1.0
2018-10-18,2802.0,2806.0400390625,2755.179931640625,2768.780029296875,3639300000,-1.3278469378898516,-0.21554358557282063,-1.721870189203906,-0.45958404172465256,-1.504996756641326,-1.1999289026014572,-1.2575774566610705,-0.9074186555853284,-1.2502973238935633,0.9907583883749377,0.0,1.0
2018-10-19,2775.659912109375,2797.77001953125,2760.27001953125,2767.780029296875,3593940000,-0.07385806365225592,-0.2689069535110576,-1.733177711645351,-0.49489599424429354,-1.4065983158057926,-1.0579427559676646,-1.312115110957139,-1.0082145609788964,-1.1327901468147494,0.9982781771738505,0.0,1.0
2018-10-22,2773.93994140625,2778.93994140625,2749.219970703125,2755.8798828125,3331270000,-0.425846076518366,-0.5918182886047116,-1.8713532660150616,-0.8984749647435026,-1.4639964519519666,-1.1453612906346076,-1.3747424288123358,-1.102344763142609,-1.0582701638746028,0.9903627503885652,0.0,1.0
2018-10-23,2721.030029296875,2753.590087890625,2691.429931640625,2740.68994140625,4373710000,-0.5341947760640217,0.5665536611424677,-2.0429333161164407,-0.9448195948740246,-1.5614277397722627,-1.2835056453309328,-1.4519630932245065,-1.1942866376226533,-1.0338055071038061,0.9851940144581933,0.0,1.0
2018-10-24,2737.8701171875,2742.590087890625,2651.889892578125,2656.10009765625,4738670000,-2.800066361955985,0.9075448758549702,-2.7702563162332923,-2.668646502013859,-2.6170579470602937,-2.743318142437339,-1.7289427605026009,-1.327517273846047,-1.4953978874775884,0.926189574919679,0.0,1.0
2018-10-25,2674.8798828125,2722.699951171875,2667.840087890625,2705.570068359375,4663930000,1.6230214238905,0.8399036223037244,-1.8478156467609104,-0.6988072855366173,-1.7511279446784274,-1.394518244287702,-1.7937840230921773,-1.448072269992477,-1.3536891360198293,0.9989851236148812,0.0,1.0
2018-10-26,2667.860107421875,2692.3798828125,2628.159912109375,2658.68994140625,4804330000,-1.5901910868683888,0.9660939694060694,-2.225912695131102,-1.5100051573801327,-2.2590657832485737,-2.1183972817535413,-1.9543610485036995,-1.5791136696027355,-1.470923069227045,0.9738516170841728,0.0,1.0
2018-10-29,2682.64990234375,2706.85009765625,2603.5400390625,2641.25,4701260000,-0.6278384630865832,0.8738224680736199,-2.352639003715338,-1.3443298898613383,-2.3179988814052432,-2.1644469132519952,-2.107851788347165,-1.7170174039845396,-1.547641316720378,0.9754909855303725,0.0,1.0
2018-10-30,2640.679931640625,2685.429931640625,2635.340087890625,2682.6298828125,5125600000,1.358628966039547,1.2414996901769861,-1.6769626426890596,0.3767186694773174,-1.5359208284113457,-1.0461584556622978,-2.093680482754234,-1.8242870881607594,-1.205164488696746,0.8273820221211668,0.0,1.0
2018-10-31,2705.60009765625,2736.68994140625,2705.60009765625,2711.739990234375,5133380000,0.9282515980336178,1.2479528565927496,-1.2538738292890945,0.9583154308407672,-0.9493242701332784,-0.3360195680193119,-1.981762702235747,-1.885989395168696,-0.6957388434026973,0.9428502937974393,0.0,1.0
2018-11-01,2717.580078125,2741.669921875,2708.85009765625,2740.3701171875,4730250000,0.9020212842891736,0.8999781303668903,-0.8696894670097763,1.6569489063794107,-0.40432463708339567,0.2554459368123129,-1.7958469163646027,-1.895294431313626,-0.10995762930172168,0.9497382755904938,0.0,1.0
2018-11-02,2745.449951171875,2756.550048828125,2700.43994140625,2723.06005859375,4261230000,-0.6061282630130701,0.45570309465239023,-1.055203260429101,0.6765230240466017,-0.5424397212673235,-0.1441737652245192,-1.6793212577853163,-1.8776322215032255,0.1915257460056351,0.9634625336264144,0.0,1.0
2018-11-05,2726.3701171875,2744.27001953125,2717.93994140625,2738.31005859375,3650910000,0.45894575270450827,-0.2019920061098463,-0.846329176542867,0.5380825398440595,-0.20511198620576232,0.15524694010369916,-1.5297202781430603,-1.831269914020402,0.5123817330154145,0.9813583787712107,0.0,1.0
2018-11-06,2738.39990234375,2756.820068359375,2737.080078125,2755.449951171875,3543800000,0.5178415133505528,-0.32868312784588244,-0.6155803587680935,0.6167643950243176,0.1463578624552984,0.44460732200533637,-1.3507580115067184,-1.7556214411706654,0.8397897300816151,0.9853209127465319,0.0,1.0
2018-11-07,2774.1298828125,2815.14990234375,2774.1298828125,2813.889892578125,3929080000,1.8539482070963675,0.11042459259674986,0.07073820595706785,1.8117082884941043,1.0031488528989077,1.4891739352221747,-1.0382347091801123,-1.6277674104544486,1.4234276670612018,0.479671324246392,0.0,1.0
2018-11-08,2806.3798828125,2814.75,2794.989990234375,2806.830078125,3673550000,-0.2658114322189313,-0.17568935272558045,-0.024691349754675216,1.1631957691020625,0.8366827847795351,1.0971156097550774,-0.8032035669445683,-1.4748451417684914,1.70368086787541,0.3833590119126762,0.0,1.0
2018-11-09,2794.10009765625,2794.10009765625,2764.239990234375,2781.010009765625,4029030000,-0.8637342902197184,0.21730376085038053,-0.36765495013164073,-0.012497178455299374,0.4386881651112379,0.40587961469777917,-0.6827102947410902,-1.3265462389894385,1.6519934259614923,0.16695910556875293,0.0,1.0
2018-11-12,2773.929931640625,2775.989990234375,2722.0,2726.219970703125,3701570000,-1.8023858440798763,-0.1433598892527426,-0.9963869634958673,-1.652564081226871,-0.36488667571280936,-0.738924318658624,-0.7323088621695353,-1.2185934624991914,1.200939345234282,0.49785566600527315,0.0,1.0
2018-11-13,2730.050048828125,2754.60009765625,2714.97998046875,2722.179931640625,4112820000,-0.17402430765337923,0.3048790931847637,-1.0389793789233626,-1.574302649396606,-0.3599949105654435,-0.725782114086759,-0.7762449335861027,-1.141697564099167,0.8537354650657694,0.3855519172212016,0.0,1.0
2018-11-14,2737.89990234375,2746.800048828125,2685.75,2701.580078125,4449060000,-0.7179108901552514,0.6392288595264662,-1.25737268775423,-1.5276485851648267,-0.5895956222176747,-1.0376267858983543,-0.8603910274837172,-1.09831068860029,0.4791175547228423,0.35796558104492715,0.0,1.0
2018-11-15,2693.52001953125,2735.3798828125,2670.75,2730.199951171875,4204960000,0.9052306866933671,0.39914527387829296,-0.8522614584104005,-0.13718574034265102,-0.1294576847885512,-0.3422743150079357,-0.8408936589185743,-1.0594003486976817,0.4290716188685786,0.35853523814817273,0.0,1.0
2018-11-16,2718.5400390625,2746.75,2712.159912109375,2736.27001953125,3996970000,0.15712764494900153,0.18331275311494652,-0.7683686507373897,0.3421379838094502,-0.01413594713789079,-0.19264495284257727,-0.8018940421046568,-1.0198693464078457,0.4360103842040407,0.3314278954580789,0.0,1.0
2018-11-19,2730.739990234375,2733.159912109375,2681.090087890625,2690.72998046875,3806940000,-1.5290451628035873,-0.02393658141402472,-1.281127321586203,-0.8874665402320016,-0.6523809096965404,-1.0738560657169025,-0.8887643509795085,-1.006961338279909,0.1383756107454306,0.4873708067464001,0.0,1.0
2018-11-20,2654.60009765625,2669.43994140625,2631.52001953125,2641.889892578125,4370820000,-1.6638334473514194,0.5637413798728822,-1.7359066748181502,-1.9480447321956718,-1.3173211747499531,-1.8926613568802273,-1.082257671461301,-1.038324372156594,-0.35655750901161837,0.5856718940515995,0.0,1.0
2018-11-21,2657.739990234375,2670.72998046875,2649.820068359375,2649.929931640625,3237400000,0.23041327053350197,-0.7134302542286134,-1.6125646244561538,-1.3613774948654778,-1.191154261737805,-1.469989236024625,-1.202009768608836,-1.0892161959256188,-0.5748818237066797,0.13173215443114655,0.0,1.0
2018-11-23,2633.360107421875,2647.550048828125,2631.090087890625,2632.56005859375,1651680000,-0.6274132930717575,-3.5767376337211374,-1.7714851878280529,-1.3005266372652593,-1.4003646449144944,-1.6136238188831753,-1.331897941658562,-1.157914937496408,-0.7739562746754294,0.1208057723746355,0.0,1.0
2018-11-26,2649.969970703125,2674.35009765625,2649.969970703125,2673.449951171875,3523520000,1.3466160139028105,-0.35310122146026013,-1.1497721389531956,0.4426010462458014,-0.7919535299838595,-0.5779634384808253,-1.3094132395034233,-1.208029450087748,-0.5661917855062415,0.43331567481062994,0.0,1.0
2018-11-27,2663.75,2682.530029296875,2655.889892578125,2682.169921875,3494380000,0.24993274561513368,-0.38843436157532873,-1.0255058120343505,0.7844722193118839,-0.6904829692217699,-0.337615651386028,-1.2555094159535403,-1.2365071179715532,-0.3243002336498146,0.2475278772079589,0.0,1.0
2018-11-28,2691.449951171875,2744.0,2684.3798828125,2743.7900390625,3984540000,2.011704915985656,0.17006068115531814,-0.2463384183880638,2.1178518481410276,0.19533159824981786,0.9116060687627919,-1.0333816921840873,-1.211430336665597,0.27441778639569364,0.6260537637256478,0.0,1.0
2018-11-29,2736.969970703125,2753.75,2722.93994140625,2737.800048828125,3599200000,-0.2366925396141977,-0.2626844567914879,-0.3215423180671436,1.3429561391199298,0.0849723090358459,0.6300111988830347,-0.866311931887738,-1.1553726054244653,0.6207728191697662,0.5846689922526939,0.0,1.0
2018-11-30,2737.760009765625,2760.8798828125,2732.760009765625,2760.169921875,4668310000,0.6886762045135113,0.8438974158521582,-0.0609397958932362,1.2288841114403233,0.40778703823812573,0.9496158092683564,-0.6669649725471457,-1.0675757740966985,0.9756036772850896,0.5591876973709093,0.0,1.0
2018-12-03,2790.5,2800.179931640625,2773.3798828125,2790.3701171875,4221580000,0.9363037016035264,0.4159286629990159,0.26619112597676514,1.4338824914050614,0.8118718790591656,1.369456928072418,-0.42325350300928544,-0.9448290298837266,1.3663301801242493,0.6151577282649425,0.0,1.0
2018-12-04,2782.429931640625,2785.929931640625,2697.179931640625,2700.06005859375,4515710000,-2.9341697646732663,0.7024942760602725,-0.809672849845372,-1.5407212428093686,-0.5218185469364477,-0.6310197705184682,-0.4761088662520207,-0.8580196788609967,0.9645640295618764,1.07718707985989,0.0,1.0
2018-12-06,2663.510009765625,2696.14990234375,2621.530029296875,2695.949951171875,5180430000,-0.17762684812730328,1.2867715471576147,-0.8510813993174167,-1.3724447507027684,-0.5393641909770589,-0.6364679923302975,-0.5257072442902245,-0.7992585029704039,0.6509962843032204,0.87755883364678,0.0,1.0
2018-12-07,2691.260009765625,2708.5400390625,2623.139892578125,2633.080078125,4242240000,-2.125798366144673,0.43669988889648903,-1.4305980138105119,-2.724821701955266,-1.3567819763084474,-1.8019572492827154,-0.7323858214939611,-0.7967798550892509,0.021779398632962133,1.1820808141673702,0.0,1.0
2018-12-10,2630.860107421875,2647.510009765625,2583.22998046875,2637.719970703125,4162880000,0.11591255238481613,0.35635319431408213,-1.3702814483418913,-1.8078124207137258,-1.1613417477249488,-1.459466838238034,-0.8757252365578714,-0.8256803801166006,-0.3290276128979529,1.162972508082328,0.0,1.0
2018-12-11,2664.43994140625,2674.35009765625,2621.300048828125,2636.780029296875,3963440000,-0.07342694620029974,0.14747027299325854,-1.3789342671794527,-0.8546541829780471,-1.0683697740470297,-1.2785253303825292,-0.9830187977775077,-0.8719179212483086,-0.5228487447094025,1.0315702768940194,0.0,1.0
2018-12-12,2658.22998046875,2685.43994140625,2650.260009765625,2651.070068359375,4029300000,0.4427856708045451,0.21758887323584608,-1.1741971129636906,-0.0674010247167545,-0.7940216290882404,-0.8205279212363088,-1.0193269762323578,-0.9167307959819911,-0.5069215256275946,1.0440402941674953,0.0,1.0
2018-12-13,2658.699951171875,2670.18994140625,2637.27001953125,2650.5400390625,3978340000,-0.05944738735186381,0.16343517633784918,-1.1799302125399076,0.21410460173867243,-0.7481922493452854,-0.7270836376096461,-1.0400101219582951,-0.9570374189559361,-0.45654337456385935,0.687739551110416,0.0,1.0
2018-12-14,2629.679931640625,2635.070068359375,2593.840087890625,2599.949951171875,4064370000,-1.7474403226241262,0.2544603352631479,-1.6886715165983979,-1.235896898028663,-1.4465247277228226,-1.6517478693362226,-1.1846948425956136,-1.0204560158228524,-0.7149262999397182,0.8170327112225383,0.0,1.0
2018-12-17,2590.75,2601.1298828125,2530.5400390625,2545.93994140625,4661420000,-1.8981943237637293,0.8376132506555941,-2.1262728765205203,-2.4288186827655016,-2.1396329136265657,-2.5166721525935696,-1.434206724346584,-1.1249499103833163,-1.1741322348326588,0.8102812409218096,0.0,1.0
2018-12-18,2559.89990234375,2573.989990234375,2528.7099609375,2546.159912109375,4519190000,-0.033856758746410164,0.7057718559269203,-2.1226668928073122,-1.8314428774322822,-1.9966350621203008,-2.157996671517603,-1.6151571035623455,-1.247532005153735,-1.3763513142879864,0.6263549043553333,0.0,1.0
2018-12-19,2547.050048828125,2585.2900390625,2488.9599609375,2506.9599609375,5152830000,-1.4175601752931453,1.264043081127883,-2.409157991078058,-2.202323349694089,-2.467607563830773,-2.6604535144248724,-1.8477999233857572,-1.395722144917916,-1.6626393487624953,0.2558085161332732,0.0,1.0
2018-12-20,2496.77001953125,2509.6298828125,2441.179931640625,2467.419921875,5619780000,-1.4511999333310026,1.633121819630807,-2.660860907122215,-2.33321089569269,-2.9538674025872727,-3.105299304208143,-2.1192185025675037,-1.572753219446863,-1.9850698399703766,0.2688941418010033,0.0,1.0
2018-12-21,2465.3798828125,2504.409912109375,2408.550048828125,2416.6201171875,7657890000,-1.8816375310687394,2.949708323014716,-2.9364818690012036,-2.8586918126341434,-3.576774304733022,-3.7323010181656286,-2.448621444856551,-1.785350163734463,-2.3826825023216545,0.21205371445743654,0.0,1.0
2018-12-24,2400.56005859375,2410.340087890625,2351.10009765625,2351.10009765625,2613670000,-2.464717891290609,-1.6239973233586718,-3.22452900491884,-3.842334523377084,-4.402060489689526,-4.599922925836829,-2.859831684447527,-2.044025737556035,-2.897823751244521,0.3332381711001565,0.0,1.0
2018-12-26,2363.1201171875,2467.760009765625,2346.580078125,2467.699951171875,4249740000,4.390827982791452,0.44421524876724244,-1.6664732684556918,0.8442580342731477,-2.4206609849293903,-1.4600734432797342,-2.833935021327779,-2.2453865859556297,-2.2570672978916546,2.003324926660255,0.0,1.0
2018-12-27,2442.5,2489.10009765625,2397.93994140625,2488.830078125,4139010000,0.7237049682292541,0.3318865725058523,-1.4378027524044967,1.7284792274984386,-1.9422846211082996,-0.8107775898803604,-2.7261506388720456,-2.383252392821172,-1.5472173017639208,2.034484457243531,0.0,1.0
2018-12-28,2498.77001953125,2520.27001953125,2472.889892578125,2485.739990234375,3728440000,-0.15254433663714517,-0.11258634418056214,-1.459978249291889,1.4852722652501829,-1.7952895305316747,-0.7739761306234729,-2.621469277673805,-2.470990733309156,-0.9868116235517028,2.0302820712604093,0.0,1.0
2018-12-31,2498.93994140625,2509.239990234375,2482.820068359375,2506.85009765625,3461920000,0.7174311905473267,-0.42814169586826195,-1.2176287272858444,1.5821550496510772,-1.2815344609828276,-0.22769032333558054,-2.454434833600014,-2.5051927086214194,-0.38829577578589897,2.0198885883372215,0.0,1.0
2019-01-02,2476.9599609375,2519.489990234375,2467.469970703125,2510.030029296875,3733160000,0.0717922904955267,-0.10720355388675618,-1.1803346879085694,0.5627956075361796,-1.035475558508161,-0.14632891040501206,-2.2893349588642415,-2.496982407799341,0.08585706075621817,1.8946325037968046,0.0,1.0
2019-01-03,2491.919921875,2493.139892578125,2443.9599609375,2447.889892578125,3858830000,-2.2541945448588585,0.03366466578901838,-1.673145955971475,-1.4696463953927852,-1.7679512385253018,-1.4706802088272426,-2.3057148470801954,-2.4939433244867177,0.028044849906758703,2.0804813153648385,0.0,1.0
2019-01-04,2474.330078125,2538.070068359375,2474.330078125,2531.93994140625,4234140000,3.027152185973374,0.4285683620381714,-0.7661416229274659,1.1624515518658352,-0.2759792228603119,0.5260467638420875,-2.065533664709899,-2.4397634028563826,0.5997796343044952,2.4519596356958515,0.0,1.0
2019-01-07,2535.610107421875,2566.159912109375,2524.56005859375,2549.68994140625,4133120000,0.5849740527645766,0.32582765017834153,-0.5990485902045899,1.3280417371680666,0.1307514261083976,0.7992580376966066,-1.8078345268518812,-2.340896448960587,1.0993633642180485,2.3474200590524603,0.0,1.0
2019-01-08,2568.110107421875,2579.820068359375,2547.56005859375,2574.409912109375,4120060000,0.8249306950016011,0.3123622399093877,-0.36938682713444393,1.70686291197682,0.5807430346034063,1.174964828966403,-1.5203449537460358,-2.199861319138973,1.5707872548788933,2.1227199365168112,0.0,1.0
2019-01-09,2580.0,2595.320068359375,2568.889892578125,2584.9599609375,4088740000,0.3246812485487821,0.27989528528641505,-0.2713831129008121,1.544360010212463,0.7961839033508477,1.1910160998100956,-1.2514230952988106,-2.0290921878785695,1.9032018859468611,1.6436720558886813,0.0,1.0
2019-01-10,2573.510009765625,2597.820068359375,2562.02001953125,2596.639892578125,3721300000,0.36225182670610845,-0.1207419193825038,-0.1601569138170728,0.9136344480143193,1.019908409724362,1.2272685949235242,-0.9970328201772306,-1.8376667830627684,2.13413103173612,0.775669653208959,0.0,1.0
2019-01-11,2588.110107421875,2596.27001953125,2577.39990234375,2596.260009765625,3447460000,-0.05465402109151748,-0.44595019076939874,-0.16452962746374594,0.46241395464189616,1.0596907844803736,1.0054591139516906,-0.7898054861966763,-1.6398779330316666,2.205271887026652,0.7813522103882665,0.0,1.0
2019-01-14,2580.31005859375,2589.320068359375,2570.409912109375,2582.610107421875,3689370000,-0.5114664564450854,-0.15740605912046007,-0.3277979692669301,-0.2190736781449195,0.8939039515057083,0.5426329718780674,-0.6580688937982515,-1.45326331604098,2.0803482852960316,0.8158799057099734,0.0,1.0
2019-01-15,2585.10009765625,2613.080078125,2585.10009765625,2610.300048828125,3601180000,0.9166648124803681,-0.2603445036956718,-0.028189727536311417,0.4688950446516899,1.337316498758886,1.0122241297558578,-0.47427361343009844,-1.264371690193523,2.1058043632685823,0.8301935062074388,0.0,1.0
2019-01-16,2614.75,2625.760009765625,2612.679931640625,2616.10009765625,3882180000,0.15700967660695653,0.059332424106621325,0.03372440607068109,0.4532872543774558,1.3725983437270721,0.9525133218707276,-0.31146472394241104,-1.0781801166605907,2.0756188231271175,0.8275061850216746,0.0,1.0
2019-01-17,2609.280029296875,2645.06005859375,2606.360107421875,2635.9599609375,3802410000,0.636897448712792,-0.02900238166005328,0.24639503722582234,0.8516328067824035,1.6200101836610425,1.1915951335855346,-0.1286221573430681,-0.8898321941837739,2.0997259699607107,0.20238340081096814,0.0,1.0
2019-01-18,2651.27001953125,2675.469970703125,2647.580078125,2670.7099609375,4009010000,1.1366475692690818,0.19610979764901423,0.590605728440202,1.504743598863839,2.045152634649174,1.6953913713223716,0.10842772611433699,-0.6880798606832629,2.2495820986185833,-0.5689238577749212,0.0,1.0
2019-01-22,2657.8798828125,2657.8798828125,2617.27001953125,2632.89990234375,3923950000,-1.3068782767196239,0.10486583753179707,0.051780629996857806,-0.08203483060943847,1.2928151291579377,0.63438470784202,0.1874252718318968,-0.5096574400772658,1.9887626995329148,-0.15753566526254462,0.0,1.0
2019-01-23,2643.47998046875,2653.18994140625,2612.860107421875,2638.699951171875,3358770000,0.1553050658889369,-0.5568395782460134,0.1140473510297119,-0.07805742103614101,1.2010966140527808,0.6327860747609568,0.2605869460205576,-0.3511563276516968,1.766050182254657,-0.20595778975947826,0.0,1.0
2019-01-24,2638.840087890625,2647.199951171875,2627.010009765625,2642.330078125,3449230000,0.0813757756622518,-0.4437663048991378,0.15491496886025877,-0.13118669623133206,1.0183752600534246,0.5869613787028632,0.3224267305560504,-0.21103163922545679,1.5606088723569456,-0.208149570644044,0.0,1.0
2019-01-25,2657.43994140625,2672.3798828125,2657.330078125,2664.760009765625,3821000000,0.7170924555793525,-0.008251892406233866,0.4063010292501418,0.41596882110503386,1.2144208100923748,0.9301693708630888,0.4259454110449715,-0.07662809087732549,1.4966487399722186,-0.17386768309228812,0.0,1.0
2019-01-28,2644.969970703125,2644.969970703125,2624.06005859375,2643.85009765625,3630820000,-0.7428835752671508,-0.22546907286541232,0.07562896689900768,-0.09395632094366951,0.7546158534811749,0.3394700279229875,0.44278105447515387,0.03452210067970603,1.2366852085007622,-0.07745794566660445,0.0,1.0
2019-01-29,2644.889892578125,2650.929931640625,2631.050048828125,2640.0,3518070000,-0.17172979055900486,-0.35968724414637326,0.014862532151795057,-0.26714319916584894,0.5685934378512196,0.18742172684148986,0.438021079066628,0.12241668513305824,0.9766965194053827,-0.11779305612149292,0.0,1.0
2019-01-30,2653.6201171875,2690.43994140625,2648.340087890625,2681.050048828125,3883270000,1.3481257742209771,0.06052684458533078,0.4994395830997783,0.8007803367444715,1.0770709456328065,0.967595241341783,0.538807311764856,0.21444742600492786,1.0229371477557665,-0.01886205232611492,0.0,1.0
2019-01-31,2685.489990234375,2708.949951171875,2678.64990234375,2704.10009765625,4953800000,0.7268076122380231,1.0964462913923831,0.738967654015235,1.1455082544226562,1.2825372946410338,1.2585320821078274,0.6720643458343261,0.31678314507667454,1.1381428167111305,0.008931581888042687,0.0,1.0
2019-02-01,2702.320068359375,2716.659912109375,2696.8798828125,2706.530029296875,3782490000,0.038733908673391375,-0.05135033937816614,0.7640939359003565,0.949138424729718,1.1109291731281914,1.0883170774726594,0.7730260868721448,0.4204046080982558,1.1525169365756216,-0.006067585852285775,0.0,1.0
2019-02-04,2706.489990234375,2724.989990234375,2698.75,2724.8701171875,3369450000,0.5640427465319482,-0.5433322702875159,0.9547324687530306,1.01200540527183,1.241928199871922,1.262484561624346,0.8909106656434286,0.5287008057587146,1.2047786610368263,-0.09875762839484079,0.0,1.0
2019-02-05,2728.340087890625,2738.97998046875,2724.030029296875,2737.699951171875,3597620000,0.379233088810171,-0.26455261572516203,1.0840673611909624,0.7889465162612478,1.2902578624899803,1.297803026294363,1.005687817209395,0.6400672749894302,1.2391031092079352,-0.42586639679243543,0.0,1.0
2019-02-06,2735.050048828125,2738.080078125,2724.14990234375,2731.610107421875,3486590000,-0.24038637010847325,-0.3979298920968794,0.9553330609123986,0.26796712221984287,1.0696801313090318,0.9520917543675097,1.065141513083513,0.7419701499713104,1.133303787267375,-0.38356676075392543,0.0,1.0
2019-02-07,2717.530029296875,2719.320068359375,2687.260009765625,2706.050048828125,4114040000,-0.8778667321079427,0.30614098782254795,0.43606953450230734,-0.5612740243306128,0.5778545478756978,0.27607395689124387,1.0274912926982478,0.8153804561468951,0.8147678926814793,-0.21077605997524224,0.0,1.0
2019-02-08,2692.360107421875,2708.070068359375,2681.830078125,2707.8798828125,3649510000,0.018856256344253194,-0.20362384606539463,0.459990161188888,-0.5113875263056316,0.5186984689529489,0.24823856356602111,0.988864838350518,0.8657863710887174,0.557587699808469,-0.25460723102888383,0.0,1.0
2019-02-11,2712.39990234375,2718.050048828125,2703.7900390625,2709.800048828125,3395330000,0.02179685106308776,-0.5107778413629348,0.48663693981191936,-0.3540513265872306,0.4593820873796034,0.2264827713847069,0.9501599887457328,0.8977718822568763,0.3516547130508575,-0.36774619396803304,0.0,1.0
2019-02-12,2722.610107421875,2748.18994140625,2722.610107421875,2744.72998046875,3843020000,1.1104762404248776,0.016197003309164022,0.9378171704162781,0.7178247780567661,0.8694157744578218,0.8591501302340787,1.0018295720728732,0.9344928512620188,0.4045952993711784,-0.2820108602832417,0.0,1.0
2019-02-13,2750.300048828125,2761.85009765625,2748.6298828125,2753.030029296875,3684910000,0.22868869685386703,-0.16255256716331845,1.0351504314515394,0.8447704234590728,0.8844915984496986,0.86668375293667,1.0511152576722926,0.9744885596996974,0.44120561912753836,-0.46933633843382444,0.0,1.0
2019-02-14,2743.5,2757.89990234375,2731.22998046875,2745.72998046875,3845390000,-0.27856739649584056,0.018820069155113573,0.8595356881217406,0.35720247314680803,0.6714052321116551,0.5669586046162852,1.0554408930825698,1.0074171137612842,0.3621975677065084,-0.4964717900249638,0.0,1.0
2019-02-15,2760.239990234375,2775.659912109375,2760.239990234375,2775.60009765625,3648680000,0.9307022984325729,-0.20459158964011664,1.2175862052354502,0.8721166780571757,1.0180404102198535,1.0413042439429134,1.1258294267064473,1.0489256411208558,0.4581183493172149,-0.3937395833954353,0.0,1.0
2019-02-19,2769.280029296875,2787.330078125,2767.2900390625,2779.760009765625,3535270000,0.09237040419075158,-0.3389365869217484,1.2643227767078675,0.5575334102503652,0.9960001977399713,0.937961181207671,1.1770805668593907,1.0931748666762138,0.488758294684015,-0.41897834196874567,0.0,1.0
2019-02-20,2779.050048828125,2789.8798828125,2774.06005859375,2784.699951171875,3904830000,0.11724930246133008,0.0840836131118105,1.321837420237173,0.459763267404347,0.9525650727653002,0.8659235386368086,1.2148805638427298,1.1367185113082288,0.48087017297243306,-0.42953306346603504,0.0,1.0
2019-02-21,2780.239990234375,2781.580078125,2764.550048828125,2774.8798828125,3598260000,-0.3567516204805615,-0.26379579427837324,1.0504515216176686,0.013810519979485214,0.6982089128124377,0.5190949209050388,1.201470820829531,1.168664207476676,0.3512095967597496,-0.4141079850928851,0.0,1.0
2019-02-22,2780.669921875,2794.199951171875,2779.110107421875,2792.669921875,3429350000,0.5314091259286939,-0.468359568482379,1.2790105614760376,0.27618629130149264,0.8508135979615749,0.7612309404983819,1.2233659481902095,1.1989382172124994,0.33252078927092893,-0.5867433495736085,0.0,1.0
2019-02-25,2804.35009765625,2813.489990234375,2794.989990234375,2796.110107421875,3860260000,0.06851812013385143,0.035241068981374135,1.3221949076481638,0.2550137288285944,0.8013107953128501,0.6875595257718995,1.2335499556155656,1.2253516380588592,0.28936089926964376,-0.5906670372173136,0.0,1.0
2019-02-26,2792.360107421875,2803.1201171875,2789.469970703125,2793.89990234375,3676200000,-0.11222531253683267,-0.17262124436825135,1.2537333959143877,0.09756855168364699,0.6528957931695506,0.5165804972361008,1.2190378245629845,1.243355638263686,0.19534683036589567,-0.5757053608708861,0.0,1.0
2019-02-27,2787.5,2795.760009765625,2775.1298828125,2792.3798828125,3771790000,-0.09020279259464987,-0.06340315069838035,1.2039862628198001,0.002227493459103943,0.5138494081712034,0.38574764240719495,1.187223905536606,1.2509043150922134,0.0784603605113981,-0.751321161767543,0.0,1.0
2019-02-28,2788.110107421875,2793.72998046875,2782.510009765625,2784.489990234375,4445780000,-0.2941066188878111,0.6360910029383221,0.9399949231334548,-0.3034244125899711,0.31744774378294205,0.15293142298085885,1.1248507735098008,1.2435045447565587,-0.08865749476112603,-0.721203601156775,0.0,1.0
2019-03-01,2798.219970703125,2808.02001953125,2787.3798828125,2803.68994140625,3994950000,0.5746857951839623,0.18116196504617993,1.2478855309094001,0.2256938613764399,0.5286337484157515,0.47661148960974525,1.1131012882437983,1.2350532226755255,-0.10041343639610421,-0.7035365819359108,0.0,1.0
2019-03-04,2814.3701171875,2816.8798828125,2767.659912109375,2792.81005859375,3949730000,-0.3884010045946922,0.13272731047840136,0.8879618623495854,-0.09236661245335423,0.3013378487479648,0.17273224389609182,1.0591412234579614,1.2166661052679821,-0.2114917836756611,-0.8306342749601211,0.0,1.0
2019-03-05,2794.409912109375,2796.43994140625,2782.969970703125,2789.64990234375,3631380000,-0.14270872154822256,-0.2248129016266242,0.7838238979379556,-0.16430665480960494,0.20563123346657894,0.06413704513954689,0.9937714700341533,1.1878720572610504,-0.32783724100898043,-0.8269997220924927,0.0,1.0
2019-03-06,2790.27001953125,2790.27001953125,2768.68994140625,2771.449951171875,3800180000,-0.6246655927097562,-0.031498359201370285,0.21279629229928862,-0.6014684542692127,-0.09016234739889574,-0.3162196399880979,0.8792043500736174,1.140152560478524,-0.5394164354704332,-0.7468713106039511,0.0,1.0
2019-03-07,2766.530029296875,2767.25,2739.090087890625,2748.929931640625,3932150000,-0.7678091834522157,0.11374770676861927,-0.3917738537096792,-1.0845469525658697,-0.4376409321396486,-0.7220504098697571,0.7156200580979438,1.0667316245039398,-0.826748580944745,-0.6604218207606244,0.0,1.0
2019-03-08,2730.7900390625,2744.1298828125,2722.27001953125,2743.070068359375,3424300000,-0.23209698011401264,-0.47462955926338823,-0.5365393640104339,-0.8922761764710347,-0.5519443615471776,-0.745936707838513,0.5609169168775313,0.9746630409803194,-1.0352220651832815,-0.7718622807538862,0.0,1.0
2019-03-11,2747.610107421875,2784.0,2747.610107421875,2783.300048828125,3764850000,1.2691886774423884,-0.07123887577617842,0.32443377208504404,0.4310769069666933,-0.01082745747376407,0.12222878012165268,0.5405900293474131,0.8966286092045135,-0.8783256788961858,-0.3918063381785782,0.0,1.0
2019-03-12,2787.340087890625,2798.320068359375,2786.72998046875,2791.52001953125,3432340000,0.22237203636374642,-0.4646515875672594,0.47160610971941985,0.6775193870802838,0.050154035607419996,0.2399706141165248,0.5385061970239426,0.8337520880611256,-0.7088661030967706,-0.3792224629772837,0.0,1.0
2019-03-13,2799.780029296875,2821.239990234375,2799.780029296875,2810.919921875,3782250000,0.5795355332768907,-0.05162030881697353,0.7972932298927728,1.0358608017329376,0.28784292522897065,0.5533899675379592,0.5812190359406831,0.7926536402497878,-0.4653956698640518,-0.3262801097560496,0.0,1.0
2019-03-14,2810.3798828125,2815.0,2803.4599609375,2808.47998046875,3505670000,-0.11915765667537448,-0.37471005078493386,0.726103286258969,0.5834703325861855,0.21038973873965,0.39936292505807053,0.5990000953381026,0.7636059311231319,-0.3306730741780538,-0.3386105582697911,0.0,1.0
2019-03-15,2810.7900390625,2830.72998046875,2810.7900390625,2822.47998046875,5969780000,0.40394352463031985,1.8901794761635722,0.9579929831299229,0.5213780327456783,0.35980075598965505,0.5833722073916627,0.6418654122474311,0.7496033853366492,-0.16247396948047488,-0.3626142349527553,0.0,1.0
2019-03-18,2822.610107421875,2835.409912109375,2821.989990234375,2832.93994140625,3620770000,0.2896377097340068,-0.237262240346258,1.1218870114371344,0.5357261352939328,0.4711658058113247,0.6704540341231693,0.6942439086472896,0.7496866488789014,-0.005000071426619919,-0.38446115213022497,0.0,1.0
2019-03-19,2840.760009765625,2852.419921875,2823.27001953125,2832.570068359375,3650740000,-0.053247601337546795,-0.20219012472235018,1.1094029395831055,0.2695293646060561,0.426242276574518,0.5376916183510461,0.723953386846475,0.75615436708423,0.06637566136082673,-0.38984152005986183,0.0,1.0
2019-03-20,2831.340087890625,2843.5400390625,2812.429931640625,2824.22998046875,3779160000,-0.30472833507110136,-0.05509769628054928,0.8212908826519933,-0.06955214470951267,0.27403463773704556,0.2744811576302098,0.7138344119000006,0.759148340276799,0.027540536219068174,-0.450188055693912,0.0,1.0
2019-03-21,2819.719970703125,2860.31005859375,2817.3798828125,2854.8798828125,3612620000,0.9283542959051861,-0.2468499147916164,1.3225953840038844,0.5862726409867146,0.6649568865164018,0.7912480161590276,0.7789248286086672,0.7755676879332593,0.17763102802692957,-0.5296886195685948,0.0,1.0
2019-03-22,2844.52001953125,2846.159912109375,2800.469970703125,2800.7099609375,4253730000,-1.7374117813744896,0.4482080170917479,-0.12931907013968444,-0.9438961161154752,-0.13683112590488805,-0.3790414625814713,0.6709532852041049,0.765439969116079,-0.11915490325575431,-0.013606112242684858,0.0,1.0
2019-03-25,2796.010009765625,2809.7900390625,2785.02001953125,2798.360107421875,3406110000,-0.11656564753231971,-0.4972908331767671,-0.1808570615276403,-0.8053403071065014,-0.17300303847320986,-0.3867353581282055,0.5698997748727332,0.7355651339851706,-0.33992002286460515,-0.1834234370615772,0.0,1.0
2019-03-26,2812.659912109375,2829.8701171875,2803.989990234375,2818.4599609375,3288570000,0.600372443895374,-0.6467070932993805,0.1931527064719791,-0.09909522569739657,0.10409870495038243,0.03310039531436259,0.5366227883562315,0.7044955147907455,-0.3532772463952924,-0.14585918020860256,0.0,1.0
2019-03-27,2819.719970703125,2825.56005859375,2787.719970703125,2805.3701171875,3422400000,-0.4566621023977076,-0.47699095992719603,-0.11103698768237445,-0.38690696457197155,-0.09765287108441639,-0.24169734569330487,0.4663409700562769,0.6644971278608891,-0.4530974148571432,-0.1634995254749409,0.0,1.0
2019-03-28,2809.39990234375,2819.7099609375,2798.77001953125,2815.43994140625,3185460000,0.2792286970318186,-0.7822448122046552,0.08054976668574175,0.16838175233168223,0.02734714293388274,-0.034613077400243955,0.43100807191679824,0.6248857072077186,-0.448771281613187,-0.15151551623663242,0.0,1.0
2019-03-29,2828.27001953125,2836.030029296875,2819.22998046875,2834.39990234375,3752520000,0.5602929041905425,-0.08519596668968728,0.4187339190018144,0.5454267165149432,0.2827475470647904,0.30873575573088896,0.44769670723070887,0.5967922496739676,-0.3200049105992445,-0.13196795858922653,0.0,1.0
2019-04-01,2848.6298828125,2869.39990234375,2848.6298828125,2867.18994140625,3560090000,0.9923569468302151,-0.30917017543627096,0.9140042114752845,1.12734396714789,0.7078774509896614,0.8586447320134446,0.5426578165725948,0.5947774948575765,-0.0284551048871512,-0.028416841967976256,0.0,1.0
2019-04-02,2868.239990234375,2872.89990234375,2858.75,2867.239990234375,3267210000,-0.04001865999353251,-0.6744323631570212,0.9147049684723001,0.8258212966053892,0.6506740367242851,0.7041988444339117,0.6086020538144152,0.6073738214969707,0.13489113230286476,-0.0287769672925924,0.0,1.0
2019-04-03,2876.090087890625,2885.25,2865.169921875,2873.39990234375,3570000000,0.15043095791488978,-0.29734312932188806,1.0048364568463493,0.594471491427029,0.6647099723420156,0.6887826194865706,0.6677181394867511,0.6301878420117403,0.24912099628334153,-0.047027709197777295,0.0,1.0
2019-04-04,2873.989990234375,2881.280029296875,2867.139892578125,2879.389892578125,3038740000,0.14473407809161074,-0.9828691455955053,1.0937134160203486,0.3850565513314915,0.6550348704574209,0.6723429763703456,0.720347586884022,0.6597784276792327,0.3248803726251932,-0.13521366564731416,0.0,1.0
2019-04-05,2884.159912109375,2893.239990234375,2882.989990234375,2892.739990234375,3155970000,0.3727992458503655,-0.8218168183825805,1.2868223417662583,0.4340591283562623,0.7380858951444119,0.7956610374496838,0.7873610608299241,0.6978894009621416,0.4201350093603557,-0.7039495678012265,0.0,1.0
2019-04-08,2888.4599609375,2895.949951171875,2880.780029296875,2895.77001953125,3056460000,0.052037262851691655,-0.9581305894683987,1.3301578619115453,0.3520041962356775,0.6987031825750316,0.7066532757494631,0.8367447047847382,0.7390182186101126,0.4538733416631157,-0.7267207559602259,0.0,1.0
2019-04-09,2886.580078125,2886.8798828125,2873.330078125,2878.199951171875,3032480000,-0.583856900279519,-0.9916431103284541,0.7580764231182785,-0.24419157337143246,0.3803419538833952,0.24824635425346045,0.8155908258071892,0.7673635268888708,0.3109586532560236,-0.6232978949062982,0.0,1.0
2019-04-10,2881.3701171875,2889.7099609375,2879.1298828125,2888.2099609375,3092230000,0.26925363295070903,-0.9086267812347004,0.92899581611976,-0.03171932999503101,0.46843492248099633,0.37472364227189153,0.8146053504883247,0.7898274462106121,0.24520700041041685,-0.7110497549950514,0.0,1.0
2019-04-11,2891.919921875,2893.419921875,2881.989990234375,2888.320068359375,2970650000,-0.03817152889156256,-1.0792895388225299,0.9309119279216028,-0.08219459135462603,0.4115170955017299,0.2973349660411161,0.8024423831423945,0.8051779883537876,0.165682195942781,-0.6988895283154516,0.0,1.0
2019-04-12,2900.860107421875,2910.5400390625,2898.3701171875,2907.409912109375,3726050000,0.5491250645169734,-0.11531455135810989,1.2509341181145668,0.4036589353490568,0.624597689657135,0.5838646351497668,0.8334053289848726,0.8241295974941523,0.20594073160559415,-0.7007616404183833,0.0,1.0
2019-04-15,2908.320068359375,2909.60009765625,2896.47998046875,2905.580078125,3114530000,-0.09782818409737624,-0.8780537044571601,1.184627611484823,0.2893840660973215,0.5449752362748242,0.43788000691547524,0.8407700542932103,0.8408776645251724,0.18130598344267365,-0.880672937968832,0.0,1.0
2019-04-16,2912.260009765625,2916.06005859375,2900.7099609375,2907.06005859375,3403120000,0.003944770269728614,-0.5010273813019215,1.2104843391196816,0.15993681989953104,0.5117863895154243,0.37592990905534174,0.8385857888752247,0.8538055034399388,0.13859731126902902,-0.8833279182270816,0.0,1.0
2019-04-17,2916.0400390625,2918.0,2895.449951171875,2900.449951171875,3648100000,-0.24479912005791918,-0.20526797486148868,0.9487008494606755,-0.11170117492062115,0.36127558938632315,0.17428158800705854,0.8068889447908609,0.8573184758219637,0.0333427463401214,-0.8572270273141461,0.0,1.0
2019-04-18,2904.81005859375,2908.39990234375,2891.89990234375,2905.030029296875,3507100000,0.09955153718855939,-0.3729748736513298,1.0420809555644333,-0.07459713403776654,0.390546193800638,0.21053336665560254,0.7829388148040547,0.8549686367564296,-0.0322012171379638,-0.8594005762717358,0.0,1.0
2019-04-22,2898.780029296875,2909.510009765625,2896.35009765625,2907.969970703125,3010130000,0.04886962334422559,-1.0231171371565226,1.1033403330378053,0.01004608661476637,0.35482055661455025,0.2108368684190514,0.7608594665708261,0.8483316210739769,-0.08013019287202457,-0.8967801755563353,0.0,1.0
2019-04-23,2909.989990234375,2936.31005859375,2908.530029296875,2933.679931640625,3674480000,0.7485979493773625,-0.17461236836199998,1.5755457895668052,0.6100422145538307,0.6241935410921697,0.6297152873474411,0.8025755229020394,0.8520100141032882,0.0351920851703463,-0.7572279484842845,0.0,1.0
2019-04-24,2934.0,2936.830078125,2926.050048828125,2927.25,3468480000,-0.2374660817814702,-0.42008711334392385,1.2998847360752557,0.29681837560072294,0.4534889270332093,0.39243386288136234,0.806175105786721,0.855728282926686,0.03563788111903698,-0.8506306045490606,0.0,1.0
2019-04-25,2928.989990234375,2933.10009765625,2912.840087890625,2926.169921875,3440010000,-0.07455551890307434,-0.45515456122496434,1.2524916730257887,0.11081891055712492,0.35090336977696945,0.2904382653739251,0.7944556798472109,0.8561778686574399,-0.0009047311007171303,-0.8515162535035014,0.0,1.0
2019-04-26,2925.81005859375,2939.8798828125,2917.56005859375,2939.8798828125,3264390000,0.37716601856751125,-0.6781062597028985,1.509232567860771,0.3106177516265987,0.45610148873697964,0.4750718622928924,0.8111899311437399,0.8601430445018149,0.03839820607748998,-0.8341506356898607,0.0,1.0
2019-04-29,2940.580078125,2949.52001953125,2939.35009765625,2943.030029296875,3150390000,0.054187807293524355,-0.8293460892478632,1.5654746692043893,0.1952465554249301,0.42261604377867096,0.43750336681066276,0.8212369440567133,0.8654798818437416,0.053732850881267065,-0.8958740143862756,0.0,1.0
2019-04-30,2937.139892578125,2948.219970703125,2924.110107421875,2945.830078125,3939760000,0.043453490553955705,0.12197395934353632,1.616965239573687,0.20598250537067644,0.40580554723944506,0.3993376511525893,0.8249756978853237,0.8705548914353551,0.05080571794213353,-0.9050737471483534,0.0,1.0
2019-05-01,2952.330078125,2954.1298828125,2923.360107421875,2923.72998046875,3669330000,-0.7120794298790575,-0.18057974206116437,0.6115642435632509,-0.42770449065105726,0.05289602953301541,-0.08697623460605965,0.755844019577397,0.8597200129495542,-0.12706067472867819,-0.745894837554553,0.0,1.0
2019-05-02,2922.159912109375,2931.679931640625,2900.5,2917.52001953125,3802290000,-0.23140852468276957,-0.029136657082623838,0.365416475198306,-0.5606896004258218,-0.06615332777638994,-0.20825096090149248,0.6737293472494013,0.8333599504122565,-0.3006262252437859,-0.747525632350422,0.0,1.0
2019-05-03,2929.2099609375,2947.85009765625,2929.2099609375,2945.639892578125,3357180000,0.8198358547969065,-0.5588541699725321,1.00843676101331,0.23844952549457363,0.2837722694232272,0.3155509251748963,0.67597227837869,0.8127551550154772,-0.23628456550615015,-0.6154978862605219,0.0,1.0
2019-05-06,2908.889892578125,2937.320068359375,2898.2099609375,2932.469970703125,3203260000,-0.44117027504156175,-0.7585362815493139,0.5189883030569535,-0.08916313131638012,0.0697542027251063,0.005474271438870207,0.6317131094132569,0.7867353823607389,-0.2968219160256013,-0.5660516658959093,0.0,1.0
2019-05-07,2913.030029296875,2913.030029296875,2862.60009765625,2884.050048828125,3793060000,-1.5172962660999416,-0.03947739405003971,-0.8222544774053643,-1.1629529410667796,-0.6048185775149992,-0.9011348707141623,0.4554227084658557,0.7279366088491708,-0.6632784623814749,-0.3328161004746389,0.0,1.0
2019-05-08,2879.610107421875,2897.9599609375,2873.280029296875,2879.419921875,3543110000,-0.18506253771025927,-0.32951162217944124,-0.9238527531568653,-1.039894322469976,-0.6709686340051633,-0.8698894989885955,0.297082489945117,0.6467821224713869,-0.9132066820993172,-0.33316130587126214,0.0,1.0
2019-05-09,2859.840087890625,2875.969970703125,2836.39990234375,2870.719970703125,3659050000,-0.31161653302915604,-0.19251640103852896,-1.1148233896693016,-1.0232395254320563,-0.7815170876298826,-0.9183665112301979,0.14351465915845502,0.5487713089121238,-1.101653897746601,-0.3335498652323429,0.0,1.0
2019-05-10,2863.10009765625,2891.31005859375,2825.389892578125,2881.39990234375,3566780000,0.2909202631809598,-0.30118241969292714,-0.8132515572116669,-0.3194467218279301,-0.6260257248540053,-0.6029337650471862,0.04827145991379258,0.4498418686827742,-1.1119237884726971,-0.3478557200331793,0.0,1.0
2019-05-13,2840.18994140625,2840.18994140625,2801.429931640625,2811.8701171875,3900270000,-2.1982307450780096,0.07911215495753847,-2.022657054589167,-1.6995368933522523,-1.5418819812697588,-1.8173062987002235,-0.21886676577845487,0.31314158479802606,-1.534187205816034,0.07499380795487723,0.0,1.0
2019-05-14,2820.1201171875,2852.5400390625,2820.1201171875,2834.409912109375,3354860000,0.6748407918078977,-0.561795412481003,-1.4651083455414264,-0.7164975004312022,-1.1742937453891407,-1.1456463397745673,-0.3666262816544867,0.1719455738388231,-1.584447694970634,0.17735652882263372,0.0,1.0
2019-05-15,2820.3798828125,2858.679931640625,2815.080078125,2850.9599609375,3140900000,0.4802756392199156,-0.8421819265886303,-1.0925346503919846,-0.03912583818840581,-0.9011427758706959,-0.6849833899179065,-0.43550149011883993,0.044149137069219475,-1.4346456402464192,0.2264231924342629,0.0,1.0
2019-05-16,2855.800048828125,2892.14990234375,2855.800048828125,2876.320068359375,3338470000,0.7534314313357786,-0.5826324009761714,-0.5778742639774467,0.7001940403907083,-0.5250270978203667,-0.13042443474033646,-0.41776892222586515,-0.05426741104559877,-1.1061898530862824,0.31592506390566727,0.0,1.0
2019-05-17,2858.60009765625,2885.47998046875,2854.22998046875,2859.530029296875,3316040000,-0.5632864149715396,-0.6113145840872646,-0.8719181527877184,0.3221039571921671,-0.7311362620139347,-0.4433103172602408,-0.4472976014780021,-0.13936280255693936,-0.9572644766326847,0.21998332145146154,0.0,1.0
2019-05-20,2841.93994140625,2853.860107421875,2831.2900390625,2840.22998046875,3293750000,-0.6447997721645116,-0.6400105878672292,-1.1852108913335817,-0.43999098249628676,-0.9577136344687492,-0.7557635106072886,-0.5203608727412936,-0.2231810901331056,-0.9429869487890017,0.2292697339914687,0.0,1.0
2019-05-21,2854.02001953125,2868.8798828125,2854.02001953125,2864.360107421875,3223050000,0.7177307248994362,-0.7323313600437988,-0.6995666593201828,0.11264912202940248,-0.5664221684117774,-0.2119643189507616,-0.5082957971615447,-0.28763621832080566,-0.7265143190396047,0.14370201476136862,0.0,1.0
2019-05-22,2856.06005859375,2865.469970703125,2851.110107421875,2856.27001953125,3194000000,-0.2940072270928167,-0.770853557065511,-0.8386826681061266,-0.16574731163754552,-0.6315427358235303,-0.3512231014413951,-0.5175144316463678,-0.34118653782033737,-0.6046027773183726,0.14676476868455243,0.0,1.0
2019-05-23,2836.699951171875,2836.699951171875,2805.489990234375,2822.239990234375,3899320000,-1.1063977286905606,0.07807570293952101,-1.3692831480412693,-0.8747522194781582,-1.0434615596794803,-0.9537781355505043,-0.61402353964469,-0.4048203313773026,-0.7173321156681186,0.23638720804213556,0.0,1.0
2019-05-24,2832.409912109375,2841.360107421875,2820.18994140625,2826.06005859375,2889230000,0.07939465572197255,-1.1975304297626879,-1.2868425459582253,-0.5549253650308192,-0.9093366937900265,-0.758117721727166,-0.6746317943669673,-0.46878582330775126,-0.7210403751391591,0.22036553510800339,0.0,1.0
2019-05-28,2830.030029296875,2840.510009765625,2801.580078125,2802.389892578125,4146980000,-0.7901491301315415,0.3400714355780982,-1.6272036391667644,-1.0502349636846386,-1.149422873004308,-1.107852064097596,-0.7813687407437824,-0.5429554115415011,-0.8351182235251737,-0.21548670452106125,0.0,1.0
2019-05-29,2790.25,2792.030029296875,2766.06005859375,2783.02001953125,3701110000,-0.6593261674114332,-0.14388865854228516,-1.8785384110004084,-1.1515960234378446,-1.3134891437081855,-1.3257659822174088,-0.9113061033670611,-0.6302869629093153,-0.9822638785876795,-0.2685395063955181,0.0,1.0
2019-05-30,2786.93994140625,2799.0,2776.739990234375,2788.860107421875,3276030000,0.14597068889224654,-0.6629621004220284,-1.7375590407621424,-0.5576863166381862,-1.1350693091511215,-1.0355226077362698,-0.9892095561154076,-0.7169370281028502,-0.9746451268476091,-0.32010524721812594,0.0,1.0
2019-05-31,2766.14990234375,2768.97998046875,2750.52001953125,2752.06005859375,3982670000,-1.2209061430193338,0.16806342983067205,-2.186678517913291,-1.2694979939408513,-1.549721575499211,-1.597480669450307,-1.1417080380267528,-0.8191139062902574,-1.148228888308185,-0.38101919978168736,0.0,1.0
2019-06-03,2751.530029296875,2763.070068359375,2728.81005859375,2744.449951171875,3952360000,-0.28872020767252415,0.13555942728098785,-2.2700547030521605,-1.0034650493076946,-1.5191508753360818,-1.5225641133761783,-1.2713312871637472,-0.9287836117527067,-1.231995798033288,-0.38155020613915425,0.0,1.0
2019-06-04,2762.639892578125,2804.489990234375,2762.639892578125,2803.27001953125,3814130000,1.8739246625418258,-0.015908524616866537,-1.0106851443922131,0.8346863429614227,-0.5743355068432363,-0.1913324222575694,-1.200446068455474,-1.0012466778624105,-0.8160399664852707,0.17526091333659974,0.0,1.0
2019-06-05,2818.090087890625,2827.280029296875,2800.919921875,2826.14990234375,3570760000,0.6878814192421617,-0.2964374665313163,-0.6222004681302808,1.2772533472585386,-0.20010516016642393,0.2514646815308999,-1.0712591282978599,-1.0313829335487381,-0.34284260352237395,0.17003668940767025,0.0,1.0
2019-06-06,2828.510009765625,2852.10009765625,2822.449951171875,2843.489990234375,3445140000,0.5067851040770297,-0.44881438386431927,-0.3472694138892318,1.4716075077509918,0.07820815165174068,0.5196226164220753,-0.9129696017396208,-1.0213873924543428,0.10581535623527306,0.20618134274383473,0.0,1.0
2019-06-07,2852.8701171875,2884.969970703125,2852.8701171875,2873.340087890625,3244380000,0.8966457562352462,-0.7042668114576796,0.08420174596516963,1.6309299099588488,0.5104337420933813,0.9806786450101502,-0.6995766388395296,-0.9674140070825981,0.597470638848812,0.1542151241560848,0.0,1.0
2019-06-10,2885.830078125,2904.77001953125,2885.510009765625,2886.72998046875,3209890000,0.37490952503971814,-0.7497391790336995,0.26323598434744616,1.1536708769929236,0.7012198480814871,1.0574371484523042,-0.49031887777747757,-0.8791493034034255,0.9808343091393193,0.15964446402453328,0.0,1.0
2019-06-11,2903.27001953125,2910.610107421875,2878.530029296875,2885.719970703125,3551000000,-0.07284905784430602,-0.32004758077106527,0.2438984284018627,0.6151070037855277,0.6317946636810597,0.851660763233712,-0.32594421333346557,-0.7731219108347362,1.1794142979826892,0.06537943169396387,0.0,1.0
2019-06-12,2882.72998046875,2888.570068359375,2874.679931640625,2879.840087890625,3039870000,-0.22368598935147016,-0.9812872728772016,0.12586533774735648,0.10971170918357621,0.5128636555129776,0.5874682096512742,-0.21188435531708102,-0.6637250314084989,1.2170838572899376,-0.0016843833696127382,0.0,1.0
2019-06-13,2886.239990234375,2895.239990234375,2881.989990234375,2891.639892578125,3100640000,0.3246219453074537,-0.8970709373214992,0.3067585888186026,0.17453925360779296,0.653999426648105,0.6949385274393457,-0.09034449184995415,-0.5500209448936247,1.2652367659473858,-0.0033900997913719065,0.0,1.0
2019-06-14,2886.820068359375,2894.449951171875,2879.6201171875,2886.97998046875,2992810000,-0.18560652259316215,-1.0476688874293048,0.20415407953934345,-0.04828046288395096,0.5785541129530445,0.47857964879080633,-0.009203544877345229,-0.4415753116254876,1.2064492933093491,-0.2775029459238837,0.0,1.0
2019-06-17,2889.75,2897.27001953125,2887.300048828125,2889.669921875,2828400000,0.041695697296271,-1.2880652248567954,0.24953966154528703,0.01503052764692683,0.5953026131606532,0.4329603609419842,0.059399107220517736,-0.34003790111540044,1.1292180358823976,-0.32857046730744666,0.0,1.0
2019-06-18,2906.7099609375,2930.7900390625,2905.43994140625,2917.75,3441540000,0.8269071943033222,-0.4532626422365637,0.6936361944563469,0.6662667565725965,0.9445370803662255,0.8652852849768121,0.18661783340859137,-0.23139784047481513,1.2086229161032707,-0.699190831226398,0.0,1.0
2019-06-19,2920.550048828125,2931.739990234375,2911.429931640625,2926.4599609375,3300220000,0.22521819193536619,-0.6316611964545487,0.8193313281174841,0.6454987812656767,1.024351675825857,0.8697682706474884,0.30550215163908856,-0.11887136411268429,1.2520715400940172,-0.7342301736389014,0.0,1.0
2019-06-20,2949.60009765625,2958.06005859375,2931.5,2954.179931640625,3943060000,0.8049913005292638,0.12553625304723565,1.1856575749392266,1.0962007834788152,1.351688134782093,1.2227432891141097,0.4683289889178048,0.006231956804563454,1.392675795844617,-0.6832905054995052,0.0,1.0
2019-06-21,2952.7099609375,2964.14990234375,2946.8701171875,2950.4599609375,5003540000,-0.1541209249540962,1.1389535820343555,1.0848161584236002,0.6035587825448049,1.2024171939269575,0.9413907882162119,0.5780132000312936,0.1299468162849549,1.3771533342198399,-0.7431888450838251,0.0,1.0
2019-06-24,2951.419921875,2954.919921875,2944.050048828125,2945.35009765625,3136960000,-0.1963649651295737,-0.8475224278280676,0.9415881789002343,0.12030264518500558,1.0404497263752384,0.6794153041186007,0.6410222133431698,0.24249442057755857,1.2523077421816433,-0.7217605995967903,0.0,1.0
2019-06-25,2945.780029296875,2946.52001953125,2916.010009765625,2917.3798828125,3579430000,-0.8903127487926182,-0.2861193816610251,0.21870886586804714,-0.7051253824075127,0.5545082085238576,0.04038474718283227,0.6044199392969327,0.32464629730544525,0.9124952690684057,-0.5264409871125098,0.0,1.0
2019-06-26,2926.070068359375,2932.590087890625,2912.989990234375,2913.780029296875,3511350000,-0.15186073464032637,-0.367822051648265,0.13230746564293897,-0.7371783562821638,0.4078334126642657,-0.05310364863473002,0.5566328535393947,0.38007174889329054,0.613704177294854,-0.5330077547340876,0.0,1.0
2019-06-27,2919.659912109375,2929.300048828125,2918.570068359375,2924.919921875,3162500000,0.3001149401512701,-0.8130225690215466,0.33586707698425905,-0.23428614431908,0.4683867964235503,0.13783381745153575,0.540812401702522,0.4210034871579744,0.4516700704141612,-0.5352631410782402,0.0,1.0
2019-06-28,2932.93994140625,2943.97998046875,2929.050048828125,2941.760009765625,5422650000,0.4729896264772583,1.481196003787492,0.6248477847754265,0.3172931269537486,0.570950865655854,0.40302710203610154,0.565757808912656,0.4591235339285397,0.4202364474415364,-0.5234780278511264,0.0,1.0
2019-07-01,2971.409912109375,2977.929931640625,2952.219970703125,2964.330078125,3524860000,0.6441278887970798,-0.3514834660488649,0.9694513276797465,0.8735027101624026,0.7322307567536974,0.7304062007777753,0.6379796902712922,0.5051802625846976,0.5089654799713215,-0.48372445624660043,0.0,1.0
2019-07-02,2964.659912109375,2973.2099609375,2955.919921875,2973.010009765625,3224490000,0.22012049029915506,-0.7304308690233193,1.0922943432639558,0.7976670100430573,0.7323457207545361,0.752857256905965,0.708549718447432,0.5572304338447998,0.5759698492325012,-0.564789860029415,0.0,1.0
2019-07-03,2978.080078125,2995.840087890625,2977.9599609375,2995.820068359375,1963570000,0.6441348278976329,-2.8407993347563036,1.3912546419290794,0.9809206355448775,0.9316044583997739,1.0269448667026362,0.8155444144196089,0.621923299430273,0.7173102799352038,-0.5200583510986562,0.0,1.0
2019-07-05,2984.25,2994.030029296875,2967.969970703125,2990.409912109375,2434680000,-0.2029799681442632,-1.9258247892455826,1.2282661055083068,0.43495261648848,0.7495722573699928,0.7473257008253772,0.872920658338969,0.6860396904666705,0.7108655175326161,-0.5894967115604042,0.0,1.0
2019-07-08,2979.77001953125,2980.760009765625,2970.090087890625,2975.949951171875,2922360000,-0.4737432796317384,-1.1490207351642767,0.8027541315889278,-0.187706037328673,0.47311926488473,0.34884782383722013,0.8660956356060748,0.7358623061354723,0.5510666396328875,-0.5445106482441505,0.0,1.0
2019-07-09,2965.52001953125,2981.89990234375,2963.43994140625,2979.6298828125,3033330000,0.06893767850439228,-0.9904506951554808,0.8617524566407793,-0.1695148938963153,0.458594068218204,0.3397536771664678,0.8585031790713095,0.7740845527237475,0.42137900185921817,-0.5558557632212952,0.0,1.0
2019-07-10,2989.300048828125,3002.97998046875,2984.6201171875,2993.070068359375,3157800000,0.36156103696334585,-0.8193504399588496,1.074002432596628,0.10508743388190578,0.5703339724503769,0.507492704953314,0.8770054342438547,0.8086487856086458,0.38048382405569026,-0.7672771961378007,0.0,1.0
2019-07-11,2999.6201171875,3002.330078125,2988.800048828125,2999.909912109375,3155710000,0.16266181995650786,-0.8221673488273011,1.178514749601583,0.28029891982665184,0.5805100748029991,0.5300432420390747,0.89774685061906,0.8407690499077929,0.353161200915092,-0.7996398694361349,0.0,1.0
2019-07-12,3003.360107421875,3013.919921875,3001.8701171875,3013.77001953125,2984140000,0.37134617838234596,-1.0600123540540705,1.3823923200557613,0.5467400355356974,0.6869408195785306,0.6744316150233645,0.9391456239131277,0.8753849061529924,0.38106095324916245,-0.7953978935344367,0.0,1.0
2019-07-15,3017.800048828125,3017.800048828125,3008.77001953125,3014.300048828125,2876100000,-0.02586056352012647,-1.2169097560040276,1.3901545441044618,0.3382106541818462,0.6040214145747101,0.5575358881665696,0.9599152627537104,0.9075525498608147,0.35369088437150065,-0.8011126933488051,0.0,1.0
2019-07-16,3012.1298828125,3015.02001953125,3001.14990234375,3004.0400390625,3297030000,-0.3457891218740841,-0.6357757729695264,1.019237033829822,-0.10062282881174633,0.3809488253427264,0.2664626781514642,0.9348688184569479,0.9278902395467747,0.221436575787316,-0.8126398670154108,0.0,1.0
2019-07-17,3005.10009765625,3005.260009765625,2984.25,2984.419921875,3185650000,-0.6253041646623533,-0.7819910447840007,0.37760678043171564,-0.6186243255326501,0.06237032685900115,-0.14643027156950517,0.8486934806838242,0.9255933338007915,-0.03160944310694982,-0.7117289086547127,0.0,1.0
2019-07-18,2978.8701171875,2998.280029296875,2973.090087890625,2995.110107421875,3369820000,0.27855984242801246,-0.5428650881427288,0.5918201932085727,-0.28137567698477395,0.16253162874901075,0.04582099573661335,0.7982423971188896,0.9128857831219622,-0.1479964252511289,-0.799844363055153,0.0,1.0
2019-07-19,3004.260009765625,3006.02001953125,2975.860107421875,2976.610107421875,3285890000,-0.5936201618501007,-0.6501758360951405,0.04032861427835121,-0.6032530610969726,-0.10898399147849845,-0.31302865367958005,0.6967739198761251,0.8808576750830769,-0.36399278080696307,-0.7337013381052649,0.0,1.0
2019-07-22,2981.929931640625,2990.7099609375,2976.64990234375,2985.030029296875,3016200000,0.2112339153662003,-1.0145461016166284,0.22399785923689527,-0.1890394188650603,-0.01651755617816805,-0.13562905096664066,0.629882871970594,0.8408230614188159,-0.45350241573052896,-0.7616692298739719,0.0,1.0
2019-07-23,2994.739990234375,3005.89990234375,2988.56005859375,3005.469970703125,3333810000,0.5704103139351349,-0.5885754469802904,0.6320637338051911,0.3972294527459336,0.2240868490262735,0.22891199235514426,0.6236149635899089,0.8074449073701936,-0.37908577282068007,-0.6884971885765976,0.0,1.0
2019-07-24,2998.77001953125,3019.590087890625,2996.820068359375,3019.56005859375,3433220000,0.3774212548168972,-0.46356089067569567,0.8819472908190117,0.6010743054647932,0.3472345586777148,0.423096951114111,0.6476035926035728,0.7859108959773368,-0.246672840799486,-0.6861345529189605,0.0,1.0
2019-07-25,3016.260009765625,3016.31005859375,2997.239990234375,3003.669921875,3657050000,-0.5119022556591437,-0.1948426047339068,0.39840960134003295,0.09015557575162862,0.06587228991699806,0.0534263743682942,0.6132887989615653,0.7612903332315394,-0.28117929064183866,-0.6339701707381376,0.0,1.0
2019-07-26,3013.25,3027.97998046875,3012.590087890625,3025.860107421875,3260170000,0.6186910713154542,-0.6836100090893994,0.7963646488323575,0.4463682224410099,0.30106395017532794,0.4183777112344492,0.6375044069495891,0.7468112990312007,-0.16780092557907134,-0.5828112421207245,0.0,1.0
2019-07-29,3024.469970703125,3025.610107421875,3014.300048828125,3020.969970703125,3224490000,-0.18601788601531807,-0.7304308690233193,0.6490922032192641,0.09679532562493293,0.17898771958575932,0.24537015465172837,0.6334719191765346,0.7343592449942501,-0.1451400716545929,-0.5769826177144717,0.0,1.0
2019-07-30,3007.659912109375,3017.18994140625,3000.93994140625,3013.179931640625,3632770000,-0.2720442655988523,-0.2231846280702659,0.41331739037443643,-0.1722918142965894,0.03839615129057119,0.04787967314435012,0.5994476611063516,0.7170668459808419,-0.19925325561010865,-0.5853930853441728,0.0,1.0
2019-07-31,3016.219970703125,3017.39990234375,2958.080078125,2980.3798828125,4626330000,-1.0144651794118718,0.8054638940811906,-0.44617844133975193,-0.8940270520941304,-0.4163942955388131,-0.5636709261858264,0.47412834001900056,0.6762320341718416,-0.46244832136695524,-0.4728548925395582,0.0,1.0
2019-08-01,2980.320068359375,3013.590087890625,2945.22998046875,2953.56005859375,4793810000,-0.8458397797132602,0.9567673081984172,-1.0027335619345907,-1.3838635559151697,-0.7555609411231137,-0.9770354349008484,0.29501361974211265,0.6049727106965058,-0.802582589598817,-0.4071576562555199,0.0,1.0
2019-08-02,2943.89990234375,2945.5,2914.110107421875,2932.050048828125,3882810000,-0.6924686360062764,0.06002281812100833,-1.3831530393385554,-1.4723067933530989,-1.011477361863151,-1.2347627348751227,0.09026888749363775,0.5038516190180026,-1.136425603655554,-0.3921796430560527,0.0,1.0
2019-08-05,2898.070068359375,2898.070068359375,2822.1201171875,2844.739990234375,4542850000,-2.7029509835077397,0.7279889431540948,-2.4390501536176745,-3.0264627286776435,-2.1247739559399887,-2.644953769317372,-0.31161423420220435,0.33636631771519826,-1.87835178886115,0.25665855720152253,0.0,1.0
2019-08-06,2861.179931640625,2884.39990234375,2847.419921875,2881.77001953125,4156640000,1.1218082265003708,0.3499707979900207,-1.6720041900718672,-1.1666896361400223,-1.5500191605635132,-1.5986007990934814,-0.5243813266508959,0.15653597218493462,-2.0163646066393555,0.38850154469971876,0.0,1.0
2019-08-07,2858.64990234375,2892.169921875,2825.7099609375,2883.97998046875,4512720000,0.026960285325093997,0.699676176469649,-1.6289261641578332,-0.5294182832239057,-1.4467004237653498,-1.338079826385769,-0.6814861085058785,-0.02117758864917865,-1.9926997727867817,0.34843335431759775,0.0,1.0
2019-08-08,2896.2099609375,2938.719970703125,2894.469970703125,2938.090087890625,4118530000,1.6352892422588756,0.3107819531066247,-0.6902985186823831,1.1876519961853749,-0.6571635070674618,-0.1716081962056338,-0.6516946895545633,-0.15692967525747317,-1.5235867271525467,0.6728904917743863,0.0,1.0
2019-08-09,2930.510009765625,2935.75,2900.14990234375,2918.64990234375,3356850000,-0.6329334050450024,-0.5592724123460958,-0.9485237749975539,0.6851276394290656,-0.8613059423193998,-0.5196553155913127,-0.6763348446495031,-0.27084023207677854,-1.2794068752845411,0.6166218717418808,0.0,1.0
2019-08-12,2907.070068359375,2907.580078125,2873.139892578125,2882.699951171875,3328570000,-1.1424309703644524,-0.595268115949068,-1.379350168392345,-0.6219920308258164,-1.2704840694679884,-1.116817942417772,-0.7883507188315155,-0.3861032528063905,-1.2945268984910647,0.655817055159769,0.0,1.0
2019-08-13,2880.719970703125,2943.31005859375,2877.050048828125,2926.320068359375,3857190000,1.3108055098179872,0.031856043503903246,-0.71640396215342,0.41691506612195733,-0.6117324438100263,-0.1715488972468601,-0.7506143417344987,-0.47018311253576794,-0.9459112242514329,0.8654928861700173,0.0,1.0
2019-08-14,2894.14990234375,2894.14990234375,2839.639892578125,2840.60009765625,4325150000,-2.6595984450412846,0.5190509698133303,-1.5920256773731745,-1.8907721597933569,-1.7068245371745343,-1.7355699888962808,-0.9486016028444995,-0.5801046905036216,-1.234811635186335,1.183627067243651,0.0,1.0
2019-08-15,2846.199951171875,2856.669921875,2825.510009765625,2847.60009765625,4041720000,0.1786635123434852,0.23068343242250822,-1.4921781796615607,-1.1452317386973871,-1.509923110980257,-1.3660041676828778,-1.0762332060623194,-0.6955410422499877,-1.2964646721911683,1.1929409681522931,0.0,1.0
2019-08-16,2864.739990234375,2893.6298828125,2864.739990234375,2888.679931640625,3524080000,1.2477462414147698,-0.3524250697531702,-0.9354841168560688,0.2752363604983685,-0.875862753013456,-0.4227260330573811,-1.0543762556431728,-0.7831808963254466,-0.9857105835671586,1.3186831208803063,0.0,1.0
2019-08-19,2913.47998046875,2931.0,2913.47998046875,2923.64990234375,3221050000,1.0403746704814814,-0.7349723400064919,-0.5161444781226064,1.081318692799206,-0.3440029006546496,0.2634950292865362,-0.9323050919109551,-0.8269917243879287,-0.4957190315668546,0.9092889545675932,0.0,1.0
2019-08-20,2919.010009765625,2923.6298828125,2899.60009765625,2900.510009765625,3067710000,-0.7489521007600616,-0.9424989999869143,-0.769474332163362,0.5406154647117992,-0.5952897102917715,-0.22322022921830906,-0.8915350014847544,-0.8532561959943296,-0.29955755562348907,0.8917298933863963,0.0,1.0
2019-08-21,2922.0400390625,2928.72998046875,2917.909912109375,2924.429931640625,3016540000,0.6954732143518918,-1.0140665209391462,-0.4846327514555517,0.7518034522002772,-0.1931050717939103,0.2288372730853586,-0.7866274227573704,-0.8516647281832466,0.011861068727373927,0.9198419564908992,0.0,1.0
2019-08-22,2930.93994140625,2939.080078125,2904.510009765625,2922.949951171875,2893660000,-0.08680884524951532,-1.191011801015214,-0.5023521653802577,0.2533409437888526,-0.15718642265032134,0.14500389607876513,-0.7019131482885222,-0.8321392923786405,0.21235589168028113,0.729112879337909,0.0,1.0
2019-08-23,2911.070068359375,2927.010009765625,2834.969970703125,2847.110107421875,3942520000,-2.3605147970356906,0.12495353631824002,-1.3009451209274712,-1.7678882594695016,-1.1012928240042192,-1.2927478638220196,-0.836713099228103,-0.8455625019508128,-0.15599721476783568,1.0511617832172366,0.0,1.0
2019-08-26,2866.699951171875,2879.27001953125,2856.0,2878.3798828125,2859790000,0.9400182413574446,-1.2411062078115234,-0.909902294051653,-0.561859854827712,-0.5603753064587207,-0.5403948385340334,-0.8499471862037543,-0.859152442868199,-0.15786120669374176,1.063994625183503,0.0,1.0
2019-08-27,2893.139892578125,2898.7900390625,2860.590087890625,2869.159912109375,3537490000,-0.32786082341296885,-0.3362656635086175,-1.002408083095379,-0.6517318191307114,-0.5899946518648193,-0.6490398346648466,-0.8781740467973373,-0.8761060630150889,-0.19546583896659828,0.928454433057471,0.0,1.0
2019-08-28,2861.280029296875,2890.030029296875,2853.050048828125,2887.93994140625,3102480000,0.5434190469853142,-0.8945468462486824,-0.7633742200676729,0.13387720742596793,-0.2582652238345293,-0.22410006651851105,-0.8414890977933684,-0.8817649395493881,-0.06919497566837923,0.4291902631169511,0.0,1.0
2019-08-29,2910.3701171875,2930.5,2905.669921875,2924.580078125,3177150000,1.092339247213109,-0.7933586315946043,-0.32900695692248705,1.229748000437534,0.28299041551047927,0.4639911019841585,-0.7056732345334182,-0.8570295974025319,0.27060062871047225,0.5041749674795623,0.0,1.0
2019-08-30,2937.090087890625,2940.429931640625,2913.320068359375,2926.4599609375,3009910000,0.015869918407393387,-1.0234281087162023,-0.30731376137689614,0.8027329662291742,0.3137245823260437,0.40513193025341526,-0.5885056018899161,-0.8119967673185468,0.49751869011290223,0.3996653301727992,0.0,1.0
2019-09-03,2909.010009765625,2914.389892578125,2891.85009765625,2906.27001953125,3427830000,-0.6581811262466093,-0.47024580180565667,-0.5620278237360589,0.029166405308204843,-0.017113350847155002,-0.04967651400432652,-0.5474527781185172,-0.767125395602437,0.49571364803336193,0.3394284083764164,0.0,1.0
2019-09-04,2924.669921875,2938.840087890625,2921.860107421875,2937.780029296875,3167900000,0.9274246388489135,-0.8057638484179224,-0.17752580491917105,0.5589649328612604,0.3899626889552776,0.5146945407136854,-0.42555193577970973,-0.7049639399241365,0.6890100966548988,0.3685258347445527,0.0,1.0
2019-09-05,2960.60009765625,2985.860107421875,2960.60009765625,2976.0,3902600000,1.1211644161577012,0.0816531214048282,0.23645458943433856,1.1658990127038547,0.8651837105638884,1.11097164132337,-0.22340439506454934,-0.6116807249086984,1.0369393240593345,0.4299035513329586,0.0,1.0
2019-09-06,2980.330078125,2985.030029296875,2972.510009765625,2978.7099609375,3209340000,0.03980595898322653,-0.75046826228512,0.264703949871174,0.9217108265816591,0.874073463105628,0.9648323192793865,-0.05750039239981067,-0.5013090170409442,1.2279820620743973,0.42656040119090766,0.0,1.0
2019-09-09,2988.429931640625,2989.429931640625,2969.389892578125,2978.429931640625,4031120000,-0.04998085430331613,0.2195102436156188,0.2603402926756628,0.604158139563647,0.8267929066366282,0.7875743504025615,0.06996539907911242,-0.38554828663166235,1.288229248906839,-0.31257247150437983,0.0,1.0
2019-09-10,2971.010009765625,2979.389892578125,2957.010009765625,2979.389892578125,4393040000,-0.012773021275207765,0.5853161869942227,0.2718266455355971,0.2007769586069224,0.7704663744788848,0.6607690696858025,0.16924377604302382,-0.2715495066785754,1.2685313245604704,-0.3545871167657993,0.0,1.0
2019-09-11,2981.409912109375,3000.929931640625,2975.31005859375,3000.929931640625,3934370000,0.6045690440446427,0.11614912444264207,0.5293226129787307,0.4593815755538895,1.02030903507962,0.9251677043613183,0.3014142409196829,-0.1518734649998107,1.3320009139429307,-0.40653105118983585,0.0,1.0
2019-09-12,3009.080078125,3020.739990234375,3000.919921875,3009.570068359375,3796990000,0.21574358111916095,-0.03507138565652352,0.6298190294577736,0.5142148676922624,1.0195850182923998,0.9145711544066067,0.42267954303673977,-0.03000520477680793,1.356509069029402,-0.41008492016408266,0.0,1.0
2019-09-13,3012.2099609375,3017.330078125,3002.89990234375,3007.389892578125,3557010000,-0.1063227884267522,-0.31285269483615374,0.5861179387806509,0.2832656103279039,0.8738195687215846,0.7112503086028142,0.5045194739330775,0.08512236825656583,1.2811507944326326,-0.5007949093615959,0.0,1.0
2019-09-16,2996.409912109375,3002.18994140625,2990.669921875,2997.9599609375,4285860000,-0.32181965856031897,0.4802244632045153,0.3912790981453461,-0.1038688628792083,0.663517226194667,0.4101901823702116,0.5347728683991646,0.18374272448143636,1.0966064976734662,-0.460153226528389,0.0,1.0
2019-09-17,2995.669921875,3006.2099609375,2993.72998046875,3005.699951171875,3673250000,0.18916359483443881,-0.17603682519879166,0.4998221267332479,-0.03209123757868759,0.7131845828516411,0.46372200742552944,0.5710751802040888,0.27046058728037137,0.9635412266195127,-0.6013819399805913,0.0,1.0
2019-09-18,3001.5,3007.830078125,2978.570068359375,3006.72998046875,3458800000,-0.010950890391345496,-0.4319778911993466,0.5148425987565726,-0.035867455863599615,0.6519041968233267,0.38879268677853646,0.5934095536259282,0.34464696884574425,0.8234441152514028,-0.6992009523634052,0.0,1.0
2019-09-19,3010.360107421875,3021.989990234375,3003.159912109375,3006.7900390625,3265660000,-0.0397935248264685,-0.6764513108066342,0.5157814532481564,-0.018032984016272475,0.5942547301531929,0.30823597710263395,0.6019014243671262,0.40582570489919967,0.6780236714941734,-0.9863197725778081,0.0,1.0
2019-09-20,3008.419921875,3016.3701171875,2984.679931640625,2992.070068359375,6103440000,-0.47911754400191314,1.9843887060809797,0.15192679722182362,-0.35562435784651936,0.3405384790275659,-0.023476830996522927,0.5591563507539747,0.445558979455932,0.4382717098824579,-0.8980341615114638,0.0,1.0
2019-09-23,2983.5,2999.14990234375,2982.22998046875,2991.780029296875,3187250000,-0.050242333120854576,-0.7798546561648592,0.14473133700671467,-0.32832792163764474,0.2349110061536087,-0.04631168243028264,0.5160959267527091,0.468067940448157,0.24571054885839178,-0.8980260279988694,0.0,1.0
2019-09-24,3002.429931640625,3007.97998046875,2957.72998046875,2966.60009765625,3872800000,-0.7937861641352734,0.04903995111885227,-0.44861794922287884,-0.8333953200753886,-0.1756802151628286,-0.5104682209408142,0.40542164871675207,0.4622295899021265,-0.07120142567541303,-0.7419707433058816,0.0,1.0
2019-09-25,2968.35009765625,2989.820068359375,2952.860107421875,2984.8701171875,3331200000,0.5088393720842015,-0.5919076932617162,-0.0782936769348961,-0.1756769469551996,-0.0030120951017524613,-0.126577147524038,0.3614927281026886,0.4480941273617374,-0.16395992735948678,-0.7724504836843141,0.0,1.0
2019-09-26,2985.72998046875,2987.280029296875,2963.7099609375,2977.6201171875,3084910000,-0.25866148918809445,-0.9187105112154936,-0.2459089008138265,-0.21716261913541995,-0.1652738833949437,-0.2579855530394875,0.30078237158170157,0.42370530172367415,-0.2785885594437253,-0.7948386922541126,0.0,1.0
2019-09-27,2985.469970703125,2987.31005859375,2945.530029296875,2961.7900390625,3246480000,-0.5167241080169455,-0.7015137593234118,-0.597896759588971,-0.502997225168816,-0.409387847651747,-0.5230352276273834,0.2042240906722713,0.38339010862067446,-0.45663918529064157,-0.7622081293999946,0.0,1.0
2019-09-30,2967.070068359375,2983.85009765625,2967.070068359375,2976.739990234375,3249130000,0.4095476314970155,-0.6980422101275203,-0.2732726889221788,0.021721941078428376,-0.2377189978708717,-0.19619018800045349,0.16459603424006633,0.3425998222179903,-0.4619505445526175,-0.6978249952949177,0.0,1.0
2019-10-01,2983.68994140625,2992.530029296875,2938.699951171875,2940.25,3560750000,-1.137162461358162,-0.30838147863947574,-1.0059260013982803,-0.8927154585756996,-0.7639089681071553,-0.8420174727430212,0.029781931869854852,0.280920985858851,-0.6954764506306779,-0.5336866816041803,0.0,1.0
2019-10-02,2924.780029296875,2924.780029296875,2874.929931640625,2887.610107421875,3914180000,-1.6416652349623975,0.09425915197072167,-1.7771479546198263,-1.8767963538966521,-1.4557909419161692,-1.6850035946939261,-0.22210138984836442,0.17730795697603813,-1.1642844973910758,-0.2682556068215703,0.0,1.0
2019-10-03,2885.3798828125,2911.1298828125,2855.93994140625,2910.6298828125,3515130000,0.6709054668345161,-0.3632443087757766,-1.2901830335306146,-0.8062151034258385,-1.0942626567160627,-1.0344839824288645,-0.3565636216993068,0.06544673950839126,-1.256496054286668,-0.13888173549877683,0.0,1.0
2019-10-04,2918.56005859375,2953.739990234375,2918.56005859375,2952.010009765625,3005600000,1.2290467153782185,-1.0295249130759299,-0.5486127695511244,0.47791238342740283,-0.5046727695725043,-0.14893193482334044,-0.3474409752009495,-0.02207669877516445,-0.9844091000586026,0.10580423835923138,0.0,1.0
2019-10-07,2944.22998046875,2959.75,2935.679931640625,2938.7900390625,2959050000,-0.44182326566083313,-1.095936048564213,-0.7512356390746605,0.31201681039415585,-0.660229630720324,-0.3863003020248733,-0.37478367317423106,-0.09798661801765299,-0.8545744508142242,0.11150062309689153,0.0,1.0
2019-10-08,2920.39990234375,2925.469970703125,2892.659912109375,2893.06005859375,3370700000,-1.432316291411306,-0.5417541582808734,-1.3655542605308868,-0.7688274281688154,-1.234193556938952,-1.1780730224016356,-0.5190167724236542,-0.1897905470266692,-1.0322633301131396,0.22682131429407254,0.0,1.0
2019-10-09,2911.10009765625,2929.320068359375,2907.409912109375,2919.39990234375,2735350000,0.772129023043454,-1.43039200815559,-0.919478686796597,-0.17282515758666578,-0.814066925346797,-0.5408563152444564,-0.5567024834102986,-0.27135333073313694,-0.9177712882509595,0.2722829225901038,0.0,1.0
2019-10-10,2918.550048828125,2948.4599609375,2917.1201171875,2938.1298828125,3234400000,0.5318196209020226,-0.7173747688111383,-0.6251822506736178,0.22023350654003407,-0.5053529389816621,-0.13881902934967116,-0.5312282567260085,-0.33111496381862393,-0.6740428598573203,0.3218294743350026,0.0,1.0
2019-10-11,2963.070068359375,2993.280029296875,2963.070068359375,2970.27001953125,3581320000,0.9360848579549659,-0.2838734286265788,-0.1650555417577918,1.0647826441612671,-0.033485892780146916,0.44387047739787494,-0.419999842914748,-0.35495935865857564,-0.2725020337781885,0.3992762073942304,0.0,1.0
2019-10-14,2965.81005859375,2972.840087890625,2962.93994140625,2966.14990234375,2559270000,-0.16555153692312555,-1.7134873911141715,-0.22997419033197442,0.7787079421409852,-0.06856220792364288,0.27915690835215023,-0.341709263938723,-0.3571666414755968,-0.03060749343907275,0.38268689458848393,0.0,1.0
2019-10-15,2973.610107421875,3003.280029296875,2973.610107421875,2995.679931640625,3345090000,0.848203017181084,-0.5742039522707606,0.17015134816819216,1.037560975151513,0.34876947735170544,0.7473198837444385,-0.19837623327294984,-0.32805039995856217,0.3195773885617042,0.31872093598615214,0.0,1.0
2019-10-16,2989.679931640625,2997.5400390625,2985.199951171875,2989.68994140625,3230320000,-0.22028651755499037,-0.7227451840818868,0.06629015866465977,0.44573217079461164,0.27749807867120435,0.5017557803801571,-0.10255593861524163,-0.2841122782656288,0.4852802738779526,-0.01374565644755519,0.0,1.0
2019-10-17,3000.77001953125,3008.2900390625,2991.7900390625,2997.949951171875,3103470000,0.20534742441964032,-0.8931893948359625,0.1810412834303723,0.33571514224093046,0.3985413151125216,0.5508334984790582,-0.006202808797552163,-0.2282018495045235,0.6191260344390215,-0.03419337894179089,0.0,1.0
2019-10-18,2996.840087890625,3000.0,2976.31005859375,2986.199951171875,3268970000,-0.3918675175763392,-0.6721410415928335,-0.03892800585018069,-0.09951157701601165,0.23931043442993705,0.23308116385520805,0.03491630266442188,-0.17461411671688892,0.5931591921795377,-0.14244031788994718,0.0,1.0
2019-10-21,2996.47998046875,3007.330078125,2995.35009765625,3006.719970703125,3271960000,0.5725672184253892,-0.6682512253546552,0.2616866845280906,0.2607267004692578,0.5140557779652823,0.5433758687064314,0.1202703019173085,-0.11335383591346378,0.6789353102466147,-0.15530401288130277,0.0,1.0
2019-10-22,3010.72998046875,3014.570068359375,2995.0400390625,2995.989990234375,3527540000,-0.36052586089176797,-0.3482497994111121,0.05159312524915136,-0.05258113846363444,0.3442298704187024,0.24567791767883537,0.15411145886717625,-0.057054305857667624,0.6234760363581706,-0.5148295507945825,0.0,1.0
2019-10-23,2994.010009765625,3004.780029296875,2991.2099609375,3004.52001953125,3413600000,0.21288321841303298,-0.4879450983798043,0.18298752599880186,0.10876771064035543,0.448886092725091,0.3387936991755078,0.19971660690648088,-0.00218874521001214,0.6074448132228957,-0.5663914988155552,0.0,1.0
2019-10-24,3014.780029296875,3016.070068359375,3000.419921875,3010.2900390625,3696510000,0.13005982380986772,-0.14917996891484167,0.2733037469776141,0.2043051728700535,0.5059674098192725,0.3679150282553737,0.24649420486905332,0.051782252151448833,0.5974439418178328,-0.5873355691746133,0.0,1.0
2019-10-25,3003.320068359375,3027.389892578125,3001.93994140625,3022.550048828125,3379060000,0.3224160615306099,-0.5312147668033431,0.46464170464238524,0.34788854467372204,0.633160831022097,0.5078747490873713,0.3113510202038666,0.10893288815214659,0.6329910715025878,-0.7138419886265398,0.0,1.0
2019-10-28,3032.1201171875,3044.080078125,3032.1201171875,3039.419921875,3524970000,0.45724949068801735,-0.35135069254740814,0.7144424436315573,0.644948030737916,0.8225903995045636,0.7072299767891572,0.40220126053450206,0.17422769372043953,0.72403973603367,-0.7140205568450257,0.0,1.0
2019-10-29,3035.389892578125,3047.8701171875,3034.81005859375,3036.889892578125,3594430000,-0.11597440573013924,-0.26832690672406595,0.6503310678732079,0.3349069208233974,0.719175024575026,0.5308889862505175,0.45949128953257046,0.23880706115706177,0.7160414145470427,-0.830099710768935,0.0,1.0
2019-10-30,3039.739990234375,3050.10009765625,3025.9599609375,3046.77001953125,3779660000,0.24918897392830566,-0.05453481945398265,0.8019869027045515,0.374798159775108,0.743331167384865,0.6017885154696431,0.523668730356691,0.304298017399395,0.7262326246725925,-0.8543284686896341,0.0,1.0
2019-10-31,3046.89990234375,3046.89990234375,3023.18994140625,3037.56005859375,4149310000,-0.3117448406538662,0.34246127860371084,0.5511090264708637,-0.04591879064885887,0.5272968017754521,0.3241944008234472,0.5404654742166962,0.3603097540971428,0.6202586179714654,-0.8091749428391494,0.0,1.0
2019-11-01,3050.719970703125,3066.949951171875,3050.719970703125,3066.909912109375,3956290000,0.821983768690231,0.13978793957723473,0.998521090352316,0.5386958699497019,0.8502296708068332,0.7699257459347728,0.6250750862763583,0.4233488547894149,0.6988218283227198,-0.7600822543647305,0.0,1.0
2019-11-04,3078.9599609375,3085.199951171875,3074.8701171875,3078.27001953125,4178040000,0.28947166552552445,0.3718193754270534,1.152326843388782,0.6393855243182518,0.907985772079388,0.8279821927844151,0.7128046459154186,0.49268206041715656,0.7691874861146663,-0.7960387567858133,0.0,1.0
2019-11-05,3080.800048828125,3083.949951171875,3072.14990234375,3074.6201171875,4490590000,-0.14754980560209469,0.678760233333184,1.045570259421202,0.3195599224462702,0.7308452652540537,0.6135034993439105,0.7610569391163559,0.5585449067938009,0.7303902124782322,-0.8470644387369467,0.0,1.0
2019-11-06,3075.10009765625,3078.340087890625,3065.889892578125,3076.780029296875,4465510000,0.021206455904819198,0.6549311628893653,1.0780030344498086,0.2098548424512162,0.6507103180063579,0.5344922945339522,0.7936692073127224,0.6182617169413847,0.661679905531512,-0.8400111723134112,0.0,1.0
2019-11-07,3087.02001953125,3097.77001953125,3080.22998046875,3085.179931640625,4151990000,0.20242163215600895,0.3452084519731304,1.2063947109341095,0.17720812339518924,0.662971305893159,0.5767399515432156,0.8306683772903473,0.6740068856698337,0.6172784912182141,-0.840382751598018,0.0,1.0
2019-11-08,3081.25,3093.090087890625,3073.580078125,3093.080078125,3508160000,0.18727991677066444,-0.3716891149713407,1.325356189041623,0.25201691224071976,0.6851712894886206,0.6033330901622084,0.8693204474494037,0.7269308697504843,0.5857387384606462,-0.8467949393643481,0.0,1.0
2019-11-11,3080.330078125,3088.330078125,3075.820068359375,3087.010009765625,3041120000,-0.21697291596045545,-0.9795380985373228,1.110784768102459,0.03134723535354308,0.5194683518762241,0.3825654320785022,0.8707399434224082,0.7695758969922579,0.4708239782527862,-0.8423390307155858,0.0,1.0
2019-11-12,3089.280029296875,3102.610107421875,3084.72998046875,3091.840087890625,3495560000,0.09826041843316641,-0.38699786057959895,1.1926501867711,0.0702784173064773,0.5186877685569374,0.38583288253249864,0.872689594084054,0.8041119841647622,0.38016916588158584,-0.8569328406950412,0.0,1.0
2019-11-13,3084.179931640625,3098.06005859375,3078.800048828125,3094.0400390625,3513720000,0.02201416401076928,-0.36495130362631356,1.2311220586342295,0.034887471309909185,0.47679606523048124,0.3428378596013241,0.8678618549296414,0.8307006849545957,0.29132046121637456,-0.860629636994797,0.0,1.0
2019-11-14,3090.75,3098.199951171875,3083.260009765625,3096.6298828125,3282090000,0.033231368671848255,-0.6550990555061732,1.2783962244475215,0.043239459076057085,0.4441765332134339,0.3132577886990432,0.8588421790238735,0.8500282956042751,0.21014428299295373,-0.9150027439028756,0.0,1.0
2019-11-15,3107.919921875,3120.4599609375,3104.60009765625,3120.4599609375,3359800000,0.6462002087531789,-0.5555350371962385,1.6717779199538425,0.558209421779846,0.6729719921186644,0.6554710459124234,0.9045484215760996,0.8753381022213986,0.27702291920974187,-0.9916924320789626,0.0,1.0
2019-11-18,3117.909912109375,3124.169921875,3112.06005859375,3122.030029296875,3440140000,0.0033901899495288744,-0.4549937772306901,1.6953834783983535,0.4046081171531636,0.6151000466898332,0.559162257325265,0.9319225947152163,0.901483897667418,0.2863689508464994,-1.0023507519447536,0.0,1.0
2019-11-19,3127.449951171875,3127.639892578125,3113.469970703125,3120.179931640625,3613670000,-0.09454147388826509,-0.2456134798105209,1.6104450164562867,0.19357702078493721,0.5055927195867529,0.41903638217014877,0.935297654633759,0.9231277134374524,0.23603856002612164,-1.0113001213922455,0.0,1.0
2019-11-20,3114.659912109375,3118.969970703125,3091.409912109375,3108.4599609375,4041010000,-0.37728514162535676,0.22993595574581988,1.0843675978209986,-0.21453407140570002,0.278294772439118,0.13096742383359616,0.8929232190232103,0.9313129082238529,0.08557638499165661,-0.9372785697036422,0.0,1.0
2019-11-21,3108.489990234375,3110.110107421875,3094.550048828125,3103.5400390625,3744010000,-0.18303614472320817,-0.09485573769490202,0.8733116276827793,-0.3903962238315058,0.14971032564426892,0.004722888098983754,0.833727085480964,0.9251068579964855,-0.0753121658382217,-0.9316235529609417,0.0,1.0
2019-11-22,3111.409912109375,3112.8701171875,3099.260009765625,3110.2900390625,3235270000,0.15280463328855734,-0.7162304830497032,1.0263200416486924,-0.1452302272930444,0.1807644840917022,0.09888119733874241,0.7938419547459867,0.911548497502647,-0.15750814977793245,-0.9353894277190472,0.0,1.0
2019-11-25,3117.43994140625,3133.830078125,3117.43994140625,3133.639892578125,3514310000,0.6293802619372161,-0.36423694585478017,1.4842682797674684,0.4417839203825662,0.4283186904261573,0.46337725960099324,0.8147973642182982,0.9052167933542619,-0.07671692805575488,-0.8524749219958941,0.0,1.0
2019-11-26,3134.85009765625,3142.68994140625,3131.0,3140.52001953125,4600450000,0.15464884511017354,0.7815960818168762,1.6013059580148867,0.5195066333861289,0.4498988203774268,0.4879584832251138,0.8382795158557018,0.9052108179163418,-0.005997728695589106,-0.8514705533354304,0.0,1.0
2019-11-27,3145.489990234375,3154.260009765625,3143.409912109375,3153.6298828125,3035470000,0.33150756142369336,-0.9874500935743163,1.8101276962081554,0.6310927174135625,0.5518664074335801,0.6149110605333478,0.8804578830262929,0.9142936511284018,0.09561163526606932,-0.8403126601775271,0.0,1.0
2019-11-29,3147.179931640625,3150.300048828125,3139.340087890625,3140.97998046875,1743420000,-0.40007876125185626,-3.3467474678680533,1.246267268930998,0.07098679541228199,0.31468307870782014,0.2820165163483651,0.866574573988175,0.9185686651681579,0.041862077215738105,-0.7724123048581447,0.0,1.0
2019-12-02,3143.85009765625,3144.31005859375,3110.780029296875,3113.8701171875,3285750000,-0.8129703064761286,-0.6503571168242054,0.2464786537190461,-0.7004848945759325,-0.07547811762202995,-0.24615158985761829,0.7695042131223027,0.9010742127284894,-0.20151213473488905,-0.7042668759289438,0.0,1.0
2019-12-03,3087.409912109375,3094.969970703125,3070.330078125,3093.199951171875,3671580000,-0.6348539482897809,-0.17797160746542187,-0.3610720698236519,-1.0518364325534142,-0.35882626117944255,-0.5836098224660601,0.6259216217790148,0.85614281347566,-0.508246583890801,-0.6413677702990815,0.0,1.0
2019-12-04,3103.5,3119.3798828125,3102.530029296875,3112.760009765625,3702980000,0.5235857521919499,-0.1417395057399735,0.10219832358460264,-0.3543353892888067,-0.12531201743275872,-0.18011226289485432,0.557214057626622,0.8053941861683812,-0.5732809426715662,-0.5651839677274263,0.0,1.0
2019-12-05,3119.2099609375,3119.449951171875,3103.760009765625,3117.429931640625,3360480000,0.09250516793645633,-0.5546740059465808,0.2057618239864466,-0.02258994486065278,-0.09048956451459039,-0.0936698645762939,0.5073571642896909,0.754053280531014,-0.5799023852308928,-0.584164208207829,0.0,1.0
2019-12-06,3134.6201171875,3150.60009765625,3134.6201171875,3145.909912109375,3483310000,0.774920341819611,-0.4019343588880882,0.7690093096720219,0.7444976822908262,0.24528493487228037,0.3864097274287278,0.5377510269584825,0.7195291186405641,-0.3918976970659362,-0.49082278340036384,0.0,1.0
2019-12-09,3141.860107421875,3148.8701171875,3135.4599609375,3135.9599609375,3400470000,-0.3242537438180994,-0.5043417828990114,0.46571368127696094,0.3430329960007117,0.0854779500368455,0.1353744022278001,0.5259012324889678,0.68935667102154,-0.34324721532613134,-0.4671171163186878,0.0,1.0
2019-12-10,3135.360107421875,3142.1201171875,3126.090087890625,3132.52001953125,3346310000,-0.13961648409202274,-0.5726524935987133,0.36086755873664494,0.027838118916488516,0.009961672036423319,0.03444817958097615,0.49883788472735135,0.6593877321970857,-0.340972065746774,-0.5355394126379237,0.0,1.0
2019-12-11,3135.75,3143.97998046875,3133.2099609375,3141.6298828125,3257650000,0.21833587766424226,-0.6869000065873087,0.5507061222463046,0.12019134934056955,0.09701697654214925,0.16321022017236542,0.49437812770469075,0.6344516964204777,-0.2847061570598911,-0.53021094525377,0.0,1.0
2019-12-12,3141.22998046875,3176.280029296875,3138.469970703125,3168.570068359375,4003200000,0.7248261681803866,0.18993928491768286,1.041605573051552,0.5816536482559079,0.4020769572402407,0.5750367922347112,0.5562895020631091,0.6278420907949652,-0.07982375904124132,-0.45455376203379144,0.0,1.0
2019-12-13,3166.64990234375,3182.679931640625,3156.510009765625,3168.800048828125,3757650000,-0.03509180469023694,-0.07938343902826077,1.0454676785562824,0.4606550224852516,0.3570328642323452,0.46818182770526906,0.5966752744398269,0.6312557932234073,0.03223294666972259,-0.4844392130724544,0.0,1.0
2019-12-16,3183.6298828125,3197.7099609375,3183.6298828125,3191.449951171875,4070200000,0.5972496533102531,0.26055895277137897,1.4045173406795899,0.7766075674223422,0.607130385123735,0.7575710554316601,0.6808596241983331,0.652124840870444,0.22737695219309242,-0.598529416164942,0.0,1.0
2019-12-17,3195.39990234375,3198.219970703125,3191.030029296875,3192.52001953125,3842940000,-0.01161223916967766,0.016108432780912677,1.4204515870688421,0.47382210772357825,0.5740874416927519,0.6361880840614615,0.7395664688432552,0.6814688644529755,0.3221239039179327,-0.7446139295556552,0.0,1.0
2019-12-18,3195.2099609375,3198.47998046875,3191.139892578125,3191.139892578125,4029950000,-0.08021528309985053,0.21827517655222,1.3663026435664363,0.1638572490767099,0.508720087621154,0.49257711243703267,0.7709632953907118,0.7117087412678225,0.33213919642150846,-0.7475016105498224,0.0,1.0
2019-12-19,3192.320068359375,3205.47998046875,3192.320068359375,3205.3701171875,3784360000,0.35696741148427913,-0.04924741401851073,1.592213564021225,0.3505964852320673,0.6303896453169165,0.6340995644797488,0.8231642046357347,0.7471476805413834,0.3902627030296049,-0.7436535681116292,0.0,1.0
2019-12-20,3223.330078125,3225.64990234375,3216.030029296875,3221.219970703125,6457480000,0.4003576646322215,2.224295914391178,1.8165328368958884,0.4950071122385795,0.7589675010298074,0.7798866383374049,0.8954853332089441,0.791080906681416,0.4852255434907663,-0.8207499793915005,0.0,1.0
2019-12-23,3226.050048828125,3227.780029296875,3222.300048828125,3224.010009765625,3064530000,0.035832238143480626,-0.9469117099478257,1.854389983513468,0.39293067506087026,0.7195807857452527,0.6835894778987918,0.9471409234063632,0.8373570327499213,0.5114182581496249,-0.8910420015828167,0.0,1.0
2019-12-24,3225.449951171875,3226.429931640625,3220.510009765625,3223.3798828125,1296530000,-0.0590468006210892,-4.60680310268153,1.8256202452787849,0.20794667224175462,0.6517615547398602,0.5452683799795367,0.9726924726539266,0.8798831871519583,0.46949502590015935,-0.9069405215671774,0.0,1.0
2019-12-26,3227.199951171875,3240.080078125,3227.199951171875,3239.909912109375,2164540000,0.41674762622747247,-2.4262074531016418,2.055987505859833,0.3899280044880658,0.8006318786139002,0.7145739734432164,1.02428481553638,0.9250200287696607,0.49868149881453505,-0.8951668546869549,0.0,1.0
2019-12-27,3247.22998046875,3247.929931640625,3234.3701171875,3240.02001953125,2429150000,-0.0385413910729579,-1.9354996405528633,2.057462283178342,0.20531830719786812,0.7447211555129338,0.5837296216938995,1.0509257859259777,0.9668694787406986,0.4619297321997563,-0.9716523269286532,0.0,1.0
2019-12-30,3240.090087890625,3240.919921875,3216.570068359375,3221.2900390625,3021720000,-0.5582357920275619,-1.00676664591744,1.1965936240830135,-0.2993428626368586,0.4489278604496762,0.16050680785824692,1.0063504857913137,0.9907449897885298,0.2609880497189915,-0.8285816833519477,0.0,1.0
2019-12-31,3215.179931640625,3231.719970703125,3212.030029296875,3230.780029296875,2894760000,0.2217199128653486,-1.1893947265372948,1.3718117221289416,-0.08028767443501264,0.49492686835134536,0.27199137778120974,0.9834232617548807,1.0049055736388124,0.15237892266041997,-0.9007056022766753,0.0,1.0
2020-01-02,3244.669921875,3258.139892578125,3235.530029296875,3257.85009765625,3459930000,0.7072709885889581,-0.4305881003996903,1.7944884805006822,0.4615612756040095,0.7361719533451893,0.6569674863508205,1.0256467594956888,1.025331377967046,0.22242166339361735,-0.7991709750945022,0.0,1.0
2020-01-03,3226.360107421875,3246.14990234375,3222.340087890625,3234.85009765625,3484700000,-0.6725498394248249,-0.40023688380312,0.9254601445497546,-0.12895042290645511,0.35981602559638415,0.15303818388574805,0.981926685829161,1.0322522368089064,0.07144159834292732,-0.6615292000142381,0.0,1.0
2020-01-06,3217.550048828125,3246.840087890625,3214.639892578125,3246.280029296875,3702460000,0.27421402594839717,-0.1423370221602813,1.1229178262096684,0.14438194843352178,0.4228332410831697,0.29706991568089586,0.9652367217993365,1.0341929586128078,0.015765593229756635,-0.6701288919642008,0.0,1.0
2020-01-07,3241.860107421875,3244.909912109375,3232.429931640625,3237.179931640625,3435910000,-0.2921162830977235,-0.46022856120160877,0.8047562456962901,-0.1852134939675929,0.246723179974604,0.07941257969758918,0.9139432195128303,1.0246940051809579,-0.11212554953681031,-0.6749874343657039,0.0,1.0
2020-01-08,3238.590087890625,3267.070068359375,3236.669921875,3253.050048828125,3726840000,0.3965744755922611,-0.11441256545656217,1.0898232163113826,0.12078032859545186,0.37422158022852103,0.30781179097528283,0.9041997092393178,1.0149955374588582,-0.11435604210346685,-0.6446630390104615,0.0,1.0
2020-01-09,3266.030029296875,3275.580078125,3263.669921875,3274.699951171875,3641230000,0.5532307772195282,-0.21328783180609287,1.4266286930277672,0.6097934763072909,0.5588133382478454,0.5952084753136602,0.942878120498048,1.0155702877465789,0.0004945602160794788,-0.6001309027158445,0.0,1.0
2020-01-10,3281.81005859375,3282.989990234375,3260.860107421875,3265.35009765625,3214580000,-0.29675838824670475,-0.743527157075379,1.0995484001922855,0.19581611377390953,0.35931881088653833,0.3276834848372329,0.9345382870139813,1.014233214627643,-0.02087888572590887,-0.5986598079303929,0.0,1.0
2020-01-13,3271.1298828125,3288.1298828125,3268.429931640625,3288.1298828125,3459390000,0.5819156998408925,-0.43125219158001354,1.4419427887287375,0.5790587659633238,0.572208130572795,0.6292354503586758,0.9770511142944053,1.0223232313803958,0.08451233140284307,-0.5479629362240225,0.0,1.0
2020-01-14,3285.35009765625,3294.25,3277.18994140625,3283.14990234375,3687620000,-0.1769390792690267,-0.15942468682731722,1.2683347220431465,0.20064312598599648,0.434990465842115,0.4284822051190006,0.9832396349027573,1.0301286032690509,0.08133011196025462,-0.6193991049165888,0.0,1.0
2020-01-15,3282.27001953125,3298.659912109375,3280.68994140625,3289.2900390625,3721490000,0.12556881152845548,-0.12052469168276327,1.3629390437896503,0.17067043046319638,0.4499222031277568,0.44101701481037014,0.9912152757285776,1.0380913063655772,0.08308901398787566,-0.6213233759874801,0.0,1.0
2020-01-16,3302.969970703125,3317.110107421875,3302.820068359375,3316.81005859375,3540580000,0.706176184446855,-0.33255081573978096,1.740150152362945,0.6750416057362203,0.7185242007755709,0.7998114868463304,1.0587883271200036,1.0590205383248759,0.22804978951698224,-0.6215872018192581,0.0,1.0
2020-01-17,3323.659912109375,3329.8798828125,3318.860107421875,3329.6201171875,3726220000,0.3035993492110614,-0.11512043697859548,1.8910956434700408,0.6709742536609199,0.7910202500195416,0.8617298029601836,1.1321805658143544,1.0915767765102422,0.3580352202710545,-0.7790680641745101,0.0,1.0
2020-01-21,3321.030029296875,3329.7900390625,3316.610107421875,3320.7900390625,4104840000,-0.27859743451136804,0.29661581778892804,1.5659064255689485,0.2656787764009949,0.6051692683627617,0.5627767089100578,1.1502979502186224,1.1215252796710902,0.3288817517114053,-0.7266517635849992,0.0,1.0
2020-01-22,3330.02001953125,3337.77001953125,3320.0400390625,3321.75,3623780000,-0.015742776332708975,-0.2337267270550821,1.5792972492317947,0.08760214581247149,0.5527746284509135,0.46948027005774634,1.1515930162136065,1.1457631128993835,0.26503867150274213,-0.7714074676940218,0.0,1.0
2020-01-23,3315.77001953125,3326.8798828125,3301.8701171875,3325.5400390625,3766710000,0.06039525004680617,-0.0691373951979925,1.6346129022757638,-0.0032899141077395743,0.5354874525310852,0.43651112811192394,1.147409107847983,1.1642519282178314,0.2007668757460063,-0.7809400743199105,0.0,1.0
2020-01-24,3333.10009765625,3333.179931640625,3281.530029296875,3295.469970703125,3708780000,-0.8497156849260524,-0.1350805810680152,0.5539684858041636,-0.6792789933171939,0.11176254210636064,-0.13865292146557037,1.0466671695601293,1.1573374506927383,-0.08323210891405518,-0.6296811491699944,0.0,1.0
2020-01-27,3247.159912109375,3258.85009765625,3234.5,3243.6298828125,3831050000,-1.4475003132585793,0.0029240943937350054,-0.7303689647786518,-1.594876850444027,-0.5416684295094927,-0.9797774163505458,0.8120706410813463,1.1012604650236264,-0.6328499274478975,-0.302203607690696,0.0,1.0
2020-01-28,3255.35009765625,3285.780029296875,3253.219970703125,3276.239990234375,3531570000,0.8569534733852373,-0.34339185532678074,-0.08598997441146505,-0.5024400804967943,-0.15485526627498172,-0.3212143573030184,0.7055129513544083,1.0334403038526632,-0.7641340857556882,-0.2394245301101571,0.0,1.0
2020-01-29,3289.4599609375,3293.469970703125,3271.889892578125,3273.39990234375,3600250000,-0.11905503787910426,-0.26144341230337337,-0.14743600529430106,-0.32279545246028485,-0.22316275285235038,-0.3392658414710315,0.6038367891201932,0.9572773602885046,-0.8574031648274477,-0.24069222716777003,0.0,1.0
2020-01-30,3256.449951171875,3285.909912109375,3242.800048828125,3283.659912109375,3790350000,0.2385524146996394,-0.042518294061632454,0.04643850448690061,0.17145881603030796,-0.12766772277246397,-0.14163840657525728,0.5428587831389745,0.8832088829507967,-0.833987842830406,-0.23315605963680794,0.0,1.0
2020-01-31,3282.330078125,3282.330078125,3214.679931640625,3225.52001953125,4529700000,-1.6240242996235528,0.7156552240172761,-1.0636986996602347,-1.0049621466320702,-0.8363704320534865,-1.0881816733904133,0.32798253379162795,0.777657564519412,-1.1859538245590928,-0.06155907726471292,0.0,1.0
2020-02-03,3235.659912109375,3268.43994140625,3235.659912109375,3248.919921875,3760460000,0.6067973872569905,-0.07620294172105259,-0.6195352134938749,-0.40900009742867643,-0.5517074428768504,-0.5613485901023911,0.2172820272752794,0.6693653393315676,-1.2165961015535234,-0.00974468685444116,0.0,1.0
2020-02-04,3280.610107421875,3306.919921875,3280.610107421875,3297.590087890625,3996900000,1.2972854857298481,0.18323823903788033,0.13830588760976573,0.7736491561530169,0.02610527241872872,0.29701652080005575,0.25835674703101347,0.5915813844676557,-0.8755254439385788,0.22100335436793317,0.0,1.0
2020-02-05,3324.909912109375,3337.580078125,3313.75,3334.68994140625,4121480000,0.9639355372822992,0.3138283863342635,0.5960452797701933,1.4294573333994394,0.4288696980281263,0.8316856896808253,0.3863313629566161,0.556927214349003,-0.39335113875298355,0.31968219687209243,0.0,1.0
2020-02-06,3344.919921875,3347.9599609375,3334.389892578125,3345.780029296875,3887250000,0.2556509797091545,0.06488527779716596,0.7210542738239241,1.3885357509761234,0.5086403869009035,0.8597556415044131,0.5100209228835377,0.5558536278229176,-0.017933207569062345,0.32513118229922744,0.0,1.0
2020-02-07,3335.5400390625,3341.419921875,3322.1201171875,3327.7099609375,3733920000,-0.5242763432241441,-0.10633746960394293,0.37668300734887394,0.3681658994218405,0.24951144856831375,0.4126891904686737,0.5494441238126149,0.5634887530231029,0.0794268198569443,0.28094202662706114,0.0,1.0
2020-02-10,3318.280029296875,3352.260009765625,3317.77001953125,3352.090087890625,3462730000,0.61321302518789,-0.4271463258356687,0.6695113256798855,0.4632135187960968,0.4987744876363193,0.7200821013120773,0.6381296932756443,0.5887047570189167,0.2759742421986752,0.03931605836467941,0.0,1.0
2020-02-11,3365.8701171875,3375.6298828125,3352.719970703125,3357.75,3762940000,0.1093273241049503,-0.07339792850629331,0.7354347066402782,0.29556919164189877,0.5252048323926107,0.6774367166655029,0.7133634109431052,0.6250871718930203,0.40081039518337414,-0.005330080057568247,0.0,1.0
2020-02-12,3370.5,3381.469970703125,3369.719970703125,3379.449951171875,3930910000,0.5360158419278256,0.11240578416910053,0.9819449786265767,0.6252350238982409,0.7341187237310207,0.8980895963437786,0.8209306435679656,0.6773691892514077,0.5785617989028035,-0.006235643232802968,0.0,1.0
2020-02-13,3365.89990234375,3385.090087890625,3360.52001953125,3373.93994140625,3500890000,-0.1872987208965331,-0.3805152948935522,0.8615054991484886,0.33555593605049544,0.6120067514660181,0.6484833831705276,0.8784218431688955,0.7315816696827315,0.6001436291015236,0.013245178419207942,0.0,1.0
2020-02-14,3378.080078125,3380.68994140625,3366.14990234375,3380.159912109375,3419700000,0.12318577378330513,-0.48034889069040676,0.9368044766439293,0.2240628128839444,0.6491302037622129,0.625364017017421,0.9280040473552321,0.7856344741899567,0.598358514053727,-0.488692727717115,0.0,1.0
2020-02-18,3369.0400390625,3375.010009765625,3355.610107421875,3370.2900390625,3750400000,-0.3025466215944361,-0.08760034568052218,0.7040987593147643,-0.12461389535277691,0.5010689069690953,0.3495697713523595,0.926958843517708,0.828651521582452,0.4749830195915902,-0.43237755311761406,0.0,1.0
2020-02-19,3380.389892578125,3393.52001953125,3378.830078125,3386.14990234375,3614200000,0.37899763255471264,-0.2449895109659759,0.9143304121873679,0.13752468438008783,0.6563600764809705,0.5262532924902489,0.9564073767384519,0.8694100445131474,0.4497335900026116,-0.6342755182250392,0.0,1.0
2020-02-20,3380.449951171875,3389.14990234375,3341.02001953125,3373.22998046875,4019180000,-0.38258821282478156,0.2068893545876664,0.6025247706090938,-0.16307059384907363,0.4639884032730931,0.21799284444370282,0.9309488734939885,0.8965316566991302,0.2972782044251905,-0.7310995334800264,0.0,1.0
2020-02-21,3360.5,3360.760009765625,3328.449951171875,3337.75,3908780000,-0.9816269932345001,0.08838533936466596,-0.15163077091639637,-0.8921012678472207,0.017336505880933904,-0.4012622233098974,0.8012565044557619,0.8902858511866838,-0.07575661454283479,-0.5428551941776848,0.0,1.0
2020-02-24,3257.610107421875,3259.81005859375,3214.64990234375,3225.889892578125,4851160000,-3.0368361412760754,1.0073655035373985,-1.6644270393910883,-3.009505643440116,-1.3248467805803181,-2.1527917300973196,0.3831416856944614,0.7952035502541266,-1.0689142597134138,0.41663624926873843,0.0,1.0
2020-02-25,3238.93994140625,3246.989990234375,3118.77001953125,3128.2099609375,5596760000,-2.747832579815916,1.6156577928992932,-2.4144289758447957,-4.35470065282833,-2.4672058907565195,-3.4376578060035294,-0.21752077649114815,0.589720932521365,-2.3031470841946327,0.7364026629344864,0.0,1.0
2020-02-26,3139.89990234375,3182.510009765625,3108.989990234375,3116.389892578125,5484650000,-0.37928322592324815,1.52956604712947,-2.4875860009739443,-3.2940426869308483,-2.5203807905858016,-3.146936745661764,-0.7202793479970325,0.3170121146377476,-3.054709989955944,0.6965149760482406,0.0,1.0
2020-02-27,3062.5400390625,3097.070068359375,2977.389892578125,2978.760009765625,7064710000,-3.9886382565910727,2.606676414399512,-3.140825141174973,-4.992161194840621,-4.066284162566309,-4.99464583683435,-1.483599394979152,-0.06561738989505785,-4.28358073493275,1.193134731555016,0.0,1.0
2020-02-28,2916.89990234375,2959.719970703125,2855.840087890625,2954.219970703125,8569570000,-0.7778747765870957,3.428279789380227,-3.2283338762604252,-3.642209935730965,-4.187217879486234,-4.712680521714169,-2.134046550802548,-0.5118642183876299,-4.994797801265065,1.1416539596527517,0.0,1.0
2020-03-02,2974.280029296875,3090.9599609375,2945.18994140625,3090.22998046875,6381330000,4.073145752214448,2.173824253491683,-1.6045267240920487,0.9718742688184562,-2.3991968498138303,-1.7384095381839808,-2.250939218444306,-0.8940469944848202,-4.278586483875815,2.3877703978631795,0.0,1.0
2020-03-03,3096.4599609375,3136.719970703125,2976.6298828125,3003.3701171875,6376510000,-2.5537026823273896,2.1706093549213237,-2.051572584244513,-0.7965465171905316,-3.34954383295027,-2.9766572728880325,-2.556084569863251,-1.2655388385357342,-4.159066000255354,2.4822074687024425,0.0,1.0
2020-03-04,3045.75,3130.969970703125,3034.3798828125,3130.1201171875,5073020000,3.7302488426512657,1.1976284019376107,-1.0013637693620903,2.761264081628614,-1.646861117322205,-0.39012626095197783,-2.4228777201033735,-1.5340319999500456,-3.0075805817988046,3.2228256711934113,0.0,1.0
2020-03-05,3075.699951171875,3083.0400390625,2999.830078125,3023.93994140625,5579290000,-3.073341113355887,1.6023562416985282,-1.5356380083097914,-0.5424042050782826,-2.807207251792005,-2.165534455490974,-2.582789856636175,-1.7832806769831824,-2.7924346927118435,3.3861035704668154,0.0,1.0
2020-03-06,2954.199951171875,2985.929931640625,2901.5400390625,2972.3701171875,6555240000,-1.5657550734214154,2.2882250226409893,-1.7611447781478267,-2.1187077221264805,-3.2435696302886603,-2.7537118440622286,-2.8216466470259274,-2.0341429244090166,-2.8104737853612076,3.3967101358207685,0.0,1.0
2020-03-09,2863.889892578125,2863.889892578125,2734.429931640625,2746.56005859375,8441290000,-6.8313183396950095,3.364108867052295,-2.5175846658432666,-6.756749295342365,-5.812413003658653,-6.345061759839394,-3.5946651114258934,-2.4013847619924573,-4.1115525724098,4.261867744770809,0.0,1.0
2020-03-10,2813.47998046875,2882.590087890625,2734.0,2882.22998046875,7642040000,4.373182230355723,2.940893017955182,-1.6499132509683203,-2.1000213800114147,-3.783805004008869,-3.0384962839845655,-3.7918713895036125,-2.7376676541840737,-3.765443541916142,4.971994617659905,0.0,1.0
2020-03-11,2825.60009765625,2825.60009765625,2707.219970703125,2741.3798828125,7431200000,-4.40916250592098,2.8218587274391895,-2.076927020489756,-4.0645877029251976,-5.264989820782899,-5.150750846394948,-4.289574012088881,-3.113927353353947,-4.212368775652632,5.26848072154497,0.0,1.0
2020-03-12,2630.860107421875,2660.949951171875,2478.860107421875,2480.639892578125,8850810000,-8.542209355735118,3.5656696137809853,-2.665292011810244,-9.004889551478112,-8.21566752228567,-9.285201676860321,-5.343893136577323,-3.642095276003974,-5.910643936104788,6.275119821016701,0.0,1.0
2020-03-13,2569.989990234375,2711.330078125,2492.3701171875,2711.02001953125,8299070000,8.258725472079895,3.291814626837782,-1.57742869953076,-0.11547306238522312,-4.752491206722808,-3.6781531167611026,-5.483348301288503,-4.094676169531175,-5.065610197503794,7.929862838367158,0.0,1.0
2020-03-16,2508.590087890625,2562.97998046875,2380.93994140625,2386.1298828125,7805450000,-10.752245898152498,3.030912036892885,-2.2463844914704207,-8.442643230882359,-8.597640823220356,-9.40908105617701,-6.418277980481572,-4.65817778678584,-6.305660970070025,8.874633322917507,0.0,1.0
2020-03-17,2425.659912109375,2553.929931640625,2367.0400390625,2529.18994140625,8370250000,5.316844807903315,3.3281508770465624,-1.709171188324552,-1.4422137667091874,-6.145999774557729,-5.331329461808205,-6.690012064555139,-5.1675260209631695,-5.700247100907724,9.61684706899181,0.0,1.0
2020-03-18,2436.5,2453.570068359375,2280.52001953125,2398.10009765625,8799300000,-4.673917608731501,3.5408358392167063,-1.9624316568535445,-3.6505487050467393,-7.401555918544878,-7.210999820982678,-7.1864687203882855,-5.681969541784887,-5.757210434065776,9.294005260769422,0.0,1.0
2020-03-19,2393.47998046875,2466.969970703125,2319.780029296875,2409.389892578125,7956100000,0.37917836166552593,3.112247661405063,-1.9194991739530285,-2.777985516577573,-6.66897892004212,-5.997244053929731,-7.465161761495368,-6.1535706530241905,-5.2782488720063405,9.363301540431928,0.0,1.0
2020-03-20,2431.93994140625,2453.010009765625,2295.56005859375,2304.919921875,9053950000,-3.9168054146618467,3.6622175394744083,-2.122157222845376,-3.7097853923372486,-7.561334972449053,-7.340517074586966,-7.885663016347227,-6.621451372282671,-5.236656329197074,9.417839123063342,0.0,1.0
2020-03-23,2290.7099609375,2300.72998046875,2191.860107421875,2237.39990234375,7411380000,-2.6596980893631,2.810495756976612,-2.247865317420365,-5.137891871587808,-7.963215167292191,-7.781504277647738,-8.311738605110882,-7.087556805778487,-5.21680932128423,9.05564971269331,0.0,1.0
2020-03-24,2344.43994140625,2449.7099609375,2344.43994140625,2447.330078125,7563150000,8.344211112474364,2.89674295069111,-1.437721088257291,3.1672992845770325,-4.382291397170614,-2.2194310829530512,-7.980911428681772,-7.389162207063407,-3.3777626113881056,9.970247265201559,0.0,1.0
2020-03-25,2457.77001953125,2571.419921875,2407.530029296875,2475.56005859375,8300010000,0.9893549819537475,3.292296509392276,-1.337544293956738,3.612561516421268,-3.5129619535138312,-1.3081153506394105,-7.556209987462566,-7.5389417393549065,-1.6804081422320891,9.860748370396198,0.0,1.0
2020-03-26,2501.2900390625,2637.010009765625,2500.719970703125,2630.070068359375,7766990000,5.536644269935063,3.0098959979481466,-0.8149374934456997,7.512882096899088,-0.8945404041948559,2.1248318005752056,-6.718522039938161,-7.478279849421472,0.6722455318563104,9.249184996779467,0.0,1.0
2020-03-27,2555.8701171875,2615.909912109375,2520.02001953125,2541.469970703125,6201670000,-3.0523627735903105,2.052319272694099,-1.0507799197046108,2.5756108729976894,-1.9519029151295977,-0.08493189202342867,-6.22960838534493,-7.324410594464948,1.7142678079616667,8.363835166507615,0.0,1.0
2020-03-30,2558.97998046875,2631.800048828125,2545.280029296875,2626.64990234375,5751120000,2.953891599809318,1.7314139741052703,-0.7694087220611789,2.7451103395625545,-0.2760987316678359,1.6867187162769746,-5.545744805130799,-7.053972171713646,3.0174659996403,6.275375459328542,0.0,1.0
2020-03-31,2614.68994140625,2641.389892578125,2571.14990234375,2584.590087890625,6576210000,-1.4727047863401603,2.301813896997214,-0.8897677098760846,0.36461424462911224,-0.6093551175329476,0.5257561547609712,-5.063830675106766,-6.733789785260219,3.573584266330365,5.884699210706152,0.0,1.0
2020-04-01,2498.080078125,2522.75,2447.489990234375,2470.5,5964000000,-3.9867781758112675,1.8860580529498936,-1.2046490837645631,-3.46025653088848,-1.9076829874976755,-1.965605758613071,-4.9420076250582845,-6.451396278665471,3.151119211213129,5.7437227082042615,0.0,1.0
2020-04-02,2458.5400390625,2533.219970703125,2455.7900390625,2526.89990234375,6464190000,1.9987784936349318,2.2287146832173024,-0.9984267460662138,-0.8607920247949477,-0.6171586900438808,-0.502258308745553,-4.638887367564476,-6.1601721703553345,3.249841921554421,5.801498336847376,0.0,1.0
2020-04-03,2514.919921875,2538.179931640625,2459.9599609375,2488.64990234375,6096970000,-1.3944489240321039,1.9798761016690025,-1.1096061244386433,-1.8120992728861338,-0.8499765483848049,-1.252653626710905,-4.455224242447771,-5.887621425192197,3.041080946880815,5.42542605218902,0.0,1.0
2020-04-06,2578.280029296875,2676.85009765625,2574.570068359375,2663.679931640625,6403840000,6.24423459713538,2.18880615040757,-0.4880029793920202,3.916073372731698,2.0644646378534985,2.582922352490619,-3.7857789634659786,-5.525344330480518,4.044186816894776,5.681032791491294,0.0,1.0
2020-04-07,2738.64990234375,2756.889892578125,2657.669921875,2659.409912109375,7050410000,-0.18485049457316363,2.598055586419735,-0.5022315023208782,3.2399149948787547,2.186631206941112,2.0610632652025984,-3.232191211376362,-5.1162484413799945,4.567602822502141,4.457079850055947,0.0,1.0
2020-04-08,2685.0,2760.75,2663.300048828125,2749.97998046875,5875710000,3.0021933575124664,1.8226015886714961,-0.19704313165407156,4.321004452714627,3.6592569589585793,3.562981828650952,-2.5171204718682945,-4.6349049184531275,5.375303413805211,4.580723297468196,0.0,1.0
2020-04-09,2776.989990234375,2818.570068359375,2762.360107421875,2789.820068359375,7899550000,1.2532235905321134,3.0818984250382293,-0.06652026360052848,3.8194940396589767,4.031907146989678,3.7673294594560196,-1.821986204662653,-4.100058735829214,5.973442447361153,3.9378011809929188,0.0,1.0
2020-04-13,2782.4599609375,2782.4599609375,2721.169921875,2761.6298828125,5319530000,-0.9446758798761999,1.3995074537067438,-0.17977817176685404,1.099665727206539,3.5292588509905074,2.5726969064624394,-1.3358648859453877,-3.567443674309979,5.948499376701578,3.5917894975349296,0.0,1.0
2020-04-14,2805.10009765625,2851.85009765625,2805.10009765625,2846.06005859375,5615730000,2.6908254266848477,1.6300544958671173,0.11049765155384357,2.5942712155081664,4.48388202501143,3.811233128387013,-0.7120022550078645,-3.006936215340821,6.260325587748354,3.5563136630031806,0.0,1.0
2020-04-15,2795.639892578125,2801.8798828125,2761.5400390625,2783.360107421875,5208000000,-2.0105340799277163,1.3093547344240044,-0.1562644292913541,-0.16002043343866268,3.254359229224518,1.942218704941935,-0.38845416121033455,-2.4888196300804024,5.786412022043187,3.640470041043156,0.0,1.0
2020-04-16,2799.340087890625,2806.510009765625,2764.320068359375,2799.550048828125,5228810000,0.4782838778952938,1.3263216245050657,-0.09634716819293922,0.03546793054744099,3.166233000078199,1.9303029756650776,-0.08880428374171655,-2.009764775610549,5.349716986013417,2.8217325755943725,0.0,1.0
2020-04-17,2842.429931640625,2879.219970703125,2830.8798828125,2874.56005859375,5804810000,2.3530804041353734,1.7709496342073352,0.178426640389203,1.829631703947911,3.9508980639825113,3.058594173078264,0.3490687022274902,-1.5321782051827393,5.333302138548506,2.8497983412220536,0.0,1.0
2020-04-20,2845.6201171875,2868.97998046875,2820.429931640625,2823.159912109375,5228630000,-1.639685151374051,1.326175155918194,-0.06393698346376457,-0.13935993012567569,2.7059595811720367,1.5562172522152262,0.5456131791779242,-1.1077621162301912,4.738876728981956,2.898687256309256,0.0,1.0
2020-04-21,2784.81005859375,2785.5400390625,2727.10009765625,2736.56005859375,5121010000,-2.783117570466343,1.2376878921953582,-0.44969451857476483,-2.146730260392994,0.9572623769231072,-0.3849974415601688,0.454877563779558,-0.7877788451214586,3.571358233820654,2.1138321286456443,0.0,1.0
2020-04-22,2787.889892578125,2815.10009765625,2775.949951171875,2799.31005859375,5084920000,2.0077964038196683,1.2075971101600085,-0.1919447869565161,-0.2990522283004587,1.6422107519516504,0.8685254939189578,0.5472726083122815,-0.511885092986733,3.078454471308929,2.2282398682481097,0.0,1.0
2020-04-23,2810.419921875,2844.89990234375,2794.260009765625,2797.800048828125,5773530000,-0.08978923369314513,1.7479606982572795,-0.19908816553488756,-0.33502503538764666,1.3628440808756535,0.6824821749223333,0.6069006061961143,-0.27832283713855366,2.605204722208903,1.8925945558980848,0.0,1.0
2020-04-24,2812.639892578125,2842.7099609375,2791.760009765625,2836.739990234375,5382810000,1.2023380703112514,1.4498216054923394,-0.03135351756183316,1.109149757585923,1.7913610286224593,1.3023820580211267,0.7504559019326283,-0.060543076181414565,2.428762536069333,1.8871386711096616,0.0,1.0
2020-04-27,2854.64990234375,2887.719970703125,2852.889892578125,2878.47998046875,5203930000,1.2734811413627152,1.3060284409822063,0.1462754071473778,2.053851607671521,2.154842106058547,1.871937659456058,0.9657640395465376,0.16007032238422328,2.460441508109087,1.8712960591698455,0.0,1.0
2020-04-28,2909.9599609375,2921.14990234375,2860.7099609375,2863.389892578125,5691160000,-0.5101129298834388,1.686822647156863,0.06013703327629932,0.7940045643590246,1.7402608734573244,1.2683970099140873,1.0798988668700866,0.36115215925067184,2.2420862056859416,1.574470345702724,0.0,1.0
2020-04-29,2918.4599609375,2954.860107421875,2912.159912109375,2939.510009765625,6645640000,2.3343405261583903,2.3464983348963715,0.3906208527377472,2.245740061162703,2.599367867202882,2.4818758970790578,1.3621332433882707,0.5828269279148379,2.472307215133253,1.5350524354336519,0.0,1.0
2020-04-30,2930.909912109375,2930.909912109375,2892.469970703125,2912.429931640625,6544980000,-0.8649348194392792,2.281560543264585,0.22394663997904163,0.7206791949271683,1.849151219346212,1.5585869381789876,1.4914977294667562,0.788039193513226,2.2882628007166073,1.6203106917005752,0.0,1.0
2020-05-01,2869.090087890625,2869.090087890625,2821.610107421875,2830.7099609375,4759810000,-2.549335670796614,0.9264835231178759,-0.2523530793319362,-1.7058324371314688,0.4109097203732939,-0.2396099919081202,1.350652968261943,0.9218630526519092,1.4901680389105234,1.7133629153097942,0.0,1.0
2020-05-04,2815.010009765625,2844.239990234375,2797.85009765625,2842.739990234375,4735930000,0.3382466732998587,0.9050840149950934,-0.19131296602929593,-1.1303920344641083,0.3242460521275574,0.0023041409326987968,1.2553022054146246,1.008378175277559,0.9612746699287134,1.5911113803725494,0.0,1.0
2020-05-05,2868.8798828125,2898.22998046875,2863.550048828125,2868.43994140625,5140290000,0.7664147722408455,1.2536762008458682,-0.057349830437041144,-0.38423253797625895,0.5479428989878002,0.4630228944401561,1.2339499179886817,1.072989779100636,0.7164018048743386,1.0825753457338014,0.0,1.0
2020-05-06,2883.139892578125,2891.110107421875,2847.64990234375,2848.419921875,4892570000,-0.6653587667879919,1.0435297959354943,-0.18534953115065372,-0.44099721647642487,0.11726430033633603,-0.005383180413928228,1.1461702742718785,1.1057663461329705,0.360498411528013,0.9351444431777496,0.0,1.0
2020-05-07,2878.260009765625,2901.919921875,2876.47998046875,2881.18994140625,5178790000,0.9866397313191959,1.285424402717029,-0.0012276257357364553,0.7468825683926208,0.49664509963300163,0.5877081358232766,1.1512686247230586,1.1330860737352866,0.2994930581227285,0.9749006332129161,0.0,1.0
2020-05-08,2908.830078125,2932.159912109375,2902.8798828125,2929.800048828125,4876030000,1.4663034381138595,1.029121886783805,0.26136652790438447,1.61233875637913,1.0968825457003666,1.379780577140506,1.2722614845620182,1.1810105831715803,0.5298465463902731,1.0134603928353747,0.0,1.0
2020-05-11,2915.4599609375,2944.25,2903.43994140625,2930.18994140625,4819730000,-0.02968497716192136,0.9797103015756086,0.26348398808466783,1.0879147341627176,0.9772388771667567,1.1487419176665121,1.3512129147817435,1.236360808631296,0.6128631782897151,0.9378645724068192,0.0,1.0
2020-05-12,2939.5,2945.820068359375,2869.590087890625,2870.1201171875,5119630000,-1.8737805653486166,1.2365411933962742,-0.18535798625888644,-0.7285345437322853,0.09350229708641525,-0.1651799147454931,1.2314943900197377,1.254846825728191,0.2007355927117664,1.1613398789124196,0.0,1.0
2020-05-13,2865.860107421875,2874.139892578125,2793.14990234375,2820.0,6151650000,-1.6022977818562352,2.017863679022944,-0.527339379399283,-2.0685866153056813,-0.6550780250617663,-1.0948222724305514,0.984613041565721,1.21644338847197,-0.4352664946419496,0.8617370180305279,0.0,1.0
2020-05-14,2794.5400390625,2852.800048828125,2766.639892578125,2852.5,5651130000,0.988444369128396,1.6567906638429086,-0.31161587696241827,-0.9182445802908606,-0.22496915306350454,-0.34226734886963633,0.8661640110275025,1.160199996485228,-0.6347102856911796,0.9574831197370531,0.0,1.0
2020-05-15,2829.949951171875,2865.010009765625,2816.780029296875,2863.699951171875,5507700000,0.309337269709692,1.5474094789638626,-0.2367168725338591,-0.18156211501293976,-0.055937998764223396,-0.10207572587886345,0.7916179542402976,1.099143832391062,-0.6885152156397045,0.5079060056475382,0.0,1.0
2020-05-18,2913.860107421875,2968.090087890625,2913.860107421875,2953.909912109375,6373670000,2.7738186366885094,2.168713961368011,0.31771543758161414,2.4062572199485572,1.1455537667396158,1.5654243797498517,0.9677239270259466,1.0882421202126906,-0.1278078495515634,1.0030276233324236,0.0,1.0
2020-05-19,2948.590087890625,2964.2099609375,2922.35009765625,2922.93994140625,4984330000,-0.978614736318039,1.1225872112052258,0.07414959053600285,1.144266284071921,0.5645395785487191,0.7267639217742453,1.0078290284520461,1.0881616649503252,-0.0068303843143093556,1.0789201104101973,0.0,1.0
2020-05-20,2953.6298828125,2980.2900390625,2953.6298828125,2971.610107421875,5005380000,1.4466019091819682,1.140517910606738,0.3583144270214293,1.6793286408235037,1.1340700399469241,1.4865332508100255,1.1580472074085566,1.120462820128188,0.35518349094677903,1.1189347175030004,0.0,1.0
2020-05-21,2969.949951171875,2978.5,2938.570068359375,2948.510009765625,4976620000,-0.7363385971831508,1.116000766161211,0.16848985797664787,0.4133305406164917,0.6945655844878001,0.8086196141572514,1.197156617210797,1.1547301302777575,0.37716434276343425,1.1489110873585113,0.0,1.0
2020-05-22,2948.050048828125,2956.760009765625,2933.590087890625,2955.449951171875,3970860000,0.1687825830319598,0.1554280686386958,0.21219742244216103,0.07403364829878543,0.70707644198783,0.7879437244809637,1.2306676906698077,1.1893641650970277,0.38126418267341095,1.0308433068530738,0.0,1.0
2020-05-26,3004.080078125,3021.719970703125,2988.169921875,2991.77001953125,5848500000,1.0567586395419457,1.802852680036876,0.440932656539991,0.9187506414532675,1.1400356503334699,1.3046700910556879,1.3395099721444323,1.2405221962822748,0.5659960683925971,1.0893131259635818,0.0,1.0
2020-05-27,3015.64990234375,3036.25,2969.75,3036.1298828125,6398000000,1.2836007635436457,2.1849243084478376,0.7026396877781717,1.5449207370247104,1.641168981481137,1.879986403800169,1.5280510164487637,1.3220710603201256,0.9057538205183281,0.8280665798518587,0.0,1.0
2020-05-28,3046.610107421875,3068.669921875,3023.39990234375,3029.72998046875,5447020000,-0.2299721681250763,1.500274197998976,0.6385933092598857,1.0148663266270885,1.48436990829321,1.4461944890192067,1.638498763925919,1.4111068633541135,0.9894549015636283,0.5189936177022904,0.0,1.0
2020-05-29,3025.169921875,3049.169921875,2998.610107421875,3044.31005859375,7297550000,0.38852046067658463,2.74464182773422,0.729189264554949,0.8757036949804091,1.5931163596918632,1.4582523425092115,1.743701519571348,1.5050021487345058,1.0437820339103019,0.5079080284302793,0.0,1.0
2020-06-01,3038.780029296875,3062.179931640625,3031.5400390625,3055.72998046875,4684170000,0.2936852858205388,0.8583276766109728,0.801874379518771,0.6217144853025759,1.5887445618906926,1.4108970896187574,1.8349805015281404,1.5997850490803736,1.0537052257782487,0.5085550906913607,0.0,1.0
2020-06-02,3064.780029296875,3081.070068359375,3051.639892578125,3080.820068359375,5197150000,0.6922587942660398,1.3004815620561694,0.9615617554693638,0.8252628583176411,1.765895612279343,1.612495276928039,1.9515794043038932,1.700733389039334,1.1226324550506703,-0.014330204852079292,0.0,1.0
2020-06-03,3098.89990234375,3130.93994140625,3098.89990234375,3122.8701171875,6005560000,1.1782893934231105,1.9156039014047037,1.2125479585134682,1.5206138283293942,2.1656103286787522,2.0772800431393907,2.1329251587831286,1.8205642263945814,1.3337314697107026,-0.19954440609337598,0.0,1.0
2020-06-04,3111.56005859375,3128.909912109375,3090.409912109375,3112.35009765625,6451290000,-0.3426542024260574,2.22021551017841,1.0778347470871126,0.7493490456377743,1.8267820763975313,1.542250200608234,2.2196097117674043,1.9351056676237688,1.274598067654607,-0.24193331653975095,0.0,1.0
2020-06-05,3163.840087890625,3211.719970703125,3163.840087890625,3193.929931640625,8639300000,2.301069555752247,3.4627597734180013,1.526790744074606,2.1843063313953115,2.7248867184279435,2.695961982330188,2.4822341723663137,2.083323031188407,1.6510818490944132,-0.04433901102810525,0.0,1.0
2020-06-08,3199.919921875,3233.1298828125,3196.0,3232.389892578125,8498300000,1.0346291469703437,3.3927471617604046,1.705452100678484,2.24537301719552,3.0301350960515,2.904283596602353,2.7621523837104935,2.2622071878094077,1.9939247295205023,-0.06925539424379641,0.0,1.0
2020-06-09,3213.320068359375,3222.7099609375,3193.110107421875,3207.179931640625,6410930000,-0.7386242929654845,2.193514111135986,1.380771864872315,0.8437782441693767,2.482490458491869,1.9869870097234077,2.878846090969771,2.4304569590535965,1.875036415784979,0.13806445344391197,0.0,1.0
2020-06-10,3213.419921875,3223.27001953125,3181.489990234375,3190.139892578125,6598870000,-0.5164326210385067,2.3164492917412955,1.1637050942570994,0.007942186513171046,2.0200513935923667,1.3605597791552477,2.888601228773493,2.5671585862553408,1.5223403723568243,0.17970754381244172,0.0,1.0
2020-06-11,3123.530029296875,3123.530029296875,2999.489990234375,3002.10009765625,7037320000,-5.309663606902909,2.5901488707809026,-0.6051199146742543,-4.55175466179497,-0.6543140317696845,-2.100263588997936,2.348263494243771,2.560100480296978,-0.084837819223662,2.0671954798019976,0.0,1.0
2020-06-12,3071.0400390625,3088.419921875,2984.469970703125,3041.31005859375,5845330000,1.1257252160813769,1.8005459335664895,-0.32479607020076867,-2.6609102825013258,-0.25119078743624706,-1.126125870497471,2.0026517326852935,2.479989611478637,-0.9015394415931095,2.1228702664828814,0.0,1.0
2020-06-15,2993.760009765625,3079.760009765625,2965.659912109375,3066.590087890625,5757480000,0.7013199430520383,1.7361165090554533,-0.14949558052291667,-1.0500912622033256,-0.04739164506871565,-0.5380974689001015,1.775564373318462,2.366973413884946,-1.2694082851978095,2.141591667201021,0.0,1.0
2020-06-16,3131.0,3153.449951171875,3076.06005859375,3124.739990234375,5845810000,1.653172576273943,1.8008953004568211,0.22891172538510232,1.0485069995635048,0.6174447923478135,0.5273309188650154,1.7335392855750573,2.2675058673335537,-1.11793960894292,2.2371747937040527,0.0,1.0
2020-06-17,3136.1298828125,3141.159912109375,3108.030029296875,3113.489990234375,4560450000,-0.36335305445009475,0.7444406787675587,0.13214705729950893,1.169681543804412,0.3373016528954383,0.23047756314418943,1.6477794476521361,2.169454294841606,-1.1021095668431087,2.1856608740306096,0.0,1.0
2020-06-18,3101.639892578125,3120.0,3093.510009765625,3115.340087890625,4448690000,0.011529242447312824,0.6388750097766098,0.14487196183898926,0.5757403837556687,0.26497184990573086,0.20532236313470634,1.564446707130073,2.0730584360950823,-1.0835993278168408,2.181288435269823,0.0,1.0
2020-06-19,3140.2900390625,3155.530029296875,3083.110107421875,3097.739990234375,8346650000,-0.5464984742224045,3.3161378096154306,-0.02163091544191121,-0.2359498640537148,-0.0694635494749529,-0.15053204263440037,1.4309379854343978,1.9671763949277346,-1.1896511767801599,1.9080057486857813,0.0,1.0
2020-06-22,3094.419921875,3120.919921875,3079.389892578125,3117.860107421875,4686690000,0.5389159554287017,0.860616005637569,0.13354894226692185,0.04010856012255184,0.08950737050956215,0.1974841725069204,1.36247597050777,1.8677201593249606,-1.1178131569139316,1.8543470987071757,0.0,1.0
2020-06-23,3138.699951171875,3154.89990234375,3127.1201171875,3131.2900390625,4711850000,0.34339391674609804,0.8833957396087854,0.23786557446028828,0.37837805961162196,0.17438138506831738,0.37610682350159874,1.3275171657530618,1.7806230606752445,-0.9796427879164574,1.8642236586574328,0.0,1.0
2020-06-24,3114.39990234375,3115.010009765625,3032.1298828125,3050.330078125,5597680000,-2.3523646804632823,1.6163571239687218,-0.5367424404067779,-1.5348670051988573,-0.9066481350075051,-1.0961763409178842,1.0618698302442289,1.65370987239541,-1.424771263887342,2.0582335752501786,0.0,1.0
2020-06-25,3046.60009765625,3086.25,3024.010009765625,3083.760009765625,4847690000,0.9379143282345352,1.0043210691517908,-0.25481694884211065,-0.421588202518442,-0.49964570612590153,-0.37316804448405566,0.9303729636918451,1.5238474353554359,-1.4577427238688643,0.5038011463558386,0.0,1.0
2020-06-26,3073.199951171875,3073.72998046875,3004.6298828125,3009.050048828125,8107850000,-2.2068417677030276,3.192634813501986,-0.8662659041156726,-2.032874189516511,-1.4650430610790428,-1.6310085800457907,0.6106556765381409,1.351072240756071,-1.9374907490910762,0.8050416434203643,0.0,1.0
2020-06-29,3018.590087890625,3053.889892578125,2999.739990234375,3053.239990234375,4473970000,1.2709436819985676,0.6629841240304075,-0.49404664105903856,-0.4210538865788534,-0.8787199371437728,-0.6371607142535347,0.4712734496156328,1.1828212446076967,-1.8869119609632723,0.8932805893642208,0.0,1.0
2020-06-30,3050.199951171875,3111.510009765625,3047.830078125,3100.2900390625,4705850000,1.3356683186612548,0.8779744348097213,-0.1319093724902083,1.0917830783370515,-0.26899495970789244,0.2547369980812436,0.48256530916252105,1.0506533549551307,-1.4835167920257162,0.8219136797551572,0.0,1.0
2020-07-01,3105.919921875,3128.43994140625,3101.169921875,3115.860107421875,4449230000,0.40727092323895736,0.6393914292749225,-0.01661908320315289,1.156555496686424,-0.05838579528572621,0.4628458175776934,0.5259538764863501,0.9542674025773414,-1.083488578447478,0.8315178776915546,0.0,1.0
2020-07-02,3143.639892578125,3165.81005859375,3124.52001953125,3130.010009765625,4197720000,0.3642924265311723,0.39181334544937146,0.0901237903094526,1.291128095278566,0.11704912621273614,0.6133355835357798,0.5901231711631959,0.8909843478257957,-0.7134109915353721,0.841450827040432,0.0,1.0
2020-07-06,3155.2900390625,3182.590087890625,3155.2900390625,3179.719970703125,4759160000,1.3778396008126759,0.9259024634024702,0.44712074625808546,1.710886000900302,0.7841134297002291,1.3486698336844818,0.7667900442225714,0.8784219728669378,-0.1463734168748931,0.9253240533782052,0.0,1.0
2020-07-07,3166.43994140625,3184.14990234375,3142.929931640625,3145.320068359375,4571330000,-1.008477629075676,0.7545791162771797,0.10250156235197515,0.2350817200654243,0.3874076036745535,0.5279146744550726,0.800273393765949,0.8755862862949352,-0.037632804270642924,1.0007790910042391,0.0,1.0
2020-07-08,3153.070068359375,3171.800048828125,3136.530029296875,3169.93994140625,4937310000,0.6579952862767974,1.0822598524202731,0.28483084141392107,0.528989949281239,0.7387623929997111,0.8446435172286597,0.8821004018743063,0.8909479175905125,0.16580616837589063,1.0191262595487223,0.0,1.0
2020-07-09,3176.169921875,3179.780029296875,3115.699951171875,3152.050048828125,4843650000,-0.5459721801598605,1.000773793581452,0.09953422323122309,-0.1648613242519223,0.5272954498716408,0.3868993346587597,0.8849762998266046,0.9038568542293468,0.13838599113799263,0.5942079385231425,0.0,1.0
2020-07-10,3152.469970703125,3186.820068359375,3136.219970703125,3185.0400390625,4524190000,0.8938308058953569,0.7104766068515755,0.35503541107726416,0.4391872710785927,0.8405735989149195,0.8662052860037238,0.9646773491085623,0.9313561319317887,0.301500358768569,0.5895295159838716,0.0,1.0
2020-07-13,3205.080078125,3235.320068359375,3149.429931640625,3155.219970703125,4902440000,-0.8783494413336481,1.0521043152665313,0.03632795310219129,-0.2454386770678093,0.36992550932770574,0.2039456370568636,0.9324212338246669,0.9464057565935553,0.16231805493504012,0.13957213481249972,0.0,1.0
2020-07-14,3141.110107421875,3200.949951171875,3127.659912109375,3197.52001953125,4507140000,1.1566064384959431,0.6944119832023096,0.36863819696333355,0.6285479053152716,0.8397723446949027,0.8674702919486029,1.0094386014146195,0.975039367401122,0.3141817639748116,0.11963560819677692,0.0,1.0
2020-07-15,3225.97998046875,3238.280029296875,3200.760009765625,3226.56005859375,4686830000,0.7701233017601664,0.8607430989483473,0.5804379096230278,1.1099966867017672,1.1530950342220023,1.1998155386406413,1.1350405412519817,1.0250080407604805,0.5526995080990091,0.033056345481978645,0.0,1.0
2020-07-16,3208.360107421875,3220.389892578125,3198.590087890625,3215.570068359375,3972860000,-0.3459967136798959,0.1575704828717974,0.4516624511241237,0.46062944090095137,0.9396415233170203,0.8058496668984599,1.188141785189107,1.0764240004488848,0.5688796092572644,0.07477409109869443,0.0,1.0
2020-07-17,3224.2099609375,3233.52001953125,3205.64990234375,3224.72998046875,4012850000,0.2130140085604385,0.200183164709219,0.5240780063260705,0.4924728077358185,0.9860883603724832,0.8122589643272685,1.2387701778469742,1.1284649967210938,0.5758672764179489,0.07306241787842714,0.0,1.0
2020-07-20,3224.2900390625,3258.610107421875,3215.159912109375,3251.840087890625,3979340000,0.7097856305227407,0.1645045042400675,0.7362761254798826,0.69913918645007,1.2369875624173732,1.1167406742601151,1.3358219424385278,1.1910082507176614,0.6932784541233776,-0.05585851944365506,0.0,1.0
2020-07-21,3268.52001953125,3277.2900390625,3247.77001953125,3257.300048828125,4556610000,0.10848405856675596,0.7408566308702038,0.7789074936533562,0.5216859630161409,1.2141649327493156,1.0112247662892808,1.409114334179788,1.2568341938336576,0.729977648303216,-0.24737127941890258,0.0,1.0
2020-07-22,3254.860107421875,3279.320068359375,3253.10009765625,3276.02001953125,4267160000,0.4720627648668629,0.4616198699856266,0.9270612121077211,0.7564324108489139,1.3604769776075563,1.1418456181538699,1.4991074562923004,1.3288845731956285,0.7995644371036102,-0.2629962947375337,0.0,1.0
2020-07-23,3271.639892578125,3279.989990234375,3222.659912109375,3235.659912109375,4296760000,-1.142657770754313,0.4910314398997593,0.3581766589024197,-0.4322901349036578,0.7119787490612292,0.2738774404600531,1.4400891713072232,1.3738089892993677,0.49630666376251736,-0.09547621423774241,0.0,1.0
2020-07-24,3218.580078125,3227.260009765625,3200.050048828125,3215.6298828125,3689410000,-0.5948415093894331,-0.1573599302524642,0.09715756169199369,-0.920122493336045,0.36536530515266824,-0.12189604489539863,1.320422675662937,1.3839655689356605,0.1076157048228229,-0.10584267148285771,0.0,1.0
2020-07-27,3219.840087890625,3241.429931640625,3214.25,3239.409912109375,3970310000,0.6193567040180025,0.15483871554886836,0.32740447969231556,-0.21687620874707847,0.5216844682649188,0.26974361901215604,1.274043189334235,1.3820980596368395,-0.026808956974624213,-0.20259832736286756,0.0,1.0
2020-07-28,3234.27001953125,3243.719970703125,3216.169921875,3218.43994140625,4053180000,-0.6201337339472228,0.2427302071035393,0.0467968807186626,-0.5717600772723053,0.14370589187990077,-0.14056588683544163,1.1636085789323076,1.3568101708655003,-0.2886397373980268,-0.28146693655824306,0.0,1.0
2020-07-29,3227.219970703125,3264.739990234375,3227.219970703125,3258.43994140625,4478200000,1.0691993332958947,0.6670048960291245,0.4350344213246391,0.5979396374534767,0.5549793768826794,0.5215491554114758,1.1704697347342061,1.3380581421220612,-0.21557135121533064,-0.20801799685603317,0.0,1.0
2020-07-30,3231.760009765625,3250.919921875,3204.1298828125,3246.219970703125,4264920000,-0.3767549456361266,0.45938583239077896,0.2660944700762423,0.2123347141053155,0.3134356738928671,0.2175467848728984,1.1267833933539013,1.3136440023550646,-0.27887156161037224,-0.20464475876796998,0.0,1.0
2020-07-31,3270.449951171875,3272.169921875,3220.260009765625,3271.1201171875,5007530000,0.6439673687714386,1.14234506615859,0.5058922553427373,0.5810207651793728,0.5405281206495893,0.5728808135654977,1.1451930173140328,1.2980791681365353,-0.1799397496523651,-0.16363262676572096,0.0,1.0
2020-08-03,3288.260009765625,3302.72998046875,3284.530029296875,3294.610107421875,4438940000,0.6002202910095873,0.6295399695981195,0.7197605726587275,0.9111214342883536,0.7657392060004231,0.8480956048947543,1.2081990104731093,1.2992023667577204,0.0066260003723506485,-0.17996938211885735,0.0,1.0
2020-08-04,3289.919921875,3306.840087890625,3286.3701171875,3306.510009765625,4414380000,0.2812350478286828,0.6059340631067537,0.8257016636188158,0.7541316216932313,0.8123100815661886,0.889025252419031,1.2738290179465015,1.3142413532251132,0.16219912403819062,-0.17506516297686717,0.0,1.0
2020-08-05,3317.3701171875,3330.77001953125,3317.3701171875,3327.77001953125,4535060000,0.533075121966744,0.7206868215791754,1.0113103014713103,0.9461196685687043,0.9796994657396546,1.0753436401132117,1.3662854881867263,1.346192912229564,0.3512751409977555,-0.16862985902059613,0.0,1.0
2020-08-06,3323.169921875,3351.030029296875,3318.139892578125,3349.159912109375,4278930000,0.5328921286368616,0.473339304136121,1.1892469537524388,0.960852453697653,1.1222624349220294,1.2327205486333122,1.4790603078632014,1.3960522546306857,0.5514772302894989,-0.4047715469340003,0.0,1.0
2020-08-07,3340.050048828125,3352.5400390625,3328.719970703125,3351.280029296875,4110030000,0.01499782972841977,0.3019918775570891,1.2069888068535373,0.5921393430304359,1.0407892566551804,1.0522337995527435,1.553933545273783,1.4520716723274278,0.6203444885682025,-0.5279451695138675,0.0,1.0
2020-08-10,3356.0400390625,3363.2900390625,3335.43994140625,3360.469970703125,4327920000,0.20350512673411014,0.5217749687563749,1.2869117770432636,0.4858166170714242,1.0235049222230888,1.0143178880540744,1.6175330696080037,1.5105901527739465,0.6482830431449493,-0.5437124921992141,0.0,1.0
2020-08-11,3370.340087890625,3381.010009765625,3326.43994140625,3333.68994140625,4880540000,-0.7538144703658423,1.0330553652398382,0.7707992178093268,-0.35270828612146193,0.5990883295471212,0.40328216202420364,1.5735099296279162,1.5479198548299848,0.4114006993422829,-0.496630560197575,0.0,1.0
2020-08-12,3355.4599609375,3387.889892578125,3355.4599609375,3380.35009765625,3772250000,1.209353255552568,-0.06288428947227581,1.2030182568625662,0.5849741113524654,1.0857146821152621,1.068864211684226,1.645889257966959,1.593378230727916,0.5022761276557952,-0.45501870278483525,0.0,1.0
2020-08-13,3372.949951171875,3387.239990234375,3363.35009765625,3373.429931640625,3438730000,-0.22454355482044142,-0.4567379896903223,1.0737523407582577,0.2792960318909719,0.8975122663772919,0.769499225457653,1.6625658293053533,1.6333380111701896,0.4408039580405749,-0.4863175526412135,0.0,1.0
2020-08-14,3368.659912109375,3378.510009765625,3361.639892578125,3372.85009765625,3200060000,-0.056940643326585105,-0.7627887605378088,1.0623553135717705,0.1523493912787517,0.7955086043491622,0.6189154143856168,1.6526962880662537,1.663179376326185,0.3276839902722067,-0.4923442575340807,0.0,1.0
2020-08-17,3380.860107421875,3387.590087890625,3379.219970703125,3381.989990234375,3460330000,0.20061156330659252,-0.4300962478262144,1.153363569241356,0.27690023020910237,0.826393361601544,0.646971764679152,1.648639947664329,1.6861785025646032,0.2511904066505241,-0.518993823378992,0.0,1.0
2020-08-18,3387.0400390625,3395.06005859375,3370.14990234375,3389.780029296875,3669550000,0.164285073394286,-0.18032465392400615,1.232041230883042,0.1875419281047328,0.8389010049800814,0.6488147128137174,1.64550421963105,1.7039021898103117,0.19221303994482958,-0.5204633191021697,0.0,1.0
2020-08-19,3392.510009765625,3399.5400390625,3369.659912109375,3374.85009765625,3679480000,-0.4352185707007331,-0.16882679805219933,0.896979861459871,-0.1683223807942565,0.5908694931990742,0.28933476807708,1.5811838765240631,1.7042228880535897,-0.0023456433400869917,-0.4910144429072215,0.0,1.0
2020-08-20,3360.47998046875,3390.800048828125,3354.68994140625,3385.510009765625,3431040000,0.2407218846971425,-0.4662633561292241,1.0206058143349555,0.04377251137627685,0.6283770882351385,0.39241250767285696,1.539425648428754,1.695482354882053,-0.1036467044830927,-0.5241060382638186,0.0,1.0
2020-08-21,3386.010009765625,3399.9599609375,3379.31005859375,3397.159912109375,3505010000,0.26596782924502116,-0.3755111405078991,1.1539810226872043,0.21793537725111925,0.657988752879353,0.4947593000623015,1.5185191861496388,1.6839854901009013,-0.13446142536744232,-0.5175630547261687,0.0,1.0
2020-08-24,3418.090087890625,3432.090087890625,3413.1298828125,3431.280029296875,3743410000,0.8560716803038416,-0.09553763099599359,1.5057225924395519,0.8383894335983717,0.9575398790219858,0.9352467358443751,1.5754485437937833,1.6870538121832133,0.02837172803847403,-0.42411529019306415,0.0,1.0
2020-08-25,3435.949951171875,3444.2099609375,3425.840087890625,3443.6201171875,3627650000,0.27984266495446236,-0.2291853797633217,1.620131692672965,0.875640482137691,0.9670381858705994,0.9617415356346215,1.633332555803341,1.7019799704753535,0.16093774869562977,-0.5848961687980448,0.0,1.0
2020-08-26,3449.969970703125,3481.070068359375,3444.14990234375,3478.72998046875,3780530000,0.8696483389620766,-0.05355559125330311,1.9130071044086279,1.2335734017328008,1.2579724681011306,1.3396079481121386,1.7533822797870957,1.7397864194851278,0.41673054581670144,-0.700559687703178,0.0,1.0
2020-08-27,3485.139892578125,3501.3798828125,3468.35009765625,3484.550048828125,3955890000,0.10794840871989804,0.13935774869567383,1.9578127046063283,0.873206592008755,1.1786708267575994,1.1984447738616724,1.840916256996871,1.7888913642139164,0.5430433562129299,-0.7462450432463913,0.0,1.0
2020-08-28,3494.68994140625,3509.22998046875,3484.320068359375,3508.010009765625,3868510000,0.5601396574437931,0.044324315435270704,2.1317394611396017,0.8994966096719745,1.3150141131503448,1.3531609068896746,1.9500691679091757,1.8516930505333087,0.6961676274969872,-0.7549100734398239,0.0,1.0
2020-08-31,3509.72998046875,3514.77001953125,3493.25,3500.31005859375,4348280000,-0.2377520384107039,0.5417435120426922,1.92327236211645,0.3587343288156658,1.0928244001102079,1.000128252912763,1.989964578796693,1.9105301348289374,0.6518449109001797,-0.6912532776256652,0.0,1.0
2020-09-01,3507.43994140625,3528.030029296875,3494.60009765625,3526.64990234375,4101490000,0.6309632297189496,0.29314211048524236,2.1249159456928512,0.5985486567285727,1.273777668340603,1.2282974738067507,2.067946716478923,1.9744015795642025,0.708127112663362,-0.669055683974496,0.0,1.0
2020-09-02,3543.760009765625,3588.110107421875,3535.22998046875,3580.840087890625,4295640000,1.3317389254050773,0.48992226276924594,2.45601481683408,1.4288326501653876,1.7677995821206696,1.8441779507228588,2.250808793689181,2.0648976026955426,1.0057795972470716,-0.6342730143851157,0.0,1.0
2020-09-03,3564.739990234375,3564.85009765625,3427.409912109375,3455.06005859375,4911830000,-3.1809269334224894,1.0602458277095312,0.17598575824004994,-1.5350681646444277,0.19151830397932051,-0.39374020075907973,2.0231037122550877,2.0882338262776847,0.25495902451982,0.7240465465658275,0.0,1.0
2020-09-04,3453.60009765625,3479.14990234375,3349.6298828125,3426.9599609375,4438720000,-0.7684624833741218,0.6293290963243088,-0.1772006014766328,-1.837424353142977,-0.1911561576328988,-0.7877331533201085,1.7426296680578535,2.0464727814386388,-0.4728032482542591,0.7777226147775916,0.0,1.0
2020-09-08,3371.8798828125,3379.969970703125,3329.27001953125,3331.840087890625,4694330000,-2.522282783112396,0.8675461257296806,-1.1346989809705041,-3.3964397508067115,-1.3149398975059452,-2.1650194755683088,1.2412921860609927,1.9050474051853254,-1.5870119102101616,1.1059555960498306,0.0,1.0
2020-09-09,3369.820068359375,3424.77001953125,3366.840087890625,3398.9599609375,3932520000,1.7588655801566946,0.11414803718454768,-0.4564244029716168,-1.078053702712559,-0.5486293227344512,-0.8143776465561624,1.0149422392886995,1.7431384821585922,-1.8160100374103232,1.3304490669778948,0.0,1.0
2020-09-10,3412.56005859375,3425.550048828125,3329.25,3339.18994140625,4208630000,-1.6132078818448143,0.4028570529172188,-0.9619144837183897,-1.3858012939140099,-1.2408605742363499,-1.6448799687273532,0.660676983220815,1.5372825059539121,-2.3073210874465806,1.3602369072022717,0.0,1.0
2020-09-11,3352.699951171875,3368.949951171875,3310.469970703125,3340.969970703125,3710090000,0.0060642094352534445,-0.13357802423810503,-0.9440956460390806,-0.759539819916049,-1.200547395534713,-1.3898075718278682,0.37803475288755245,1.3117005509650588,-2.52784989765378,1.3548366965596894,0.0,1.0
2020-09-14,3363.56005859375,3402.929931640625,3363.56005859375,3383.5400390625,3839580000,1.0972134806105491,0.012386804670770425,-0.5256735139286163,0.5655675694491731,-0.6961951772653646,-0.5314380685689163,0.26593461375543176,1.1070822562482152,-2.2934842873103523,1.4292502357059207,0.0,1.0
2020-09-15,3407.72998046875,3419.47998046875,3389.25,3401.199951171875,4057190000,0.42489792930927106,0.2469374841250729,-0.3608774021293634,0.6606042360678813,-0.49580288896453445,-0.19423022335194046,0.2208148208794517,0.9336662569137973,-1.9446546980815167,1.4599216913658066,0.0,1.0
2020-09-16,3411.22998046875,3428.919921875,3384.449951171875,3385.489990234375,4718900000,-0.4543939347410588,0.8897569584037653,-0.5157759841864609,0.32534555578854485,-0.6816416308798049,-0.4320260353185495,0.1377101565493069,0.7770279972464766,-1.7570860604370504,1.407544548282643,0.0,1.0
2020-09-17,3346.860107421875,3375.169921875,3328.820068359375,3357.010009765625,4379840000,-0.7934281801736878,0.5725126654118844,-0.7898415132935345,-0.5010164588483889,-1.0126912357320095,-0.8348802752582399,-0.009022673494495306,0.620102812045416,-1.7602937768837728,1.2144617513366809,0.0,1.0
2020-09-18,3357.3798828125,3362.27001953125,3292.39990234375,3319.469970703125,7076400000,-1.041014328311648,2.6137108373554527,-1.1252567680671217,-1.3594272459931214,-1.4245878491609494,-1.321667088237606,-0.22863496754622983,0.4472457145626173,-1.9384063916370695,0.7493619960544525,0.0,1.0
2020-09-21,3285.570068359375,3285.570068359375,3229.10009765625,3281.06005859375,4836070000,-1.0757376902720757,0.9941102710988791,-1.4371620407542625,-1.832459212427479,-1.818864072651484,-1.752752268337823,-0.5052153939988769,0.24936891906443995,-2.218116934543146,0.7729065174926724,0.0,1.0
2020-09-22,3295.75,3320.31005859375,3270.949951171875,3315.570068359375,3974510000,0.8984553803444382,0.15933716284368574,-1.0396971873412546,-0.49382976405123774,-1.33622182352697,-0.9595527443481443,-0.6244749263378034,0.06537221240697924,-2.062942911945629,0.46787031597506673,0.0,1.0
2020-09-23,3320.110107421875,3323.35009765625,3232.570068359375,3236.919921875,4378650000,-2.16166752506314,0.5713565129895309,-1.6344016741312117,-1.7863281816753436,-2.16529293019364,-2.093107399139821,-0.9276276517598042,-0.14714145138734738,-2.381751458630694,0.4174749425146283,0.0,1.0
2020-09-24,3226.139892578125,3278.699951171875,3209.449951171875,3246.590087890625,4601920000,0.2254233593028612,0.7829553808729343,-1.5232027495679017,-0.9560107445965711,-1.9141569620936436,-1.6444186888402605,-1.1306131751768385,-0.36088698191818475,-2.395523252097008,0.31239470038156986,0.0,1.0
2020-09-25,3236.659912109375,3306.8798828125,3228.43994140625,3298.4599609375,3803330000,1.3863299736742476,-0.027973077513858857,-0.9582090566794773,0.5313259243405378,-1.175183793083507,-0.5812952620209005,-1.1377575168579555,-0.5334227029233296,-1.934813526967538,0.5344283279836568,0.0,1.0
2020-09-28,3333.89990234375,3360.739990234375,3332.909912109375,3351.60009765625,3950910000,1.3982941934236561,0.13399822723319868,-0.4557432388541014,1.560431229348095,-0.43461944188413243,0.33964074748905004,-0.9879204888201802,-0.6391678818747512,-1.188121110162388,0.6022393349016617,0.0,1.0
2020-09-29,3350.919921875,3357.919921875,3327.5400390625,3335.469970703125,3661590000,-0.47170734334369635,-0.18956395443882249,-0.5999827311809447,1.0275519361717524,-0.5316502774529889,0.007399779101104499,-0.9056519455519659,-0.7060387127558038,-0.7535209404401508,0.5819247663720988,0.0,1.0
2020-09-30,3341.2099609375,3393.56005859375,3340.469970703125,3363.0,4738640000,0.6960916517715035,0.9075179398281322,-0.3441271903969288,1.0798215109419882,-0.09520084324547909,0.42542798290788564,-0.7582281940428838,-0.7277719363057361,-0.24889995563415565,0.6319901695613674,0.0,1.0
2020-10-01,3385.8701171875,3397.179931640625,3361.389892578125,3380.800048828125,4076340000,0.43147124847092794,0.26697241626387036,-0.182220343438687,0.8355854188762207,0.2464925902131974,0.6219497912261067,-0.5879638765465043,-0.7084739200637017,0.2098134289664896,0.603103401665258,0.0,1.0
2020-10-02,3338.93994140625,3369.10009765625,3323.68994140625,3348.419921875,3975180000,-0.897574843909784,0.160054332618641,-0.5071155425286243,-0.26505748422416564,-0.08561431167748675,-0.012118977702069635,-0.5385514542491817,-0.682389267560521,0.2856853964036877,0.5798829047024393,0.0,1.0
2020-10-05,3367.27001953125,3409.570068359375,3367.27001953125,3408.60009765625,3692720000,1.5647197546771443,-0.15354449839306095,0.03280759624417966,0.995299925689128,0.6662754628787839,0.9259311791131575,-0.3320388188053953,-0.6170270059975722,0.7247938679530828,0.6094071359861141,0.0,1.0
2020-10-06,3408.739990234375,3431.56005859375,3354.5400390625,3360.969970703125,4453390000,-1.2904521293562485,0.6433676720569504,-0.42942997860456483,-0.36596422405141477,0.06212182137649665,0.0041569376539410206,-0.298719432014708,-0.5575583102325902,0.6589060827372616,0.7425194052674532,0.0,1.0
2020-10-07,3384.56005859375,3426.260009765625,3384.56005859375,3419.43994140625,3814750000,1.5132442783557571,-0.015216967150302546,0.05345701940727289,0.8475471168215253,0.7684533303589273,0.9092579918507449,-0.11221097362539043,-0.4697988488695022,0.9751858955395903,0.3847113080746916,0.0,1.0
2020-10-08,3434.280029296875,3447.280029296875,3428.14990234375,3446.830078125,3867640000,0.6743205528069699,0.04336735994072845,0.25903819614434115,1.2070723472982081,1.0371506203887575,1.1775331396507147,0.10745877450442201,-0.35226195158861945,1.3080861072766683,0.38243868452485297,0.0,1.0
2020-10-09,3459.669921875,3482.340087890625,3458.070068359375,3477.139892578125,3944090000,0.7443372374023803,0.12664751000853028,0.47757737922642673,1.3134509050603531,1.3226563869235821,1.4467518754689879,0.3585661705538202,-0.20412965238484668,1.6501308624540083,0.3121020899190697,0.0,1.0
2020-10-12,3500.02001953125,3549.85009765625,3499.610107421875,3534.219970703125,3435760000,1.4255732685876072,-0.4604143101363665,0.8503767726938646,2.109331520355089,1.9250127461766864,2.086316741437648,0.7044265513004011,-0.011105862289975394,2.1520003606907285,0.3170726804653368,0.0,1.0
2020-10-13,3534.010009765625,3534.010009765625,3500.860107421875,3511.929931640625,3611100000,-0.6052553096521739,-0.24864043842749547,0.602467038578086,0.7782109513819508,1.581970143367136,1.3890233338042388,0.9041948234468967,0.1863545908051956,2.2016005363500173,0.34111669676595946,0.0,1.0
2020-10-14,3515.469970703125,3527.93994140625,3480.550048828125,3488.669921875,3858510000,-0.6335175018089616,0.03331182424637603,0.3480489322938757,-0.14922544160835324,1.2329904098929334,0.7897148898165797,0.9845824664040104,0.36164301290885364,1.9537258089190759,0.41964233849003063,0.0,1.0
2020-10-15,3453.719970703125,3489.080078125,3440.889892578125,3483.340087890625,3724550000,-0.17812083411026822,-0.11702770922410365,0.2888211713386426,-0.46298348169739917,1.0887257396257048,0.5628585428641034,1.0194053522477853,0.5093765761135871,1.6456731482682125,0.43414599279891214,0.0,1.0
2020-10-16,3493.5,3515.760009765625,3480.449951171875,3483.81005859375,4688030000,-0.029520408971704302,0.8618323144796085,0.2927458567130831,-0.48429955706864336,0.9916905542171762,0.461263019638311,1.0339445635406568,0.6306959977699735,1.3503732662174845,0.31838094631102903,0.0,1.0
2020-10-19,3493.659912109375,3502.419921875,3419.929931640625,3426.919921875,4091080000,-1.501048944068463,0.2823295594524505,-0.3437983283058433,-1.3724220265242788,0.21210742109293174,-0.5107700376882248,0.8760450248316761,0.693731014962944,0.6987761763805613,0.39308387873776807,0.0,1.0
2020-10-20,3439.3798828125,3476.929931640625,3435.64990234375,3443.1201171875,3917850000,0.38092348742524723,0.09824654569988267,-0.18819012274053745,-0.625702590148198,0.33011045825677016,-0.20274641085498674,0.784110049387191,0.7243510184563071,0.33638886560438425,0.2202793566043951,0.0,1.0
2020-10-21,3439.909912109375,3464.860107421875,3433.06005859375,3435.56005859375,4103960000,-0.23781792641255392,0.2957035961561839,-0.2725425371230804,-0.5503309147663841,0.11790048703460472,-0.30989497227886376,0.6801266445558715,0.7264430956512389,0.01745768793733103,0.018499109516038562,0.0,1.0
2020-10-22,3438.5,3460.530029296875,3415.340087890625,3453.489990234375,4172060000,0.42485912465375897,0.36572531228861593,-0.08795811429839766,0.051482415825376,0.2081714431545624,-0.005856698578337613,0.6373821356254556,0.7189071647858549,-0.09017971679872007,-0.013312437953930271,0.0,1.0
2020-10-23,3464.89990234375,3466.4599609375,3440.449951171875,3465.389892578125,3651600000,0.26638380493875,-0.20118797232195298,0.034450406257679846,0.4449863050487569,0.24985266587572214,0.15775588963152629,0.6266642212321417,0.7105691731801392,-0.09914644553316747,-0.07547998012030456,0.0,1.0
2020-10-26,3441.419921875,3441.419921875,3364.860107421875,3400.969970703125,4002210000,-1.7030040160650637,0.18888696210512795,-0.7074251934815827,-1.0515777464144291,-0.5514637992952065,-0.8857094094006022,0.43308919758847075,0.662191736019484,-0.5467719543201485,-0.14262344561916382,0.0,1.0
2020-10-27,3403.14990234375,3409.510009765625,3388.7099609375,3390.679931640625,3962400000,-0.3119913661758596,0.14635370439794554,-0.8132839737166166,-1.0495519933090607,-0.707312399377226,-0.9319948869903862,0.2460307476619438,0.5831867821552671,-0.8891757403191836,-0.1494925934960202,0.0,1.0
2020-10-28,3342.47998046875,3342.47998046875,3268.889892578125,3271.030029296875,5139970000,-3.1954087044177095,1.2534113244565506,-1.7973229867174874,-3.2799415917849233,-2.0865733068900685,-2.6872468933127065,-0.2319390238218145,0.4170010094508424,-1.8638235619596384,0.5798052117093067,0.0,1.0
2020-10-29,3277.169921875,3341.050048828125,3259.820068359375,3310.110107421875,4911860000,1.026205749541539,1.0602718139811274,-1.3499126837551587,-1.5577111927954037,-1.5774275934594055,-1.6904026527642149,-0.4996370798597791,0.22637504036381992,-2.1370555008385814,0.7612269307659184,0.0,1.0
2020-10-30,3293.590087890625,3304.929931640625,3233.93994140625,3269.9599609375,4843930000,-1.1256489724264793,1.0010197397704113,-1.6329999845139143,-1.602954155480326,-2.014062595284808,-2.093690550020164,-0.8155476072906493,0.00580921217327693,-2.471771540945447,0.7668715939367635,0.0,1.0
2020-11-02,3296.199951171875,3330.139892578125,3279.739990234375,3310.239990234375,4314690000,1.0593521538957817,0.5087489219178999,-1.1919856947986922,-0.07663123201658481,-1.4732076781922123,-1.1590701436590838,-0.9463539241331479,-0.19882655320476444,-2.293679602542597,0.8592183808455428,0.0,1.0
2020-11-03,3336.25,3389.489990234375,3336.25,3369.159912109375,4241380000,1.5492205881014462,0.4358372786486321,-0.6223325920910653,1.5862677230766744,-0.7695329869101232,-0.06784925694129633,-0.8798268246626526,-0.34820145341801817,-1.6758845121621535,1.057629908900512,0.0,1.0
2020-11-04,3406.4599609375,3486.25,3405.169921875,3443.43994140625,4790400000,1.928861009606282,0.953739729477544,-0.02361060083265709,2.6051039009145853,0.10907137048344075,1.0944010831545254,-0.6175755391943756,-0.4111975661050767,-0.710203090281289,1.3161936419902678,0.0,1.0
2020-11-05,3485.739990234375,3529.050048828125,3485.739990234375,3510.449951171875,4858150000,1.6976627473257413,1.0134916341377431,0.42564125327088775,3.2663688912583004,0.8753040796047062,1.9505668198588229,-0.22478802143459792,-0.3769657374829238,0.37676767301583525,1.4634622032047455,0.0,1.0
2020-11-06,3508.340087890625,3521.580078125,3484.340087890625,3509.43994140625,4842460000,-0.06729309931737254,0.9997283636391415,0.41589309113926304,1.9793500830339523,0.8433071652179285,1.6045785786190117,0.08035177026439706,-0.2838358492911851,1.0352251894973317,1.463571941684681,0.0,1.0
2020-11-09,3583.0400390625,3645.989990234375,3547.47998046875,3550.5,8570510000,1.0040908210827815,3.428746462060413,0.6786829335359835,1.7761106944012641,1.3260169632346348,1.965048973488312,0.4280402590147448,-0.13442010981190478,1.6644792281308878,1.2848666215456577,0.0,1.0
2020-11-10,3543.260009765625,3557.219970703125,3511.909912109375,3545.530029296875,6037470000,-0.16668443319024528,1.9381509354290132,0.6252343539772127,0.761074556854915,1.2455272480719795,1.5560092431501382,0.6796103437537488,0.039314952548087444,1.9363598480284951,1.2743706144876483,0.0,1.0
2020-11-11,3563.219970703125,3581.159912109375,3557.0,3572.659912109375,4635560000,0.6423005671876438,0.8139439671405401,0.8030339393359531,0.7865932832586967,1.5184948967253107,1.704706681113662,0.9405211636195528,0.23451799756850525,2.17636358753626,0.21949672135995624,0.0,1.0
2020-11-12,3562.669921875,3569.02001953125,3518.580078125,3537.010009765625,4909660000,-0.9334032300537574,1.0583657329886538,0.40264699215637884,-0.22002186056140446,1.058330801016587,0.8703787050734629,1.034619879152733,0.41095463623533063,1.966562425814286,0.44117732265423865,0.0,1.0
2020-11-13,3552.570068359375,3593.659912109375,3552.570068359375,3585.14990234375,4719580000,1.1748356370361848,0.8903700201549295,0.732175473504407,0.5870270119991596,1.5713545809801828,1.445647984966257,1.2253897499153734,0.5932066019450505,2.0315755320214266,0.15949954723188947,0.0,1.0
2020-11-16,3600.159912109375,3628.510009765625,3600.159912109375,3626.909912109375,5295510000,0.9994578357863376,1.380252189718633,0.9895321183101642,1.2285241925149784,1.944840428687532,1.8277859844316506,1.4723315915443191,0.7922134591089306,2.2188887354859514,0.15649850718126412,0.0,1.0
2020-11-17,3610.31005859375,3623.110107421875,3588.679931640625,3609.530029296875,4812180000,-0.4698538232874612,0.9730402069897748,0.7863160221580332,0.49210448377994076,1.6342161092026908,1.2561132068111525,1.5992351251567332,0.9787611667071789,2.079600264177909,0.21458107798605858,0.0,1.0
2020-11-18,3612.090087890625,3619.090087890625,3567.330078125,3567.7900390625,5284810000,-1.0750880891713588,1.3716465632670434,0.3200889750441804,-0.4964712120084281,1.0570306322774867,0.41021956053363523,1.5642322127729331,1.1204577193322303,1.5781817058960972,0.21691382675353696,0.0,1.0
2020-11-19,3559.409912109375,3585.219970703125,3543.840087890625,3581.8701171875,4363370000,0.3111318359508583,0.5564831434439116,0.42530474241900124,-0.37183213838295165,1.145515496049887,0.5369117069406449,1.5549610874216346,1.2318174349718378,1.2390276066725223,-0.018192205275248428,0.0,1.0
2020-11-20,3579.31005859375,3581.22998046875,3556.85009765625,3557.5400390625,4236370000,-0.6486594018909173,0.4308085924127841,0.15305182866021488,-0.8280216688323555,0.8014864715210159,0.06670598578623796,1.4612379494534524,1.300711925551457,0.7642828216292692,0.04390476998013216,0.0,1.0
2020-11-23,3566.820068359375,3589.81005859375,3552.77001953125,3577.590087890625,5057550000,0.462128680149995,1.1846340645899363,0.31808492031723506,-0.10327702778184333,0.9314128082231121,0.33618777974240993,1.4234106492772485,1.34767737117045,0.5191245840047232,-0.039894340554793184,0.0,1.0
2020-11-24,3594.52001953125,3642.31005859375,3594.52001953125,3635.409912109375,6280290000,1.4028592612715083,2.105917862604349,0.7506061721635819,1.1740197670596735,1.463527179680398,1.1272499805826282,1.532779488061292,1.408813981317701,0.6775527201626409,0.13721116640630396,0.0,1.0
2020-11-25,3635.5,3635.5,3617.760009765625,3629.64990234375,4910440000,-0.1831850447289255,1.059041623051158,0.6794511703215751,0.7313250149505693,1.1781045717714327,0.8435781924181122,1.582888388031021,1.4685195697550448,0.6615544511530614,0.12263675834816558,0.0,1.0
2020-11-27,3638.550048828125,3644.31005859375,3629.330078125,3638.35009765625,2778390000,0.17264961937520737,-1.3639669155601855,0.7452934703835323,0.6662422390912648,1.0820822379467543,0.8197642445607549,1.625420485501994,1.5254478676452903,0.6305054174573181,-0.008687363886359704,0.0,1.0
2020-11-30,3634.179931640625,3634.179931640625,3594.389892578125,3621.6298828125,6308410000,-0.4523027584736999,2.1249256918764927,0.5200386836233706,-0.04580976800723751,0.678490031838079,0.4226143314286498,1.5922277896349548,1.5638389158564805,0.42326613868876817,-0.09693257433837307,0.0,1.0
2020-12-01,3645.8701171875,3678.449951171875,3645.8701171875,3662.449951171875,5418480000,0.9657758703166769,1.4779229066672435,0.8466859913104874,0.5241688352367176,0.9419000037868737,0.9396244934550665,1.6569573240833568,1.60849816901189,0.4933422446000567,-0.10467791066602304,0.0,1.0
2020-12-02,3653.780029296875,3670.9599609375,3644.840087890625,3669.010009765625,5041250000,0.11850554791168749,1.1708994784334246,0.89706012935559,0.5192519851220904,0.8404705056304566,0.8680835421686933,1.7042655733020378,1.6544184527701946,0.5074400788081312,-0.1421320972558352,0.0,1.0
2020-12-03,3668.280029296875,3682.72998046875,3657.169921875,3666.719970703125,5065340000,-0.09736237452285794,1.191182392121099,0.8620197199527612,0.28696789319652083,0.6833802031314633,0.6775393348252584,1.7132574541376782,1.69309204112378,0.42642482815709976,-0.34302964229858673,0.0,1.0
2020-12-04,3670.93994140625,3699.199951171875,3670.93994140625,3699.1201171875,5099620000,0.7481572751303732,1.219879237222022,1.1235030724687842,0.7662988564890423,0.9433122346408142,1.0256276642316555,1.7867030309661205,1.7398552564851577,0.5168637279738134,-0.3036923761377865,0.0,1.0
2020-12-07,3694.72998046875,3697.409912109375,3678.8798828125,3691.9599609375,4804500000,-0.2145750406567576,0.9662445176795771,1.0049402276664687,0.2612353481833048,0.7550906855811937,0.7392058372964655,1.8019559796285962,1.7805521793949708,0.44904492560412823,-0.39665422575214593,0.0,1.0
2020-12-08,3683.050048828125,3708.449951171875,3678.830078125,3702.25,4584390000,0.2075206941793912,0.7667171499151043,1.092394273998908,0.31548553005175445,0.7838708884999868,0.7527003464834044,1.8190171895678644,1.8167856704264405,0.3991454842460307,-0.4011557857303871,0.0,1.0
2020-12-09,3705.97998046875,3712.389892578125,3660.5400390625,3672.820068359375,5232800000,-0.7520331911667004,1.3295670508610835,0.591936120543045,-0.39674214131428814,0.3762400911352163,0.1853004792793387,1.729011843196929,1.8263802045835524,0.10133225383860503,-0.5235073646807323,0.0,1.0
2020-12-10,3659.1298828125,3678.489990234375,3645.179931640625,3668.10009765625,4658480000,-0.15643440371327388,0.8349289357674521,0.5137927448393379,-0.5145512686716445,0.2680178381949612,0.06652209873468116,1.6235150974267267,1.8113258468016533,-0.1742328206101832,-0.525682321657787,0.0,1.0
2020-12-11,3656.080078125,3665.909912109375,3633.39990234375,3663.4599609375,4375470000,-0.15463701757589587,0.5682654204185033,0.43343325098971536,-0.4565217293580136,0.1433131957840252,-0.032688448643276545,1.507301109485382,1.774243273389936,-0.4204997479440512,-0.5222614036262996,0.0,1.0
2020-12-14,3675.27001953125,3697.610107421875,3645.840087890625,3647.489990234375,4623850000,-0.43118453149981295,0.8031825075392949,0.15517893661170104,-0.6250721504423333,-0.07258191165303425,-0.2819021867167657,1.353126185986393,1.7113591879857954,-0.7089506686051376,-0.5258409184202727,0.0,1.0
2020-12-15,3666.409912109375,3695.2900390625,3659.6201171875,3694.6201171875,4387080000,1.113249025847931,0.5795399734209987,0.6960649642027256,0.5277693431027978,0.42107410091682657,0.42703819345963895,1.3429970397557405,1.6588695268190408,-0.5927450275599006,-0.47298395568131035,0.0,1.0
2020-12-16,3696.25,3711.27001953125,3688.570068359375,3701.169921875,4067040000,0.11686359985123712,0.25725444066719677,0.7641309156626845,0.5476619632522941,0.44252284695661753,0.43457168826458886,1.3352052651556403,1.615199007517944,-0.4941504339044276,-0.4730291025203773,0.0,1.0
2020-12-17,3713.64990234375,3725.1201171875,3710.8701171875,3722.47998046875,4192810000,0.47300769130245013,0.3868338021284458,0.9818716815205603,0.7919934914714774,0.5939508209266938,0.6545990008602781,1.3695745512463275,1.5876676864740205,-0.3137204421512127,-0.4494333560145095,0.0,1.0
2020-12-18,3722.389892578125,3726.699951171875,3685.840087890625,3709.409912109375,7097100000,-0.35538255956132825,2.6261385417353966,0.7285586016474058,0.26599049268832864,0.37425649301387326,0.34232124304506784,1.3428535353908007,1.5598854066267258,-0.3165260644690711,-0.5094990419206603,0.0,1.0
2020-12-21,3684.280029296875,3702.89990234375,3636.47998046875,3694.919921875,4748580000,-0.39069976193745726,0.9164334241281537,0.4531376775517649,-0.2976656091255648,0.13385407270868288,0.058327946605812246,1.2647031166469673,1.520821548160899,-0.44264974822766706,-0.4920467573591673,0.0,1.0
2020-12-22,3698.080078125,3698.260009765625,3676.159912109375,3687.260009765625,4053310000,-0.22686000384976357,0.2428666678896752,0.3079795586800097,-0.443061720834229,-0.013683491910656254,-0.08283357871972458,1.1657705027130176,1.4682547627384253,-0.5936072468970481,-0.4989654989835109,0.0,1.0
2020-12-23,3693.419921875,3711.239990234375,3689.280029296875,3690.010009765625,3779160000,0.025077616979224417,-0.05509769628054928,0.34582617141969796,-0.32622584541997285,-0.013570787940719616,-0.05153179479631067,1.0800636011567541,1.407735204646691,-0.6825161681622062,-0.5938891576036152,0.0,1.0
2020-12-24,3694.030029296875,3703.820068359375,3689.320068359375,3703.06005859375,1883780000,0.2745014639366846,-3.0173000264566703,0.5276730478478848,0.07181702754224926,0.09106869340132176,0.12388113248874343,1.0337765425436487,1.349346699339898,-0.6586918225977298,-0.58772581351283,0.0,1.0
2020-12-28,3723.030029296875,3740.510009765625,3723.030029296875,3735.360107421875,3535460000,0.7379912947293998,-0.3387079287561229,0.933962263390425,0.7083823206194027,0.39699788631796407,0.5494673699677652,1.071382884195016,1.3107384349353453,-0.43755638290625265,-0.5193632029012729,0.0,1.0
2020-12-29,3750.010009765625,3756.1201171875,3723.31005859375,3727.0400390625,3393290000,-0.24064935807744112,-0.5133349315701532,0.7483965728839005,0.36131657482876955,0.2447800752929654,0.32295890036184904,1.0635461794165795,1.2781633525341802,-0.3701077425357155,-0.5531747490584585,0.0,1.0
2020-12-30,3736.18994140625,3744.6298828125,3730.2099609375,3732.0400390625,3154850000,0.07832110560537114,-0.8233270014683632,0.8131922116475766,0.26773654737015595,0.26132040734366074,0.32350653282971986,1.0565098581683339,1.2505872637632804,-0.31422092801676565,-0.7757298552033691,0.0,1.0
2020-12-31,3733.27001953125,3760.199951171875,3726.8798828125,3756.070068359375,3179040000,0.5338886489526347,-0.7908283881167796,1.110943445953211,0.5186814408899524,0.4795861411439102,0.5969399802503574,1.102062516327507,1.2383410200510323,-0.14283919185889035,-0.723440324797461,0.0,1.0
2021-01-04,3764.610107421875,3769.989990234375,3662.7099609375,3700.64990234375,5015000000,-1.360281337985071,1.148687277138991,-0.033801407429288235,-0.761920087346449,-0.15542894038098376,-0.3125261139217778,0.9716925814408957,1.2004549436899952,-0.42948260001695227,-0.4114856198184892,0.0,1.0
2021-01-05,3698.02001953125,3737.830078125,3695.070068359375,3726.860107421875,4591020000,0.5914233308592268,0.7728658808953456,0.31918323829417783,-0.11131542625500906,0.12031771030043602,0.090950156049082,0.9275267483418891,1.1606302561055184,-0.45115552338552894,-0.36268185453088414,0.0,1.0
2021-01-06,3712.199951171875,3783.0400390625,3705.340087890625,3748.139892578125,6064110000,0.46873452610418187,1.9568831970111067,0.5805836436355131,0.2861461840057773,0.3251306717753568,0.3607060489625329,0.9379612147746563,1.1310186821773132,-0.3369768644823978,-0.364334614534381,0.0,1.0
2021-01-07,3764.7099609375,3811.550048828125,3764.7099609375,3803.7900390625,5099160000,1.2853977757098978,1.2194954354494463,1.1497871266547235,1.2431979281470529,0.8850617475509078,1.0780191928728817,1.0847589574928147,1.1389579863752672,0.08282742335560464,-0.20560595300831358,0.0,1.0
2021-01-08,3815.050048828125,3826.68994140625,3783.60009765625,3824.679931640625,4773040000,0.4492527075798494,0.9382931107031148,1.3292305215168752,1.4041321820915877,1.0300145616554208,1.1844891694799857,1.2419539739826917,1.1791781558039591,0.4437150061560671,-0.20828055376664575,0.0,1.0
2021-01-11,3803.139892578125,3817.860107421875,3789.02001953125,3799.610107421875,4465430000,-0.6274051160755731,0.6548549391618131,0.8547751453849548,0.3645526431515575,0.6784565621844841,0.6223366262679634,1.2802032841968083,1.2195953630993643,0.4459178132657942,-0.11198241988858829,0.0,1.0
2021-01-12,3801.6201171875,3810.780029296875,3776.510009765625,3801.18994140625,4994950000,-0.004417944710768611,1.1316429281702338,0.8707560528247773,0.058449317825251,0.6184111278588933,0.5265230720463115,1.2974807884316528,1.2556516837034892,0.39716478742111094,-0.15179316338979426,0.0,1.0
2021-01-13,3802.22998046875,3820.9599609375,3791.5,3809.840087890625,4602510000,0.1618051671174351,0.7835008277766986,0.9617631639703637,-0.026237868216810824,0.6225725052138672,0.5456050946829257,1.3174063421668527,1.2887898350718967,0.3645407844969908,-0.1702095364310945,0.0,1.0
2021-01-14,3814.97998046875,3823.60009765625,3792.860107421875,3795.5400390625,5198480000,-0.3770408770307382,1.3015702369243463,0.6696738276566655,-0.3152230794102874,0.4090244255092516,0.23761057168853608,1.2766102162709663,1.3065105558055699,0.19217987548811205,-0.13693781080357192,0.0,1.0
2021-01-15,3788.72998046875,3788.72998046875,3749.6201171875,3768.25,5369820000,-0.684182568937412,1.4395416312071438,0.1517966189530257,-0.6826641901421988,0.07223189554629754,-0.20605073883608466,1.1532903296893193,1.2941170314381518,-0.14448573259618305,-0.09847303779687172,0.0,1.0
2021-01-19,3781.8798828125,3804.530029296875,3780.3701171875,3798.909912109375,5014440000,0.6856045848325151,1.1482121512330385,0.5366926342515683,0.023092995087463486,0.3662104743787566,0.23758220031691932,1.12470981851672,1.2780443481297683,-0.18561730597419263,-0.336784305637225,0.0,1.0
2021-01-20,3816.219970703125,3859.75,3816.219970703125,3851.85009765625,4566190000,1.2039082087501438,0.7497924605560126,1.0790923917191997,1.0011739679110618,0.8665408749383264,0.9243749557580211,1.2314238949435605,1.2881784686875473,0.10736462101516009,-0.21927513960960432,0.0,1.0
2021-01-21,3857.4599609375,3861.449951171875,3845.050048828125,3853.070068359375,4501760000,-0.01327182354567533,0.6893302960011962,1.0903892310688044,0.8294109668584982,0.7913587922064124,0.775688295570992,1.3019166780273463,1.3114739104930324,0.25450310003654464,-0.2187085448407576,0.0,1.0
2021-01-22,3844.239990234375,3852.31005859375,3830.409912109375,3841.469970703125,5110890000,-0.310650102899573,1.2292715819741968,0.8593150674148083,0.35441610895724385,0.5789903592066225,0.47110348077755676,1.3082761693813572,1.3314804592236653,0.217734548035578,-0.38597223551918614,0.0,1.0
2021-01-25,3851.679931640625,3859.22998046875,3797.159912109375,3855.360107421875,7000840000,0.2815843727961825,2.568036109009689,1.0063626350780817,0.2725035987436703,0.6385012552401622,0.5706899218230226,1.3338105250049415,1.3529872472732032,0.23450664313129327,-0.40334778579332375,0.0,1.0
2021-01-26,3862.9599609375,3870.89990234375,3847.780029296875,3849.6201171875,6137500000,-0.17464224646142978,2.0080657981581926,0.8843207065761077,-0.08709222110788088,0.49514154859436055,0.38055542397677883,1.3205591695676264,1.3673375838467003,0.1545002846846799,-0.47190147213139483,0.0,1.0
2021-01-27,3836.830078125,3836.830078125,3732.47998046875,3750.77001953125,9976520000,-2.336521989421671,4.075063225622381,-0.7212159817323263,-1.8724541892427193,-0.5858217954741118,-1.0829027529030884,1.023224373753785,1.3147550667941736,-0.593783120433976,0.19721910464585515,0.0,1.0
2021-01-28,3755.75,3830.5,3755.75,3787.3798828125,6992770000,0.8307704977791837,2.5631288250998367,-0.2552494012556209,-0.7453016417296194,-0.22131093795965007,-0.4248860932952012,0.8760110250733545,1.2409709447051565,-0.830808861176007,0.27830938261233473,0.0,1.0
2021-01-29,3778.050048828125,3778.050048828125,3694.1201171875,3714.239990234375,6643370000,-1.7675285954897428,2.3450447828025482,-1.0780773724737185,-1.8436652312474555,-1.00475712232934,-1.4109352614815378,0.5488802532443191,1.111461116813487,-1.4538006900263518,0.5055858397508638,0.0,1.0
2021-02-01,3731.169921875,3784.320068359375,3725.6201171875,3773.860107421875,5436230000,1.3930369652803054,1.4918377361028792,-0.4019204455025452,-0.10258741076915225,-0.3678711059066451,-0.37625110948471424,0.4464611385613426,0.9857863657588873,-1.4109260148994203,0.6663133873232292,0.0,1.0
2021-02-02,3791.840087890625,3843.090087890625,3791.840087890625,3826.31005859375,5514090000,1.2005654362456146,1.5523428768408662,0.09068488558886423,1.2145050722959658,0.13212789750066764,0.39818637777553717,0.5017172572668739,0.8971518682125786,-0.996830312712508,0.7400004945755083,0.0,1.0
2021-02-03,3840.27001953125,3847.510009765625,3816.679931640625,3830.169921875,4864870000,0.04857929262675911,1.0193728284826584,0.1250312813110158,0.9330599269143074,0.11761561063035136,0.36921431299387514,0.5474068807996082,0.8360884075931211,-0.688596787969209,0.623698627799513,0.0,1.0
2021-02-04,3836.659912109375,3872.419921875,3836.659912109375,3871.739990234375,4879240000,0.9284294758322207,1.0319219196040932,0.48319834841802567,1.4932871100359526,0.4990431016456224,0.8718692155146182,0.6878903238785646,0.8175057440114548,-0.2136779142394071,0.6963311653981638,0.0,1.0
2021-02-05,3878.300048828125,3894.56005859375,3874.929931640625,3886.830078125,4879470000,0.3067572043470839,1.03212247427988,0.6057596361780527,1.0390075978738966,0.616223303660341,0.9244774352179842,0.8288489077516432,0.8330100903473896,0.1674016673061628,0.6923422441213956,0.0,1.0
2021-02-08,3892.590087890625,3915.77001953125,3892.590087890625,3915.590087890625,4648360000,0.6197329310314769,0.8256760797594023,0.8322155433838441,1.040171395612614,0.8759915838107019,1.1575336870424804,1.0058417983372194,0.8835478789324603,0.5590619961139423,0.7110601663959562,0.0,1.0
2021-02-09,3910.489990234375,3918.35009765625,3902.639892578125,3911.22998046875,4568320000,-0.1410992840118777,0.7517766892403454,0.7697000749388978,0.5573366878578008,0.7676046846128823,0.8945020571352204,1.1187540575015154,0.9483058172623101,0.7180377680386477,0.7097116753430505,0.0,1.0
2021-02-10,3920.780029296875,3931.5,3884.93994140625,3909.8798828125,4837070000,-0.0724294183404128,0.9949899615868405,0.7491533550579093,0.1691150966256975,0.6934506353144925,0.7148254753419737,1.1883801566749905,1.0151135803940199,0.7409540161819366,0.1427504848122947,0.0,1.0
2021-02-11,3916.39990234375,3925.989990234375,3890.389892578125,3916.3798828125,4590960000,0.10700203775189883,0.7728102760962594,0.8083747746886291,0.114538598627153,0.7048359908952357,0.6716020135647431,1.2447009183208964,1.080694478695806,0.7272381420958686,0.11690807314698742,0.0,1.0
2021-02-12,3911.64990234375,3937.22998046875,3905.780029296875,3934.830078125,4135060000,0.37946660033364266,0.32782424151793427,0.9766614417218417,0.3105237209918483,0.8261689829660949,0.799043638370242,1.3225353457276947,1.1499291494613306,0.7680859044813093,-0.48467916782515974,0.0,1.0
2021-02-16,3939.610107421875,3950.429931640625,3923.85009765625,3932.590087890625,5058990000,-0.09245708365040087,1.1858452980506407,0.9359285982635607,0.18511246772697748,0.7123986610092012,0.6223804319330399,1.3599303984567426,1.2133739022918644,0.7033568622689476,-0.6237692768340231,0.0,1.0
2021-02-17,3918.5,3933.610107421875,3900.429931640625,3931.330078125,4730650000,-0.07021446158944673,0.9003379003347196,0.911525357135724,0.06787238681236918,0.6268871861599592,0.4869605728564991,1.367887754117667,1.2658441704798429,0.5806663703374827,-0.8010969772994536,0.0,1.0
2021-02-18,3915.860107421875,3921.97998046875,3885.030029296875,3913.969970703125,4793650000,-0.43624103125762465,0.9566252998797701,0.571882980804859,-0.3348001950337442,0.4082660263542004,0.15265163015493086,1.3087968873057811,1.2950888594004746,0.3210133808335887,-0.7118296194288147,0.0,1.0
2021-02-19,3921.159912109375,3930.409912109375,3903.070068359375,3906.7099609375,4845320000,-0.20735886677884788,1.0022404764932682,0.4314726963524151,-0.4529585556303884,0.30205005346462155,0.00845391945783219,1.225384734415201,1.3005128998538402,0.054707747925536176,-0.8691671511631051,0.0,1.0
2021-02-22,3885.550048828125,3902.919921875,3874.7099609375,3876.5,5917100000,-0.732695972778235,1.8524676034797076,-0.11885153248338994,-0.8662677081650045,-0.03819352881501973,-0.42781150368527576,1.0612993838556846,1.2694988372180747,-0.35265614556605285,-0.7560147090442594,0.0,1.0
2021-02-23,3857.070068359375,3895.97998046875,3805.590087890625,3881.3701171875,6296610000,0.07070381803573825,2.1169597714661825,-0.04716863848238367,-0.5315305276459926,-0.0002717307659925527,-0.3166154188789414,0.9315175364542961,1.2167252131316468,-0.5959196231276863,-0.8886770112785595,0.0,1.0
2021-02-24,3873.7099609375,3928.64990234375,3859.60009765625,3925.429931640625,6012790000,0.9729639399357914,1.9207229690686534,0.5391436765006803,0.4768161771174229,0.42742401524878976,0.3141200084825252,0.9369338154963461,1.1756732876972475,-0.46487556769084626,-0.6235379193775803,0.0,1.0
2021-02-25,3915.800048828125,3925.02001953125,3814.0400390625,3829.340087890625,6547470000,-2.2293553790485316,2.2831789057258147,-0.8560832091788818,-1.2932005602058234,-0.6347761895443623,-1.0731957500189488,0.6661217591666507,1.0844834640696184,-1.0253978695658648,0.02569697649469631,0.0,1.0
2021-02-26,3839.659912109375,3861.080078125,3789.5400390625,3811.14990234375,6526070000,-0.46612588407463323,2.269249957339739,-1.057592662806757,-1.2784971003733077,-0.8402550861366914,-1.1821147340319667,0.39435609391383647,0.9529778604159383,-1.4761126908173965,0.01627147921512895,0.0,1.0
2021-03-01,3842.510009765625,3914.5,3842.510009765625,3901.820068359375,5114820000,2.0847044132932484,1.2325419487915257,-0.001966502668904883,0.6466860242144179,0.02186252707244062,0.22626848387998744,0.42172714070050743,0.8536706540516033,-1.1161470676922713,0.4887329673779304,0.0,1.0
2021-03-02,3903.639892578125,3906.409912109375,3868.570068359375,3870.2900390625,5536010000,-0.7637993272997378,1.5692228704962334,-0.36102933643751334,-0.011977117927488592,-0.3626775092120926,-0.26340809466383713,0.34999732308336334,0.7587702161708988,-1.066881101162218,0.5208322314594503,0.0,1.0
2021-03-03,3863.989990234375,3874.469970703125,3818.860107421875,3819.719970703125,6173660000,-1.2093633666842243,2.0330593548760127,-0.871903694025593,-0.6769217241761321,-0.8938860846234129,-0.9416391175736804,0.14953280990694254,0.6396584350232893,-1.3375545507581625,0.5964034692493846,0.0,1.0
2021-03-04,3818.530029296875,3843.669921875,3723.340087890625,3768.469970703125,7195400000,-1.2407330410550181,2.684664634697562,-1.313437219532082,-1.5650311274526987,-1.404117443761101,-1.5302230068570102,-0.15136142661295263,0.47953931829694235,-1.7960006955041963,0.6608493611465547,0.0,1.0
2021-03-05,3793.580078125,3851.68994140625,3730.18994140625,3841.93994140625,6851070000,1.7008600292874767,2.476027289004427,-0.5532028576583026,-0.03854199773132188,-0.6111109545071227,-0.29903831016817584,-0.1874859290525911,0.34366075732332113,-1.525000661620002,0.9452573980667864,0.0,1.0
2021-03-08,3844.389892578125,3881.06005859375,3819.25,3821.35009765625,5871710000,-0.5205563481026054,1.8197041458131977,-0.7353094105699101,-0.14062446596327663,-0.7949390040072567,-0.5599548526604836,-0.27219406245153743,0.21670697012359622,-1.4252251441027215,0.9319865663039493,0.0,1.0
2021-03-09,3851.929931640625,3903.760009765625,3851.929931640625,3875.43994140625,5513560000,1.2234826922963058,1.5519339079591596,-0.2393684845035703,1.0655206559878763,-0.2006436663031194,0.2545575140563878,-0.1904011644526046,0.13276677166395856,-0.9443498652950681,1.0479903487458526,0.0,1.0
2021-03-10,3891.989990234375,3917.35009765625,3885.72998046875,3898.81005859375,5847380000,0.4973763656470144,1.8020378209966041,-0.042506027676604295,1.2317981433982121,0.05369274522208857,0.5166161205057116,-0.06284227528200824,0.09309803553663822,-0.44941204643702615,0.9973615346398624,0.0,1.0
2021-03-11,3915.5400390625,3960.27001953125,3915.5400390625,3939.340087890625,5312880000,0.8875107666389468,1.3941853007170482,0.2799283948562826,1.3629154080283685,0.4675172925435841,0.9726506232781685,0.1459026948376696,0.10633855775092202,0.1420929895706591,0.668454467204265,0.0,1.0
2021-03-12,3924.52001953125,3944.989990234375,3915.2099609375,3943.340087890625,4476280000,0.04917179203717924,0.6651803356810548,0.3111855245391204,0.9920509441398759,0.49539299124188013,0.8540461572233755,0.31628403908767877,0.1536407848073624,0.5228896701640864,0.6318836488016657,0.0,1.0
2021-03-15,3942.9599609375,3970.080078125,3923.5400390625,3968.93994140625,4900100000,0.5386322602467146,1.0500730127322193,0.513048715792929,0.8972465902374815,0.748125180456031,1.0491074300967247,0.5135545871943804,0.2339858359884144,0.8922956585722667,0.3377215593505921,0.0,1.0
2021-03-16,3973.590087890625,3981.0400390625,3953.43994140625,3962.7099609375,4613080000,-0.18186815861981093,0.7932608184076335,0.43559110234290543,0.37059322641838216,0.6658861464998648,0.7787197324741377,0.6428661616599054,0.32612292743658294,1.0241261060484146,0.2700202969388474,0.0,1.0
2021-03-17,3949.570068359375,3983.8701171875,3935.739990234375,3974.1201171875,4561660000,0.215764050470886,0.7455694019261344,0.5322588095778003,0.28867078423649334,0.7635062636241751,0.7910184151426459,0.7655523275173153,0.4262661621470585,1.1136316898930823,0.052754749281977174,0.0,1.0
2021-03-18,3953.5,3969.6201171875,3910.860107421875,3915.4599609375,5118590000,-1.3607918260488285,1.2356768103281601,-0.1851294947792857,-0.8962396748089299,0.14213265222384314,-0.15095089043172302,0.6906162921583755,0.49023527589825333,0.7092190144702534,0.0948397393068152,0.0,1.0
2021-03-19,3913.139892578125,3930.1201171875,3886.75,3913.10009765625,7757420000,-0.09544500606140181,3.004650408987081,-0.21198069706686917,-0.8162460556413509,0.1137647520719003,-0.18112055511868344,0.6151939328247623,0.5251603111030113,0.3845174543859916,-0.151776572072175,0.0,1.0
2021-03-22,3916.47998046875,3955.31005859375,3914.159912109375,3940.590087890625,4316260000,0.5862863562490765,0.5102968059650481,0.06555201843497761,-0.08569249662221413,0.37022094424729074,0.1996849077449433,0.6216299451114533,0.5544870215038926,0.32193034924609737,-0.19449540784500116,0.0,1.0
2021-03-23,3937.60009765625,3949.1298828125,3901.570068359375,3910.52001953125,4669010000,-0.7235811088693914,0.8445353460572401,-0.2963220792278896,-0.5200300248531782,0.036917037071742355,-0.26158426861854556,0.5352002428074443,0.5593265277768078,0.04817288196270816,-0.2535181297285017,0.0,1.0
2021-03-24,3919.929931640625,3942.080078125,3889.070068359375,3889.139892578125,4783020000,-0.5302181572460324,0.9471799883132527,-0.5398790686886434,-0.6193803435432661,-0.16980654896223335,-0.5341277605713449,0.4006889086287524,0.5342167590061948,-0.28664842471012275,-0.2516975831234193,0.0,1.0
2021-03-25,3879.340087890625,3919.5400390625,3853.5,3909.52001953125,4948340000,0.42676641278114125,1.0917542591013192,-0.30878154561541704,-0.14019783035228148,0.00307195835891545,-0.19541010453643287,0.3438909679051218,0.5018914447439743,-0.36731543138544226,-0.3513123703781836,0.0,1.0
2021-03-26,3917.1201171875,3978.18994140625,3917.1201171875,3974.5400390625,5483160000,1.444823569957773,1.528410031460831,0.3320781076724379,1.0283081710970197,0.6017823382596724,0.6978063385562564,0.4703289345610165,0.5032731056618295,0.009515508841952486,-0.057828232191194574,0.0,1.0
2021-03-29,3969.31005859375,3981.830078125,3943.25,3971.090087890625,4628180000,-0.1191567900318546,0.8071649385730207,0.2874759026413239,0.8153466122318123,0.5283186580749729,0.521034901230612,0.5522167116332712,0.5220217080322529,0.20367119446733697,-0.09131836666129235,0.0,1.0
2021-03-30,3963.340087890625,3968.010009765625,3944.35009765625,3958.550048828125,4121510000,-0.323807903656992,0.3138593558097304,0.11991240637986744,0.32448625356663263,0.349256768153305,0.248979914782377,0.5734849248507305,0.5416029698510102,0.21298000491765487,-0.08397118574705861,0.0,1.0
2021-03-31,3967.25,3994.409912109375,3966.97998046875,3972.889892578125,4578050000,0.2821796143508261,0.7608290448424359,0.266608969498508,0.2698469222142753,0.4183802719189601,0.38308430303549457,0.6202996320819189,0.5673545235914569,0.28196148112267805,-0.0792320338960264,0.0,1.0
2021-04-01,3992.780029296875,4020.6298828125,3992.780029296875,4019.8701171875,4162130000,1.015290543299694,0.3555865853935609,0.7056670983022655,0.8122799638801577,0.7765227880085346,0.9356231715838744,0.7755836141281295,0.6214127473995618,0.5984190997406628,-0.23234820891635682,0.0,1.0
2021-04-05,4034.43994140625,4083.419921875,4034.43994140625,4077.909912109375,4005030000,1.248827827905785,0.191883802737043,1.150763684921509,1.6199952427862163,1.2560422847520427,1.545575442425286,1.0442328181104181,0.7225416086065231,1.1246506127539881,-0.12205686640154707,0.0,1.0
2021-04-06,4075.570068359375,4086.22998046875,4068.139892578125,4073.93994140625,4081270000,-0.12858739484685744,0.27211500034704933,1.0904237035744913,1.080598107960488,1.0789181358522315,1.2278294545936275,1.22958170740157,0.8433793653434837,1.3449884387895694,-0.11025535268582876,0.0,1.0
2021-04-07,4074.2900390625,4083.1298828125,4068.31005859375,4079.949951171875,4120810000,0.09026916612536166,0.3131366759737532,1.1363874924350559,0.680914531545086,1.031997668778048,1.0937036241048137,1.3747630752903999,0.9713298752194163,1.4245062667360082,-0.24158985755302495,0.0,1.0
2021-04-08,4089.949951171875,4098.18994140625,4082.5400390625,4097.169921875,3907100000,0.33563741135774916,0.08655627590628259,1.269431214272536,0.513159252249535,1.1045527852767398,1.1291083962385167,1.5173814753460457,1.1044183789080098,1.4819470495106082,-0.3631550646828908,0.0,1.0
2021-04-09,4096.10986328125,4129.47998046875,4095.510009765625,4128.7998046875,3640390000,0.6483850837816452,-0.21426946366452454,1.499053764706532,0.7192519440566667,1.330201405562413,1.3478740410254402,1.6956524232460912,1.2492988594399375,1.6137767879334097,-0.356383597465625,0.0,1.0
2021-04-12,4124.7099609375,4131.759765625,4114.81982421875,4127.990234375,3588900000,-0.05910316442392342,-0.2748777433220733,1.4840649339951613,0.48780707061239836,1.2233528740020985,1.1040945567880678,1.8113847757044683,1.3901385594398121,1.5686024250897759,-0.5155011928072639,0.0,1.0
2021-04-13,4130.10009765625,4148.0,4124.43017578125,4141.58984375,3734720000,0.25286374630184744,-0.10542599236060098,1.5850056485586317,0.48743675993164837,1.2713948782913058,1.0878556543059268,1.9160846210748121,1.5253686069836574,1.5058886811818404,-0.5499105285531244,0.0,1.0
2021-04-14,4141.580078125,4151.68994140625,4120.8701171875,4124.66015625,3985350000,-0.40691652348400775,0.17092550979020005,1.2496925258977896,-0.05928883759005226,1.011886020573997,0.6750328273360652,1.9277153515172838,1.6360585643038994,1.2315399678125138,-0.528371172199057,0.0,1.0
2021-04-15,4139.759765625,4173.490234375,4139.759765625,4170.419921875,4033420000,0.9499569144109675,0.2219371085983345,1.6052188730002792,0.5943003030107554,1.3766713464092613,1.1446499242305892,2.0372068688177625,1.748201215725582,1.2477805257737116,-0.46799960046329403,0.0,1.0
2021-04-16,4174.14013671875,4191.31005859375,4170.75,4185.47021484375,4163820000,0.2809570198479984,0.3573138158204532,1.7099268263889897,0.6703463276351344,1.3873161834379462,1.1390232529531918,2.1383987094417454,1.8597178011342221,1.2407813499924725,-0.5442773894831311,0.0,1.0
2021-04-19,4179.7998046875,4180.81005859375,4150.47021484375,4163.259765625,3810290000,-0.5158489193651297,-0.02019422510978595,1.274802742499833,0.056943773514001844,1.0296953383505896,0.6519207467674398,2.1303505287589264,1.9471970346742968,0.9720530569072352,-0.6373871031545244,0.0,1.0
2021-04-20,4159.18017578125,4159.18017578125,4118.3798828125,4134.93994140625,4342650000,-0.649531414254806,0.5362311266720897,0.7624724811795237,-0.5077603949977962,0.6412074755787951,0.16269319005568875,2.020151118847233,1.9934372157053553,0.5110164065392289,-0.5335228713489006,0.0,1.0
2021-04-21,4128.419921875,4175.02001953125,4126.35009765625,4173.419921875,3887250000,0.7901435709201459,0.06488527779716596,1.109057968870022,0.09296767000634475,0.8946305356607095,0.6136055448771596,2.0132913392873615,2.028951374777192,0.3911036312694341,-0.45619225799093777,0.0,1.0
2021-04-22,4170.4599609375,4179.56982421875,4123.68994140625,4134.97998046875,4245140000,-0.8647749442154409,0.4396074023679447,0.4813144741752326,-0.5623502721489215,0.38031995775060806,0.0006897682721041275,1.8777664689726126,2.028162955052208,-0.01474515307272811,-0.3169461303929146,0.0,1.0
2021-04-23,4138.77978515625,4194.169921875,4138.77978515625,4180.169921875,3569880000,0.9351660030509802,-0.29748614633421694,0.8878732400631486,0.404903637823163,0.696419131866835,0.562219168778614,1.870980838649444,2.0260702094721537,-0.02932701144783269,-0.2563293669837695,0.0,1.0
2021-04-26,4185.02978515625,4194.18994140625,4182.35986328125,4187.6201171875,3748320000,0.11771048920718677,-0.08996068030071452,0.9503814472878654,0.4582067365114264,0.6621003955639819,0.5492516436966963,1.8622464601523705,2.0225141322760263,-0.04568649270663591,-0.25884898453122235,0.0,1.0
2021-04-27,4188.25,4193.35009765625,4176.22021484375,4186.72021484375,3710700000,-0.06078492439577972,-0.13287854140226885,0.9349444529627032,0.22231625775480796,0.5432485396924027,0.4309852270278333,1.8293198875569512,2.012575018471122,-0.11704637219570335,-0.260853373220578,0.0,1.0
2021-04-28,4185.14013671875,4201.52978515625,4181.77978515625,4183.18017578125,3787360000,-0.11714830178010778,-0.04587590675414857,0.8704350864230139,0.10777704628736418,0.39416891955971073,0.2973765274289184,1.7706167236984027,1.9919757350125358,-0.2362229441698951,-0.28840719941321274,0.0,1.0
2021-04-29,4206.14013671875,4218.77978515625,4176.81005859375,4211.47021484375,4298680000,0.5628424599212903,0.492932213934234,1.1391115068023245,0.3767573864623962,0.5550856227964134,0.5921097544697016,1.7791657886169066,1.9773382619179125,-0.16957221111219914,-0.3681171886967839,0.0,1.0
2021-04-30,4198.10009765625,4198.10009765625,4174.85009765625,4181.169921875,4300880000,-0.6846007266807754,0.4951091407402706,0.5885623821294744,-0.25624189430071775,0.1733278271658518,0.09136231198942335,1.6805726571275572,1.9443857285737922,-0.3743274980303479,-0.30943762511454187,0.0,1.0
2021-05-03,4191.97998046875,4209.39013671875,4188.02978515625,4192.66015625,4070220000,0.20402997317191174,0.26057985923374466,0.7096059485884,-0.03871052319273008,0.22981798452470656,0.20286468151103568,1.6130936074768174,1.9034848857251845,-0.4631865228402882,-0.34014286223198875,0.0,1.0
2021-05-04,4179.0400390625,4179.0400390625,4128.58984375,4164.66015625,4452460000,-0.6384505934540741,0.6424790748539966,0.22611331347328392,-0.5285987104155286,-0.09238222561591003,-0.20779574040336968,1.4630981558854366,1.8384466801709294,-0.7330328983867713,-0.34238095179715033,0.0,1.0
2021-05-05,4177.06005859375,4187.72021484375,4160.93994140625,4167.58984375,4230920000,0.021292839200126545,0.42533150722582985,0.2619927621744962,-0.40323303285228035,-0.10680439387416156,-0.15958420560056924,1.3344862916506264,1.758705822510669,-0.8974028600146915,-0.44504965679695296,0.0,1.0
2021-05-06,4169.14013671875,4202.7001953125,4147.330078125,4201.6201171875,4511000000,0.6882033173356679,0.6980542162105386,0.6590650477989269,0.3452486532789533,0.17736878755674026,0.27867650474693495,1.3088833743832058,1.68939681524904,-0.7807788089680892,-0.5060469111473144,0.0,1.0
2021-05-07,4210.33984375,4238.0400390625,4201.64013671875,4232.60009765625,4016080000,0.6174085961833357,0.20360644328440636,0.9738403888975187,0.7735052271715085,0.43109612403135794,0.6088933153387143,1.3559612069729123,1.644092845857592,-0.5124117738814821,-0.5882081922284109,0.0,1.0
2021-05-10,4228.2900390625,4236.39013671875,4188.1298828125,4188.43017578125,4560700000,-0.9742575711803302,0.74467391057545,0.22303582090125101,-0.12522957591420433,-0.03405659291249687,-0.0693424204604174,1.2545644023371796,1.586003045194995,-0.6553524202538135,-0.41522332440160375,0.0,1.0
2021-05-11,4150.33984375,4162.0400390625,4111.52978515625,4152.10009765625,4870710000,-0.816803757261012,1.0244772724073898,-0.29882953850935157,-0.8273555553228916,-0.39696279386748573,-0.5436200025318169,1.059370659218754,1.497475396765016,-0.9956357809352135,-0.3297494817432239,0.0,1.0
2021-05-12,4130.5498046875,4134.72998046875,4056.8798828125,4063.0400390625,4733070000,-1.9586042194118334,0.9025138601002853,-1.2762718876884707,-2.2531014711297512,-1.2443332476006657,-1.624469204067848,0.6491555731907396,1.338269672173746,-1.7857893248541017,0.058507965224389516,0.0,1.0
2021-05-13,4074.989990234375,4131.580078125,4074.989990234375,4112.5,4779540000,1.046387409180043,0.9440832646137062,-0.687873735949235,-0.8525522457124695,-0.7288345810779165,-0.7628282354911261,0.45279946109829095,1.1685988443689888,-1.902785129504236,0.16893000347093146,0.0,1.0
2021-05-14,4129.580078125,4183.1298828125,4129.580078125,4173.85009765625,4008880000,1.2917034085410142,0.19597182893178675,-0.08063549601023076,0.6813729468087563,-0.11816412133836693,0.12103381479140884,0.4586505220038387,1.0341228326436016,-1.509320703715036,0.34277517988470524,0.0,1.0
2021-05-17,4169.919921875,4171.919921875,4142.68994140625,4163.2900390625,4125050000,-0.2677004307024634,0.3175121721204506,-0.19497243841682702,0.565897184549,-0.2223197267654213,-0.05437368357672619,0.42681012648758115,0.9196817953897164,-1.285337441283628,0.33898137080167784,0.0,1.0
2021-05-18,4165.93994140625,4169.14990234375,4125.990234375,4127.830078125,4398150000,-0.8028059662210385,0.590262375347813,-0.567033962038497,-0.078051953541342,-0.5685457993692442,-0.5226500462809361,0.2979174497066448,0.8003581694135244,-1.3399228939723085,0.35747176994222857,0.0,1.0
2021-05-19,4098.4501953125,4116.93017578125,4061.409912109375,4115.68017578125,4247450000,-0.3046441312730829,0.44192196640249476,-0.689992329610677,-0.5545217359389789,-0.6602464554146982,-0.6202174060805854,0.15800591166371167,0.6747543845143159,-1.4101326407411763,0.35805814202184677,0.0,1.0
2021-05-20,4121.97021484375,4172.7998046875,4121.97021484375,4159.1201171875,3978880000,0.9017440508052055,0.16401264678403168,-0.23345193651036025,0.16175800549588717,-0.2434083560694424,0.012649284886136234,0.1626108061255581,0.5752635121517453,-1.1182003824864104,0.394009736356936,0.0,1.0
2021-05-21,4168.60986328125,4188.72021484375,4151.72021484375,4155.85986328125,3995250000,-0.11163754980123204,0.18148145777051375,-0.27032127213290674,0.16904876786483616,-0.263612362370063,-0.05247716794101849,0.15306925389069462,0.49361502250604394,-0.918729447489275,0.3389394183081565,0.0,1.0
2021-05-24,4170.16015625,4209.52001953125,4170.16015625,4197.0498046875,3684800000,0.8442361873260557,-0.16267957767172236,0.13935618169037195,0.8900552598098856,0.1382221543323864,0.46276536657466244,0.2537379413757298,0.4499859781900294,-0.49368675961918196,0.35354161868925776,0.0,1.0
2021-05-25,4205.93994140625,4213.419921875,4182.52001953125,4188.1298828125,4182250000,-0.231524531516399,0.3761044477664325,0.027770307861828984,0.44905873985061256,0.049498280368824366,0.25542425576186656,0.30299156333283517,0.425694767642881,-0.27749726049763723,0.2952463923377481,0.0,1.0
2021-05-26,4191.58984375,4202.60986328125,4184.10986328125,4195.990234375,4420890000,0.1261604414010494,0.6122039341602555,0.10854460551120035,0.27640450051798837,0.12070129931410822,0.2950917774987343,0.3571496176474115,0.4179305171266397,-0.09273224215126846,-0.19349046890558297,0.0,1.0
2021-05-27,4201.93994140625,4213.3798828125,4197.77978515625,4200.8798828125,6406310000,0.06257043578404857,2.1904468917124085,0.16083522215916113,0.20381312923421943,0.1742131339065353,0.2905138421432523,0.4064339398224576,0.4223377561882381,0.043340301797926195,-0.2899272489216745,0.0,1.0
2021-05-28,4210.77001953125,4218.35986328125,4203.56982421875,4204.10986328125,4649250000,0.027139539628211893,0.8264906265758138,0.1971827235927102,0.0701710302472488,0.19466933382859952,0.2654038637257403,0.4468134009021577,0.43456357455487715,0.13074899317473462,-0.5229065592581796,0.0,1.0
2021-06-01,4216.52001953125,4234.1201171875,4197.58984375,4202.0400390625,5074670000,-0.08558072263955042,1.1990120133142879,0.1636880934817167,0.006593420818314728,0.16958599441712693,0.17661238747140834,0.46530705669689804,0.4483288120685436,0.147959103588951,-0.5369764968393119,0.0,1.0
2021-06-02,4206.81982421875,4217.3701171875,4198.27001953125,4208.1201171875,5833670000,0.08774005656775678,1.7920504050081427,0.240870020740257,0.04960169038816777,0.2079323249057479,0.2054335209172572,0.488662100320441,0.46437300368174944,0.17343692862298604,-0.6988714140852882,0.0,1.0
2021-06-03,4191.43017578125,4204.39013671875,4167.93017578125,4192.85009765625,5587970000,-0.36589162328753116,1.6089703385920746,-0.027625207136673467,-0.2534112658865225,0.044871282415667964,-0.04207448838569212,0.4573528370878336,0.4704625651300055,0.062148015137465124,-0.6860396816454155,0.0,1.0
2021-06-04,4206.0498046875,4233.4501953125,4206.0498046875,4229.89013671875,4139790000,0.7479624910431271,0.3326882959450325,0.4505599962751618,0.39244941762102803,0.39581527939296135,0.4142640668625623,0.5261855209261449,0.490164680073481,0.21433109609013945,-0.7364857286429064,0.0,1.0
2021-06-07,4229.33984375,4232.33984375,4215.66015625,4226.52001953125,4476920000,-0.11278672690180765,0.6657886094052698,0.38831018194224387,0.22984329095405492,0.3656445715959691,0.285894524726053,0.5625220636090918,0.5137553251207457,0.2578033580562485,-0.7363627545057051,0.0,1.0
2021-06-08,4233.81005859375,4236.740234375,4208.41015625,4227.259765625,4659620000,-0.025936024671055668,0.8359699935962976,0.3980953970955335,0.1407258018124156,0.3535631384180273,0.22967836959613394,0.5841893262246342,0.5372961989640794,0.25724693525434006,-0.8999373129263736,0.0,1.0
2021-06-09,4232.990234375,4237.08984375,4218.740234375,4219.5498046875,4713260000,-0.2045856421387646,0.884668744452723,0.2398238005728103,-0.06540144531772371,0.24408604567239053,0.07510527254036833,0.5710801428118867,0.5533044360937924,0.17303497140945417,-0.9041179550689619,0.0,1.0
2021-06-10,4228.56005859375,4249.740234375,4220.33984375,4239.18017578125,4408210000,0.3742122753833074,0.5999831103112996,0.5212312152569666,0.14772088981132975,0.3495161683727818,0.290799323631642,0.6054120017785739,0.573508056268327,0.21993773052527787,-0.8713643526329,0.0,1.0
2021-06-11,4242.89990234375,4248.3798828125,4232.25,4247.43994140625,3815010000,0.13256125988663492,-0.014926992629869138,0.6352675166409238,0.24513460345417298,0.3635231792408433,0.32883952283181433,0.6455217549493822,0.5983128691380445,0.2713772845116605,-0.8695269516582527,0.0,1.0
2021-06-14,4248.31005859375,4255.58984375,4234.06982421875,4255.14990234375,4151200000,0.12065367011614232,0.34439883522328896,0.7425676860843884,0.28541632755049307,0.3987150455950506,0.35386058388969466,0.6882023204410904,0.6273525350101885,0.31872130248134645,-0.8688673356122443,0.0,1.0
2021-06-15,4255.27978515625,4257.16015625,4238.35009765625,4246.58984375,4048940000,-0.2213725032230487,0.2382770851095491,0.5328076836898956,0.030343934885423057,0.2736424037794912,0.16975038946802154,0.6880535900480274,0.6505522227420171,0.2534326065433205,-0.8517281257948084,0.0,1.0
2021-06-16,4248.8701171875,4251.89013671875,4202.4501953125,4223.7001953125,4538350000,-0.5233174408592717,0.7237723016741564,0.006987437813304258,-0.4558579407816482,0.002571150309741587,-0.16655911840683468,0.6152839696494894,0.6534332676189145,0.026278041345365138,-0.7719677117548716,0.0,1.0
2021-06-17,4220.3701171875,4232.2900390625,4196.0498046875,4221.85986328125,5312680000,-0.08052053393568157,1.3940251327971052,-0.03382465215997088,-0.4228626631113023,-0.06742655508956959,-0.18541640250163574,0.5438338339425881,0.6403436900842998,-0.15226733768064035,-0.8062175593901002,0.0,1.0
2021-06-18,4204.77978515625,4204.77978515625,4164.39990234375,4166.4501953125,6817010000,-1.2145691441137363,2.4548224295469088,-1.0691313172480745,-1.2316697864363995,-0.6118536750745457,-0.879336740641689,0.32818524479327693,0.5834090856781442,-0.6424377730884575,-0.659710464087189,0.0,1.0
2021-06-21,4173.39990234375,4226.240234375,4173.39990234375,4224.7900390625,4128950000,1.2098663063421051,0.32153283391021303,-0.09366875061211559,0.09496316573529663,-0.07612316679078568,-0.027136317238772554,0.31213434423845043,0.5344031274177192,-0.553798577021048,-0.3488311372478325,0.0,1.0
2021-06-22,4224.60986328125,4255.83984375,4217.27001953125,4246.43994140625,3828390000,0.4164191959045535,-3.107243627328085e-05,0.19833131312731528,0.5420507240603918,0.1107789588043792,0.2292635816091047,0.3526182516015867,0.5039208915826555,-0.34671052771467653,-0.32006191827667546,0.0,1.0
2021-06-23,4249.27001953125,4256.60009765625,4241.43017578125,4241.83984375,3730350000,-0.13839645738278403,-0.11040731841933016,0.1154747330042998,0.37198861441901815,0.03963658090336316,0.11444005090048547,0.36536888398223366,0.48228231262243526,-0.24784186574213624,-0.3235164329526656,0.0,1.0
2021-06-24,4256.97021484375,4271.27978515625,4256.97021484375,4266.490234375,3816660000,0.47779770510828057,-0.01308723024167483,0.44471450593721845,0.694357921246887,0.24507580408431648,0.3860520753364175,0.4359916873208686,0.48018760855399073,-0.029348906590235226,-0.3108564613425238,0.0,1.0
2021-06-25,4274.4501953125,4286.1201171875,4271.16015625,4280.7001953125,7341450000,0.25609109838162,2.7701601301080614,0.6223085655393484,0.5135450193198513,0.34405527210670594,0.4834555251786825,0.5226872947264599,0.4971909983938232,0.18416039365279427,-0.3046907949176024,0.0,1.0
2021-06-28,4284.89990234375,4292.14013671875,4274.669921875,4290.60986328125,4147890000,0.1653195907339096,0.3410049675102192,0.7443827662992477,0.44539032774056225,0.39778457802796285,0.5113309537243498,0.6092636496301593,0.5294471696047757,0.35468058760242827,-0.3032488766405409,0.0,1.0
2021-06-29,4293.2099609375,4300.52001953125,4287.0400390625,4291.7998046875,3707150000,-0.016792019861249823,-0.1369509158804097,0.7595239595269371,0.2839388255011696,0.365188473784439,0.42545299524443025,0.6709872917135324,0.5685508813850113,0.4312334416388084,-0.31309198513545405,0.0,1.0
2021-06-30,4290.64990234375,4302.43017578125,4287.9599609375,4297.5,4266040000,0.07712460530481202,0.4605029978184547,0.835436963334145,0.17279472754784903,0.3765661404513991,0.4093776612345459,0.7248323710372211,0.6114351361588951,0.47349844949714154,-0.3690688611558185,0.0,1.0
2021-07-01,4300.72998046875,4320.66015625,4300.72998046875,4319.93994140625,3788230000,0.4251005655985872,-0.04489866917258743,1.121145171663663,0.41001354206342233,0.5314440582761762,0.6045369400681287,0.8175288640314059,0.66571462432905,0.600892749694261,-0.3640914051625496,0.0,1.0
2021-07-02,4326.60009765625,4355.43017578125,4326.60009765625,4352.33984375,3225840000,0.628735900920429,-0.7286499293491195,1.475063242554543,0.772984526615001,0.784407927007993,0.8920385009833894,0.9667620450694773,0.741291509810804,0.8389894110069664,-0.7492604089356952,0.0,1.0
2021-07-06,4356.4599609375,4356.4599609375,4314.3701171875,4343.5400390625,4309570000,-0.22228074996281708,0.5036971290097909,1.2510601508955685,0.38079219152058247,0.6417055157370192,0.6222672550973372,1.0462666172443607,0.8188828142702652,0.861509835735853,-0.9238849692223041,0.0,1.0
2021-07-07,4351.009765625,4361.8798828125,4329.7900390625,4358.1298828125,4037380000,0.2586273618445968,0.22611229628727042,1.4113367012106186,0.4059645671588846,0.71801086263817,0.6846869396206049,1.1340018527663427,0.8998590058189988,0.8993515636749433,-0.9387441833125643,0.0,1.0
2021-07-08,4321.06982421875,4330.8798828125,4289.3701171875,4320.81982421875,4347500000,-0.8067144814770943,0.5409802328421436,0.5276994424891467,-0.4357459668942708,0.309112482315656,0.0952880732419133,1.0856906870419012,0.9542309927014426,0.6019268495069994,-0.7059885893402921,0.0,1.0
2021-07-09,4329.3798828125,4371.60009765625,4329.3798828125,4369.5498046875,3531120000,0.9663800955561082,-0.343934030638495,1.0930662923269598,0.3410554293818509,0.7140682169804663,0.6614086720736577,1.1659126220663822,1.015012938943674,0.6735877149351095,-0.5871222024728763,0.0,1.0
2021-07-12,4372.41015625,4386.68017578125,4364.02978515625,4384.6298828125,3384460000,0.26686758609190653,-0.5244208778921957,1.2424848940986182,0.5125865062954204,0.7915418881863852,0.7227134453924143,1.2541829364458454,1.0826569302658293,0.7503027237882047,-0.5867500929607312,0.0,1.0
2021-07-13,4381.06982421875,4392.3701171875,4366.919921875,4369.2099609375,3695430000,-0.35589147025823353,-0.15042323101093438,0.9093687491324579,0.10201179335866883,0.5878648513422446,0.399278723342627,1.2646006517663486,1.1390166903228611,0.6241493844671091,-0.5382829187159485,0.0,1.0
2021-07-14,4380.10986328125,4393.68017578125,4362.35986328125,4374.2998046875,4006370000,0.06253647653104992,0.1933070939041124,0.9671184081760338,0.13886471572579245,0.5743520044572359,0.37851395606285926,1.2698199492416755,1.1852290311966809,0.5107051643535335,-0.5413279226070488,0.0,1.0
2021-07-15,4369.02001953125,4369.02001953125,4340.7001953125,4360.02978515625,3905230000,-0.3331392899069633,0.08451942893004082,0.6499494103639558,-0.3013546812655676,0.3717447055153314,0.123385841092082,1.2181259918750271,1.2110610922739862,0.2828615219979399,-0.5057529402696467,0.0,1.0
2021-07-16,4367.43017578125,4375.08984375,4322.52978515625,4327.16015625,3985700000,-0.7153586744176449,0.17129914679254454,-0.007016789019768666,-0.7879293913209084,0.007235919754920958,-0.32077634123268417,1.0717227272882792,1.2001831707681925,-0.12754187903750386,-0.43616759125184373,0.0,1.0
2021-07-19,4296.39990234375,4296.39990234375,4233.1298828125,4258.490234375,5157660000,-1.4599055366851115,1.2680293374864526,-1.0384554989260069,-1.6629309791594005,-0.6913118723745438,-1.1396874831991952,0.7551828187574811,1.1232801762415308,-0.8656766482393087,-0.2547148901644083,0.0,1.0
2021-07-20,4265.10986328125,4336.83984375,4262.0498046875,4323.06005859375,4438270000,1.3135690633158408,0.6288977320724048,-0.16101136522740528,-0.18377452106611256,-0.12276402696893218,-0.1895739423324771,0.6722047861912498,1.0438796040876681,-0.8935985997202984,0.015382797619666377,0.0,1.0
2021-07-21,4331.1298828125,4359.7001953125,4331.1298828125,4358.68994140625,3810280000,0.695028254968787,-0.020205391425707257,0.22877169046953463,0.5951844668871408,0.16258766419359877,0.2572141404856104,0.6942632656218248,0.98511179447038,-0.6629322980243274,0.06733137583722931,0.0,1.0
2021-07-22,4361.27001953125,4369.8701171875,4350.06005859375,4367.47998046875,3358300000,0.13865974200287143,-0.557434987187396,0.3202963204535038,0.741658016896122,0.18592698211375625,0.3040938813710121,0.7251902615985764,0.9447609765614386,-0.45703745683671876,-0.005650423671979489,0.0,1.0
2021-07-23,4381.2001953125,4415.18017578125,4381.2001953125,4411.7900390625,4540070000,0.8651640615321179,0.7253844891723324,0.7483554365432773,1.2866623436357547,0.5364654960772012,0.7786618602349462,0.8595515780799734,0.9414293736989685,-0.04317695651250632,-0.02587278331247123,0.0,1.0
2021-07-26,4409.580078125,4422.72998046875,4405.4501953125,4422.2998046875,4275630000,0.17132872640295732,0.47005673673272425,0.8421098246336048,0.8343792728768422,0.5677811329091476,0.76420273623372,0.9812700032977689,0.9649891467158743,0.2574582207021967,-0.029802677597595417,0.0,1.0
2021-07-27,4416.3798828125,4416.3798828125,4372.509765625,4401.4599609375,4241950000,-0.4627502731875948,0.436409028239944,0.5050445450405695,0.108149325930956,0.3175167133965759,0.3696550707696148,1.0062272485029176,0.9892141718640519,0.26489548212289693,-0.0187954422037047,0.0,1.0
2021-07-28,4402.9501953125,4415.47021484375,4387.009765625,4400.64013671875,4215290000,-0.05822577981300391,0.40958461096472926,0.4916305955744153,-0.07417736804771513,0.2578110939667645,0.2810196676987346,1.0096707694710185,1.0093361217904868,0.2190246887523023,-0.018254199931028572,0.0,1.0
2021-07-29,4403.58984375,4429.97021484375,4403.58984375,4419.14990234375,4044600000,0.33434328482108316,0.23371410451792082,0.6889173301169773,0.08699814865351987,0.37436118166999216,0.44145041781486366,1.048917972556373,1.0338897562307268,0.26856920685891555,-0.02573790972363438,0.0,1.0
2021-07-30,4395.1201171875,4412.25,4389.64990234375,4395.259765625,3956740000,-0.5247405872606807,0.14027185233269612,0.2789746816300445,-0.31896574365861236,0.11344144479279887,0.061132278363729635,1.0001740586485075,1.0430304589127821,0.09625859354910653,-0.05774887993694868,0.0,1.0
2021-08-02,4406.85986328125,4422.18017578125,4384.81005859375,4387.16015625,3724090000,-0.2062782392967349,-0.11755321587287278,0.14379981479210593,-0.3405355227651342,0.020692455596690893,-0.0681469949358681,0.9260965553205409,1.034382523555312,-0.10261149675082747,-0.3995370289274875,0.0,1.0
2021-08-03,4392.740234375,4423.7900390625,4373.0,4423.14990234375,3965190000,0.691596867309752,0.1493484532551557,0.5671243153219824,0.28453674269739065,0.321583072043959,0.3584953912532154,0.9532161283509485,1.0333072701117874,-0.017951843061046354,-0.5755842921951134,0.0,1.0
2021-08-04,4415.9501953125,4416.169921875,4400.22998046875,4402.66015625,4260760000,-0.4555952421710508,0.4552337907062877,0.21838732559566956,-0.1279023944446043,0.10779097964293943,0.032946527887172096,0.9053316398801277,1.0221300314912638,-0.1308881285650057,-0.5813339332206521,0.0,1.0
2021-08-05,4408.85986328125,4429.759765625,4408.85986328125,4429.10009765625,3769410000,0.4951539366605127,-0.066088704642898,0.5228474240464517,0.3545034947272592,0.3048671274233419,0.32725134125183736,0.9271737384662062,1.0178942679889171,-0.05328512261821586,-0.547257963753803,0.0,1.0
2021-08-06,4429.06982421875,4440.81982421875,4429.06982421875,4436.52001953125,3451870000,0.10814701907837608,-0.44051106503514453,0.6053972839810761,0.33731915989542754,0.34270661186061646,0.3450189934533178,0.9515415940739657,1.0197558759594247,0.014881131184040762,-0.6827941023538462,0.0,1.0
2021-08-09,4437.77001953125,4439.39013671875,4424.740234375,4432.35009765625,3449280000,-0.12558240896661496,-0.44370462948506084,0.5264593777806504,0.0769171312073346,0.2809587164801508,0.21980233050159534,0.9460131444174137,1.0200540205859687,-0.0025977840484703945,-0.6865644699363006,0.0,1.0
2021-08-10,4435.7900390625,4445.2099609375,4430.02978515625,4436.75,3886610000,0.047141282547486583,0.06418472539328285,0.5814735268761919,0.10981865890755577,0.2902010407135574,0.2176364480683221,0.9404886422025016,1.0191022450402558,-0.01657140794098834,-0.7369674173890394,0.0,1.0
2021-08-11,4442.18017578125,4449.43994140625,4436.419921875,4442.41015625,3532560000,0.07243997386444652,-0.34219931278030724,0.654856511081356,0.06459983904224836,0.3109578932340876,0.23095985572496477,0.9384660297255359,1.0179050391096003,-0.019315224679933577,-0.738860267402957,0.0,1.0
2021-08-12,4446.080078125,4461.77001953125,4435.9599609375,4460.830078125,3375310000,0.32900114091900057,-0.5359391360394814,0.8887890795297652,0.3007751575607133,0.43553594308329324,0.3958533699457078,0.9739971579602573,1.0246026954847967,0.06894628112966016,-0.7396048238516816,0.0,1.0
2021-08-13,4464.83984375,4468.3701171875,4460.81982421875,4468.0,3016470000,0.1020731777118293,-1.0141652537184802,0.9773438374967244,0.31733166406643226,0.4357731958191821,0.3993477332955282,1.0078748596906475,1.0372599998173486,0.1355728393181884,-0.8328012519048053,0.0,1.0
2021-08-16,4461.64990234375,4480.259765625,4437.66015625,4479.7099609375,3370640000,0.19265798144838026,-0.5418298942848379,1.1213818353331115,0.360161731504463,0.44031689976587673,0.45665195217600546,1.052448613833465,1.0569895591180236,0.2146379133845459,-0.8633764465789004,0.0,1.0
2021-08-17,4462.1201171875,4462.1201171875,4417.830078125,4448.080078125,3836960000,-0.6726238639596752,0.009482560283114939,0.37968382960717206,-0.30095386864610757,0.08717435556451252,-0.015106566154082469,0.986736760352307,1.0586151447139613,0.012242492360809307,-0.8107813127476302,0.0,1.0
2021-08-18,4440.93994140625,4454.31982421875,4397.58984375,4400.27001953125,3755590000,-1.002215950012627,-0.0817165604278205,-0.5038139393077233,-1.0707040256739102,-0.37668983269064354,-0.6091785452349067,0.7912555218843956,1.0177978624795458,-0.46225234750584093,-0.628320543927715,0.0,1.0
2021-08-19,4382.43994140625,4418.60986328125,4367.72998046875,4405.7998046875,4398410000,0.07073725422824041,0.5905138868474198,-0.41287471798288927,-0.7493548527563237,-0.3430196500103494,-0.4704792947920257,0.6417516372894928,0.9529324168400515,-0.7311015093859738,-0.6924404187201549,0.0,1.0
2021-08-20,4410.56005859375,4444.35009765625,4406.7998046875,4441.669921875,3652610000,0.6860682713044133,-0.20001132721416245,0.13229463293611748,0.05637273636466121,-0.02365988239991343,0.012631656934208998,0.6126907198996209,0.894778689755723,-0.6560670929136307,-0.581973159906723,0.0,1.0
2021-08-23,4450.2900390625,4489.8798828125,4450.2900390625,4479.52978515625,3576530000,0.7202291636275308,-0.28956785986336503,0.6079945993839676,0.7993819504719267,0.301118719976196,0.44427100404789227,0.6837497889221946,0.8635658635707852,-0.3548782451379486,-0.492564623874147,0.0,1.0
2021-08-24,4484.39990234375,4492.81005859375,4482.27978515625,4486.22998046875,3979220000,0.09210165382986323,0.16437619908108547,0.6856224603802141,0.77968628807008,0.32350357299688587,0.4342634363084714,0.747489815154302,0.8523288209930868,-0.1315567136661932,-0.49236134995034986,0.0,1.0
2021-08-25,4490.4501953125,4501.7099609375,4485.66015625,4496.18994140625,3444700000,0.15684279117378835,-0.4493578104838007,0.8027200496794514,0.5962585299522835,0.3709878925042639,0.46467379208746323,0.8136562901280476,0.8575952000410471,0.05294515441724454,-0.490833900776558,0.0,1.0
2021-08-26,4493.75,4495.89990234375,4468.990234375,4470.0,3263980000,-0.5621768747678976,-0.6786406720267921,0.277928678655089,-0.16412213433713088,0.10467037725860331,0.058120975330789304,0.782414043814905,0.8550769506842155,-0.034083979031445014,-0.44807383030539927,0.0,1.0
2021-08-27,4474.10009765625,4513.330078125,4474.10009765625,4509.3701171875,3331200000,0.7455973580115606,-0.5919076932617162,0.7553481894059974,0.33659153557969906,0.4156018065249377,0.49808963030354003,0.8539473421238445,0.8684746825781527,0.14385053295982586,-0.36248312647397624,0.0,1.0
2021-08-30,4513.759765625,4537.35986328125,4513.759765625,4528.7900390625,3168660000,0.34331806258655423,-0.8047432440782051,0.9621018643618602,0.520659610152562,0.5285859011709645,0.6305711368000088,0.9507972286546745,0.9000598290829106,0.34717879102767657,-0.3524088540252483,0.0,1.0
2021-08-31,4529.75,4531.39013671875,4515.7998046875,4522.68017578125,4290710000,-0.16215507222604172,0.48503646206860773,0.8367043472872996,0.2610756957918108,0.4255825794480429,0.4385095933392724,0.996776300883592,0.9352344473772862,0.3873076967563929,-0.4336664929532338,0.0,1.0
2021-09-01,4528.7998046875,4537.10986328125,4522.02001953125,4524.08984375,4057340000,-0.01372179477630149,0.24709478286973804,0.8532231983442868,0.18027385608589824,0.3818523540693842,0.36585108819528434,1.0228758987099447,0.9689974763211198,0.3715266740055221,-0.6841244890517714,0.0,1.0
2021-09-02,4534.47998046875,4545.85009765625,4524.66015625,4536.9501953125,3735990000,0.21248010570571485,-0.10397942315788762,1.0067401812415302,0.16934593350285418,0.44988209738980767,0.44021633289092965,1.0643210634221254,1.0049375396258595,0.3958650757975801,-0.6887694302213864,0.0,1.0
2021-09-03,4532.419921875,4541.4501953125,4521.2998046875,4535.43017578125,3217530000,-0.07152192883831424,-0.7396244500405164,0.969835159181517,0.03983014162019413,0.38980246909145266,0.3325725332758849,1.0781114845093573,1.0366608294642985,0.34872318004624325,-0.7320525509047832,0.0,1.0
2021-09-07,4535.3798828125,4535.3798828125,4513.0,4520.02978515625,3822960000,-0.3450558846173309,-0.006069991398270991,0.5950506195350002,-0.22224092534647075,0.20766956455322028,0.07753626967606356,1.0322357675463827,1.0521552288333218,0.16729046406488507,-0.7822030284949152,0.0,1.0
2021-09-08,4518.08984375,4521.7900390625,4493.9501953125,4514.06982421875,3750880000,-0.15942474952311603,-0.08705583897910382,0.4525300748564938,-0.30371703024594066,0.11723968813729636,-0.02625212095843095,0.9658733911281802,1.050252526931497,-0.027202396659086595,-0.7743665383946247,0.0,1.0
2021-09-09,4513.02001953125,4529.89990234375,4492.06982421875,4493.27978515625,3735390000,-0.453201865610587,-0.10466278038782341,-0.02304974029004025,-0.5854517349015153,-0.09678110200459313,-0.2896516840477417,0.8437851257774615,1.0224256255531516,-0.31702491592074916,-0.7344947519716511,0.0,1.0
2021-09-10,4506.919921875,4520.47021484375,4457.66015625,4458.580078125,3623180000,-0.7317789299141243,-0.23443124612807845,-0.6957640121530189,-0.9545339527229421,-0.4137942025216333,-0.6781560893765602,0.6415062625816613,0.9565817596638818,-0.7420398691969817,-0.687922340030715,0.0,1.0
2021-09-13,4474.81005859375,4492.990234375,4445.7001953125,4468.72998046875,3914220000,0.1618807671112414,0.09430263145167517,-0.5024365241561637,-0.5023269810900972,-0.3210968469768549,-0.4749901479744718,0.5009790082018482,0.8736291225984328,-0.9333093110265176,-0.8492690894844769,0.0,1.0
2021-09-14,4479.330078125,4485.68017578125,4435.4599609375,4443.0498046875,3670460000,-0.5551806254997697,-0.17926967906346034,-0.9513998154163633,-0.7036201924040347,-0.539824182915934,-0.7290887614430072,0.3127502820773971,0.7667118649138426,-1.2012244968851922,-0.8819393617626408,0.0,1.0
2021-09-15,4447.490234375,4486.8701171875,4438.3701171875,4480.7001953125,4032020000,0.7157789140360352,0.22046005129926932,-0.2716712124522818,0.15791173162015557,-0.20953338327594645,-0.1903478544005418,0.26195226521363374,0.6702332835659622,-1.0845241344920407,-0.6804705690074857,0.0,1.0
2021-09-16,4477.08984375,4485.8701171875,4443.7998046875,4473.75,3984560000,-0.18021086520619717,0.17008203706556776,-0.39608675320072845,0.09882569752175449,-0.3067970476806392,-0.2650316002637281,0.19781186215516194,0.5792309362309305,-1.0233019571550848,-0.6830883748724434,0.0,1.0
2021-09-17,4469.740234375,4471.52001953125,4427.759765625,4432.990234375,7289530000,-0.855856725967019,2.7399633624075705,-1.0506641954330869,-0.5959090339211045,-0.6923863379785198,-0.7315706990276641,0.031773681025929014,0.4706550128527298,-1.2197677375499785,-0.6246587621743227,0.0,1.0
2021-09-20,4402.9501953125,4402.9501953125,4305.91015625,4357.72998046875,4898070000,-1.5589142747815858,1.0483100284446856,-1.9165046332320395,-1.6382538944106975,-1.344126119858981,-1.543092931415855,-0.3062657098305732,0.31096140841719694,-1.7912436327369452,-0.3651995908860632,0.0,1.0
2021-09-21,4374.4501953125,4394.8701171875,4347.9599609375,4354.18994140625,3920920000,-0.11418273689193717,0.10157918141045012,-1.95021356367448,-1.3645516548951482,-1.3207526290007823,-1.3736941192070358,-0.5796802202196812,0.12429752531649765,-2.0927609125668187,-0.35418362827379,0.0,1.0
2021-09-22,4367.43017578125,4416.75,4367.43017578125,4395.64013671875,3939170000,0.8092299671483114,0.12133674999571131,-1.2186105432487653,-0.21491639620334507,-0.8995364006047667,-0.6865765846872759,-0.6766896518191513,-0.04593491721431948,-1.9090637648352333,-0.17657057081580957,0.0,1.0
2021-09-23,4406.75,4465.39990234375,4406.75,4448.97998046875,3916350000,1.0429531455400083,0.09661727226034698,-0.45954513218620086,0.9375230068095249,-0.38796938011977816,0.0394344874018249,-0.601969617372131,-0.16602193607448207,-1.3484573310344483,0.004513796931991365,0.0,1.0
2021-09-24,4438.0400390625,4463.1201171875,4430.27001953125,4455.47998046875,3384290000,0.08899792927419858,-0.5246345942751168,-0.3760713463729382,0.976035831326971,-0.321579143221336,0.09013522714834886,-0.5212550343689143,-0.24470105009801393,-0.885532976977977,-0.04036501426294138,0.0,1.0
2021-09-27,4442.1201171875,4457.2998046875,4436.18994140625,4443.10986328125,4058650000,-0.2897160437037665,0.24846827812662273,-0.5452852877519373,0.39261202636838605,-0.4050179796962804,-0.09362649600448103,-0.4882094347546512,-0.30052444409517837,-0.6300148706780933,-0.040707015375127185,0.0,1.0
2021-09-28,4419.5400390625,4419.5400390625,4346.330078125,4352.6298828125,4416550000,-1.8616071606105973,0.6080250469069826,-1.5385106902886885,-1.3816003061744617,-1.1583251247855044,-1.1907768447926934,-0.7058394262374361,-0.3920730081622158,-1.0294084488705222,0.2522534137944592,0.0,1.0
2021-09-29,4362.41015625,4385.56982421875,4355.080078125,4359.4599609375,3712660000,0.09866601111437646,-0.13063180083590742,-1.4388745471481925,-1.1065132333204712,-1.021712467286028,-0.9483981555444516,-0.8520904128433,-0.4968226204658838,-1.176991060256463,0.17143047979845172,0.0,1.0
2021-09-30,4370.669921875,4382.5498046875,4306.240234375,4307.5400390625,4448140000,-1.1060012803148518,0.6383489625131568,-1.8893213306943053,-1.581963447302042,-1.4042035114189868,-1.4559013084548353,-1.1009215675542448,-0.6342346601456926,-1.5421443602041718,0.2297978066492509,0.0,1.0
2021-10-01,4317.16015625,4375.18994140625,4288.52001953125,4357.0400390625,4010370000,0.9854641768357715,0.19755289452742744,-1.2039127443973003,-0.21012999710301986,-0.8641230700058666,-0.6537040401484927,-1.150784219779997,-0.7549075364725053,-1.3550069908249676,0.35112625584497414,0.0,1.0
2021-10-04,4348.83984375,4355.509765625,4278.93994140625,4300.4599609375,4307870000,-1.2021844879578691,0.5020184485832149,-1.673082949113206,-0.7736429809903037,-1.2829450382504144,-1.265117898267961,-1.333398549773608,-0.8907913260690101,-1.5250591156007218,0.2703615966493288,0.0,1.0
2021-10-05,4309.8701171875,4369.22998046875,4309.8701171875,4345.72021484375,3902890000,0.8990425248812064,0.08196927286666263,-1.1207883464753878,0.16194288233212895,-0.7821608494697255,-0.5407806146380046,-1.3402914647653223,-1.0009834827514044,-1.2378366005195083,0.3643148285585599,0.0,1.0
2021-10-06,4319.56982421875,4365.56982421875,4290.490234375,4363.5498046875,4009630000,0.3251055444930156,0.19676774075713235,-0.9177834708095,0.5031483749966178,-0.5465278587398787,-0.26139627992869396,-1.2842167808991471,-1.0770555394175367,-0.8563870844745053,0.30662694391142736,0.0,1.0
2021-10-07,4383.72998046875,4429.97021484375,4383.72998046875,4399.759765625,3843740000,0.7000743882154062,0.016994055103863894,-0.5255869834414946,0.8555830261202383,-0.16486513134694653,0.19906963073986983,-1.129336991679173,-1.1045432900040697,-0.31323334129636043,0.24157296184243685,0.0,1.0
2021-10-08,4406.509765625,4412.02001953125,4386.22021484375,4391.33984375,3280160000,-0.2126164404048035,-0.6576017158832824,-0.6122992284299265,0.5493905683411209,-0.2121677171909733,0.044468647019235814,-1.020485592850227,-1.1030807227480095,0.010420010397884677,0.23629273613849977,0.0,1.0
2021-10-11,4385.43994140625,4415.8798828125,4360.58984375,4361.18994140625,3281970000,-0.6552016850422683,-0.655254618420893,-0.9170145797718032,-0.29351657248632856,-0.4441858462534156,-0.35107236039326745,-1.0081794045521664,-1.0992592177092495,0.0367920220614587,0.25677634253617543,0.0,1.0
2021-10-12,4368.31005859375,4374.89013671875,4342.08984375,4350.64990234375,3558450000,-0.2575768560708003,-0.31113060071461673,-1.0208961507892058,-0.522643440074584,-0.49997192338640145,-0.4470700828373077,-1.018191774119192,-1.0983592462022276,0.004130407609579209,-0.0652786733043432,0.0,1.0
2021-10-13,4358.009765625,4372.8701171875,4329.919921875,4363.7998046875,3620070000,0.2285564063380397,-0.23808487397297162,-0.853075791848898,-0.2621693845307887,-0.3221399983195195,-0.23910998447237755,-0.9809900264166138,-1.089623901649661,0.091726846507197,-0.05906736188144023,0.0,1.0
2021-10-14,4386.75,4439.72998046875,4386.75,4438.259765625,3598280000,1.483424277231293,-0.26377214577724645,-0.03202849690085551,1.063237662389771,0.393602709308978,0.683287719168939,-0.7400710379124108,-1.0307280057217256,0.6525024021933017,-0.005211154428791297,0.0,1.0
2021-10-15,4447.68994140625,4475.81982421875,4447.68994140625,4471.3701171875,3819380000,0.6251724320726066,-0.010056145380103704,0.2698229938087587,1.3973598482714134,0.6861033100270754,0.956621258962554,-0.45502179178336105,-0.922195507173596,1.2074204135287605,-0.05527591599584043,0.0,1.0
2021-10-18,4463.72021484375,4488.75,4447.47021484375,4486.4599609375,3662010000,0.260038961825903,-0.18907595194353075,0.40195102613100175,1.1930976383578495,0.7659538033074869,0.967827893190583,-0.18777542820955026,-0.7777894775982038,1.6084726098192992,-0.34296568789817805,0.0,1.0
2021-10-19,4497.33984375,4520.39990234375,4496.41015625,4519.6298828125,3459130000,0.6191958978527797,-0.4315719761578085,0.6801491909781341,1.1712822334043085,0.9971014448772606,1.1938830728759928,0.11176911865882867,-0.5977257618643038,2.0071117439943102,-0.3803737984867894,0.0,1.0
2021-10-20,4524.419921875,4540.8701171875,4524.39990234375,4536.18994140625,3670760000,0.28589139792754586,-0.1789219424793292,0.8125633667696892,0.8147512717667745,1.0842752047822573,1.183504686474251,0.3879213014707341,-0.3941759397447494,2.2696773258747673,-0.3803226021454061,0.0,1.0
2021-10-21,4532.240234375,4551.43994140625,4526.89013671875,4549.77978515625,3822330000,0.22617523918897967,-0.0067711947036080975,0.9210462473495922,0.6424508196353658,1.1626055612282653,1.1386376170303674,0.6345013809895005,-0.17820874153854493,2.4084987858512594,-0.40733078261678374,0.0,1.0
2021-10-22,4546.1201171875,4559.669921875,4524.0,4544.89990234375,3758220000,-0.1374374963998591,-0.07873809251981632,0.84449265781134,0.2639488535594669,1.0741217028770251,0.8808420085013929,0.8047482495861209,0.031245852625309753,2.335690392588549,-0.41803340225515795,0.0,1.0
2021-10-25,4553.68994140625,4572.6201171875,4537.35986328125,4566.47998046875,3899400000,0.38278805872536686,0.0781629928457208,1.028247688634866,0.36948532674895135,1.2158138746921876,0.9778779671671195,0.9853877516219672,0.23772952649417553,2.302476653232812,-0.5867350963960947,0.0,1.0
2021-10-26,4578.68994140625,4598.52978515625,4569.169921875,4574.7900390625,3879740000,0.12106420033997661,0.05665745946243465,1.0982852355224262,0.31644526257111,1.1863837034962434,0.9018639023312701,1.1359329061992016,0.43535243407889246,2.2034167146844035,-0.65817729061281,0.0,1.0
2021-10-27,4580.22021484375,4584.56982421875,4551.66015625,4551.68017578125,4226050000,-0.4930591819940055,0.42043133226203183,0.697968596877927,-0.18385940430195594,0.8803842664936443,0.4668863643102162,1.1755238842136686,0.6019809032718759,1.856910886185118,-0.5147284530273505,0.0,1.0
2021-10-28,4562.83984375,4597.5498046875,4562.83984375,4596.419921875,4132950000,0.8369065449976212,0.32565264648649644,1.0967960095528488,0.49063514269549285,1.156705003446836,0.9000908348867743,1.312712673984434,0.7648419282732237,1.8147923178649477,-0.7441421205119554,0.0,1.0
2021-10-29,4572.8701171875,4608.080078125,4567.58984375,4605.3798828125,4510200000,0.13264170120121774,0.697299605361546,1.1704340238007835,0.42959318872274405,1.1212073329791805,0.8432914836681182,1.4272568828397179,0.9198100702991954,1.7265529402042112,-0.776319551370382,0.0,1.0
2021-11-01,4610.6201171875,4620.33984375,4595.06005859375,4613.669921875,3971540000,0.11930190775322101,0.1561566105254076,1.240160107473004,0.40680551697059664,1.0490983093042767,0.787359291838748,1.5209278507543953,1.063966625462295,1.6056835824193445,-0.7743974660592482,0.0,1.0
2021-11-02,4613.33984375,4635.14990234375,4613.33984375,4630.64990234375,3975250000,0.2873511737457943,0.16012925382984036,1.3823644141014455,0.5154443853045693,1.0702565762830847,0.8414282506424479,1.6208691172015184,1.2008248892266211,1.5240915085188946,-0.8201944492857346,0.0,1.0
2021-11-03,4630.64990234375,4663.4599609375,4621.18994140625,4660.56982421875,4319660000,0.5358936430346407,0.5136469825333934,1.6152814621708511,0.6658766797316967,1.2035560464067594,1.036785736453292,1.759862338673745,1.3402585268601284,1.5528831918834178,-0.7903705871371912,0.0,1.0
2021-11-04,4662.93017578125,4683.0,4662.58984375,4680.06005859375,4462300000,0.33217947737208364,0.6518716134185103,1.7552331556404663,0.7150012772134279,1.24907755091663,1.0790022733220739,1.8994333172323055,1.4818769452483178,1.5773081953605694,-0.7863465979326005,0.0,1.0
2021-11-05,4699.259765625,4718.5,4681.31982421875,4697.52978515625,4467180000,0.2920376559916406,0.6565220214948699,1.8754683590426107,0.6939531214070458,1.2638799303373651,1.09036986928588,2.0323578763372567,1.623811172360556,1.580838814699131,-0.8222376125417189,0.0,1.0
2021-11-08,4701.47998046875,4714.919921875,4694.39013671875,4701.7001953125,4269710000,0.03776668359671787,0.4641616554581313,1.9043087998424886,0.44111157063765205,1.1425605421506813,0.9462609319365164,2.1223022904109405,1.7567376844441775,1.4801360460466564,-0.8170793874816197,0.0,1.0
2021-11-09,4707.25,4708.52978515625,4670.8701171875,4685.25,4117080000,-0.3542794469587942,0.30928375376366163,1.528111353337925,-0.06809067508221107,0.8395036651140553,0.5880580575264355,2.121329682012549,1.8628693390745708,1.180579907490278,-0.7405793520516998,0.0,1.0
2021-11-10,4670.259765625,4684.85009765625,4630.85986328125,4646.7099609375,4503720000,-0.7767560739090831,0.6911823198719228,0.7404142095962963,-0.7323552288066544,0.3642438352327521,0.032386355724019364,1.9889131645563967,1.9192446313755165,0.6243230289441503,-0.6392709592556893,0.0,1.0
2021-11-11,4659.39013671875,4664.5498046875,4648.31005859375,4649.27001953125,3926870000,0.007661136639656915,0.10803077562190622,0.768412698253711,-0.5711035445075151,0.2915877568784216,0.0355454721701616,1.8670740536119914,1.938093807355961,0.20479556851228842,-0.7601549760618747,0.0,1.0
2021-11-12,4655.240234375,4688.47021484375,4650.77001953125,4682.85009765625,3728600000,0.6039411749158162,-0.11240376515796564,1.1178522992766777,0.1080603929248974,0.4957805981676651,0.39438312715233437,1.8394806774568266,1.9472279692203796,0.09618546973876965,-0.6966273795812583,0.0,1.0
2021-11-15,4689.2998046875,4697.419921875,4672.85986328125,4682.7998046875,3488410000,-0.04253861592302071,-0.3957095261722667,1.116790156144833,0.17766514930327287,0.40654193421091367,0.31130613711904553,1.7943542724570167,1.9448125105243148,-0.03293481921700449,-0.6920802890106867,0.0,1.0
2021-11-16,4679.419921875,4714.9501953125,4679.419921875,4700.89990234375,3972640000,0.3038735153185916,0.15733487010633238,1.2991170153128848,0.4560951719871207,0.4857124766460225,0.4488434906163168,1.785488971728266,1.9409700547579207,-0.048888094313366104,-0.6905717200234255,0.0,1.0
2021-11-17,4701.5,4701.5,4684.41015625,4688.669921875,3969070000,-0.2740972346683525,0.15350969263855607,1.0230264549880685,0.07205598922129254,0.3085419953522045,0.21810219097832453,1.7224452765632878,1.9243129009974482,-0.1921514594786011,-0.7194048290459536,0.0,1.0
2021-11-18,4700.72021484375,4708.7998046875,4672.77978515625,4704.5400390625,4226410000,0.2609336575316854,0.4207937560912796,1.1953619627531629,0.16097339518112497,0.3797671053698908,0.34422187090654555,1.6942820760624628,1.9049192265722539,-0.22274470166451746,-0.729077380657875,0.0,1.0
2021-11-19,4708.43994140625,4717.75,4694.22021484375,4697.9599609375,4253180000,-0.1665835265611717,0.4476578580944827,1.0398664770592487,-0.017018085476179994,0.2530452171988845,0.194518437103845,1.6325617099182868,1.8761062180438106,-0.32804921230306144,-0.7467371767060916,0.0,1.0
2021-11-22,4712.0,4743.830078125,4682.169921875,4682.93994140625,4441100000,-0.32732063795583044,0.63160980688148,0.6891710262171243,-0.295724345973714,0.06849096033113032,-0.02814092329416658,1.5222436072607062,1.8292870322677575,-0.5293513067766316,-0.7314694321016764,0.0,1.0
2021-11-23,4678.47998046875,4699.39013671875,4652.66015625,4690.7001953125,4277590000,0.10652636525673206,0.47200668820780706,0.7932359156095554,-0.11423245138209023,0.08552937281022908,0.04340857871981302,1.437213572430376,1.7735113893925205,-0.6294810316113536,-0.7471555943975997,0.0,1.0
2021-11-24,4675.77978515625,4702.8701171875,4659.89013671875,4701.4599609375,3418430000,0.16343257486624285,-0.48192927875384045,0.9369283484332359,0.037678950885098345,0.11392800067204592,0.13799050715941322,1.3811427210049572,1.7168100321377455,-0.6398301601866571,-0.918098718929025,0.0,1.0
2021-11-26,4664.6298828125,4664.6298828125,4585.43017578125,4594.6201171875,3517700000,-2.0725941831654615,-0.3601347383954327,-0.9736702725778429,-1.5406435038577837,-0.8259541079996227,-1.1248863425574738,1.027786971189007,1.5953160678042642,-1.3641864370348238,-0.15394063889787912,0.0,1.0
2021-11-29,4628.75,4672.9501953125,4625.259765625,4655.27001953125,4336410000,1.1381800248753668,0.5301131285180724,-0.15190611531885478,-0.25365528108403723,-0.3138398242843951,-0.279960118071124,0.9021711059484671,1.471056111302178,-1.3951091592307074,-0.02479155644661362,0.0,1.0
2021-11-30,4640.25,4646.02001953125,4560.0,4567.0,6625990000,-1.7362328532926439,2.3338993378404806,-1.1392665016124552,-1.4737628925350894,-1.0705239363553627,-1.271070224681171,0.5504139396543607,1.2958596931678594,-1.9645590913645337,0.2328347271302546,0.0,1.0
2021-12-01,4602.81982421875,4652.93994140625,4510.27001953125,4513.0400390625,5366730000,-1.0975530207058903,1.4370926181065462,-1.593471759906484,-1.8324523874109977,-1.4955065984965206,-1.7229492141226854,0.1190289403476531,1.0627577522752183,-2.6119204303397274,0.25100073998934624,0.0,1.0
2021-12-02,4504.72998046875,4595.4599609375,4504.72998046875,4577.10009765625,5077180000,1.2270392383491695,1.2011159172498973,-0.8542184397868955,-0.15405133699191711,-0.8946569555270074,-0.7419791796517549,-0.048067600710045844,0.8402741232691574,-2.4932118120056552,0.47026605331903626,0.0,1.0
2021-12-03,4589.490234375,4608.02978515625,4495.1201171875,4538.43017578125,5240070000,-0.7966633385295503,1.3354740395033073,-1.1782969467381597,-0.6761989398862185,-1.174907835572982,-1.098107779814648,-0.28626982079471847,0.6109649458501549,-2.569518802243591,0.4638288932362567,0.0,1.0
2021-12-06,4548.3701171875,4612.60009765625,4540.509765625,4591.669921875,4770800000,1.0068599359947197,0.9362959075443593,-0.6350860072312455,0.5806330312997947,-0.6582349762643439,-0.33424545442067255,-0.3268930427655288,0.41876505687023063,-2.154651316242253,0.6035142898641179,0.0,1.0
2021-12-07,4631.97021484375,4694.0400390625,4631.97021484375,4686.75,4492400000,1.8091023491068303,0.680474802590179,0.1422479351413408,1.92729216005604,0.18958561995520776,0.7946392827001655,-0.09818534913273542,0.3142817601667798,-1.1740137548918947,0.8826803744646493,0.0,1.0
2021-12-08,4690.85986328125,4705.06005859375,4674.52001953125,4701.2099609375,4234600000,0.2341665060690496,0.4290305689123085,0.24527975966044263,1.4747331574874702,0.3103878976901223,0.8155406853210332,0.11913500603089196,0.2775182584408756,-0.41693264995550033,0.8860714630221413,0.0,1.0
2021-12-09,4691.0,4695.259765625,4665.97998046875,4667.4501953125,3903840000,-0.6833828649622278,0.08300477695033316,-0.08235756153195373,0.496775388006922,0.002515487375110315,0.27944555309195823,0.193595268073739,0.26415042250884685,-0.15537815889682896,0.9103320870944887,0.0,1.0
2021-12-10,4687.64013671875,4713.56982421875,4670.240234375,4712.02001953125,3870110000,0.8118631259842193,0.046083671876032545,0.25273907438537746,0.6759185343263943,0.3686128350870782,0.725840681778678,0.36883010787903814,0.29121168138661885,0.29660347779198093,0.6208335818530796,0.0,1.0
2021-12-13,4710.2998046875,4710.2998046875,4667.60009765625,4668.97021484375,4397230000,-0.8581174636404498,0.5893722921782962,-0.15731229585975068,-0.4119999094754559,-0.005735152112166416,0.09870525164785743,0.38214435606438774,0.3157293330215402,0.26816693301832933,0.6054034243359007,0.0,1.0
2021-12-14,4642.990234375,4660.47021484375,4606.52001953125,4634.08984375,4485430000,-0.7092654345631475,0.6738684940107534,-0.46558746927803657,-0.8654823097122131,-0.29261717115236,-0.3378706538004479,0.29071840092316176,0.3156451159244826,-0.006872440170593865,0.3854334327320002,0.0,1.0
2021-12-15,4636.4599609375,4712.60009765625,4611.22021484375,4709.85009765625,4910130000,1.419554057543524,1.0587730129340192,0.11725825362276118,0.5108100667822252,0.3734481078724699,0.5608309349737854,0.4199132939554391,0.34341365294873444,0.3045105738015291,0.3584377751685807,0.0,1.0
2021-12-16,4719.1298828125,4731.990234375,4651.89013671875,4668.669921875,4829500000,-0.8230155024168433,0.9883261772107418,-0.24294405433449676,-0.2591093063973723,0.018140594955845676,-0.01833797363701589,0.40167139757905235,0.3616981430117611,0.1984825984502492,0.37392278411159535,0.0,1.0
2021-12-17,4652.5,4666.7001953125,4600.22021484375,4620.64013671875,7987090000,-0.9610331502225691,3.12878799518747,-0.628615764261413,-0.8150004506203214,-0.36979665728064515,-0.5871968312239833,0.24945009030359022,0.343528628173543,-0.20905907114786174,0.40373620030741836,0.0,1.0
2021-12-20,4587.89990234375,4587.89990234375,4531.10009765625,4568.02001953125,4635700000,-1.0593786087632222,0.8140724622631376,-1.0093619191579446,-1.4259582728674254,-0.7790195644535267,-1.1240853659439025,-0.01852078195625542,0.27125688528522607,-0.8139010468991213,0.4211467916708728,0.0,1.0
2021-12-21,4594.9599609375,4651.14013671875,4583.16015625,4649.22998046875,4072430000,1.5473119509318314,0.26288939070437994,-0.37030580716048295,0.03906646313664262,-0.044014969855246104,-0.038855455080423054,-0.009262885577525033,0.21543416716367997,-0.630007314650198,0.3374796065884324,0.0,1.0
2021-12-22,4650.35986328125,4697.669921875,4645.52978515625,4696.56005859375,3319610000,0.8682693899209919,-0.6067365169754044,-0.04658871098402537,0.975811834287164,0.3731393485882644,0.4886814805843369,0.12472455456338777,0.19964448995299255,-0.18245340730588483,0.4094462519441473,0.0,1.0
2021-12-23,4703.9599609375,4740.740234375,4703.9599609375,4725.7900390625,2913040000,0.5146601584555365,-1.1626114724781205,0.14329771464567095,1.3060683276741332,0.6213790461583667,0.7254175538712695,0.30556121667478786,0.2259752261897043,0.2884365173270489,0.3881846331525731,0.0,1.0
2021-12-27,4733.990234375,4791.490234375,4733.990234375,4791.18994140625,2770290000,1.1952665907476974,-1.3763889582088653,0.53479116527047,1.8766520900108223,1.1113996084060886,1.3346659698302972,0.6196526236244551,0.3147129263282902,0.9861222265383941,0.44965423722645703,0.0,1.0
2021-12-28,4795.490234375,4807.02001953125,4780.0400390625,4786.35009765625,2707920000,-0.13186064835871597,-1.47327321253417,0.49066074180558406,0.9668927038468714,1.008937298412789,1.0488667759181851,0.8430713577795345,0.43384015894339595,1.3258654409626613,0.36660477565380895,0.0,1.0
2021-12-29,4788.64013671875,4804.06005859375,4778.080078125,4793.06005859375,2963310000,0.08371466437186226,-1.0898151914887728,0.5321866609186247,0.5575675639266134,0.965615325369245,0.9390989286715764,1.0243924857041258,0.5682088044663357,1.4962585398915746,0.2873181227774648,0.0,1.0
2021-12-30,4794.22998046875,4808.93017578125,4775.330078125,4778.72998046875,3124950000,-0.30878610678170415,-0.863842951372785,0.3865078966085593,-0.004834964483594245,0.7197110726292713,0.609546049194492,1.1133032038948651,0.6948601345316319,1.4099819391465085,0.15879075972275147,0.0,1.0
2021-12-31,4775.2099609375,4786.830078125,4765.75,4766.18017578125,2677820000,-0.2762917797615101,-1.5208311488972979,0.25604977722867084,-0.37996148353294323,0.5249334576542577,0.3520744832455595,1.133652949250426,0.800565688413372,1.1758162659920792,0.08160482035785398,0.0,1.0
2022-01-03,4778.14013671875,4796.64013671875,4758.169921875,4796.56005859375,3831020000,0.528097819752826,0.0028907768859928328,0.47971621979981854,0.15276644332644088,0.6758842900103882,0.6176956124343128,1.2170944573502287,0.9031081669796356,1.140454307858098,-0.06697165863254738,0.0,1.0
2022-01-04,4804.509765625,4818.6201171875,4774.27001953125,4793.5400390625,4683170000,-0.09785078226562711,0.8574192683276474,0.4451162916257442,0.07169508043276787,0.5596284609572917,0.4663772946186887,1.257957527832819,0.9939463738562273,1.0096050791173659,-0.30069446372179554,0.0,1.0
2022-01-05,4787.990234375,4797.7001953125,4699.43994140625,4700.580078125,4887960000,-1.7747931736649054,1.0395189504094462,-0.49538494083806567,-1.2860348810427784,-0.2577721923281311,-0.6718959520439319,1.0197918074154577,1.0153025292427404,0.232822628243178,-0.010043972677817497,0.0,1.0
2022-01-06,4693.39013671875,4725.009765625,4671.259765625,4696.0498046875,4295280000,-0.12771494641248612,0.489565680130888,-0.5357498674566494,-1.0705015947567005,-0.2950634042567181,-0.6414775561935653,0.8068144492041799,0.9865000458878251,-0.3279315449355373,-0.09533372730415839,0.0,1.0
2022-01-07,4697.66015625,4707.9501953125,4662.740234375,4677.02978515625,4181510000,-0.40356409406632326,0.3753515647046966,-0.7094597825492857,-1.0961253114098979,-0.4652094033195569,-0.7795559673361241,0.5764951512269296,0.9138342137023769,-0.8183068127555392,-0.127530826973059,0.0,1.0
2022-01-10,4655.33984375,4673.02001953125,4582.240234375,4670.2900390625,4511810000,-0.1703699314081035,0.6988181233618206,-0.7721881380231972,-0.7596240044729837,-0.5059681582511885,-0.7580648600811606,0.36869338677514113,0.8109292568578707,-1.15636852597809,-0.40187669321496816,0.0,1.0
2022-01-11,4669.14013671875,4714.1298828125,4638.27001953125,4713.06982421875,4101590000,0.7770885930843923,0.29324584431712836,-0.33452061462268257,0.32926075899497437,-0.15173762712573902,-0.17883538257501475,0.31590714708375583,0.7172321401697691,-1.0534284358316257,-0.2538921078540703,0.0,1.0
2022-01-12,4728.58984375,4748.830078125,4706.7099609375,4726.35009765625,4048220000,0.2102561181843336,0.23752043143694104,-0.2056425870737482,0.479277405522948,-0.07618908954456484,-0.02238156151400659,0.3047486285643928,0.6398702687764848,-0.8708067140542947,-0.24271146151587616,0.0,1.0
2022-01-13,4733.56005859375,4744.1298828125,4650.2900390625,4659.02978515625,4251730000,-1.314592095267952,0.44620709782976264,-0.8689337424591971,-0.6309497588870534,-0.6411807805826627,-0.8026974172905268,0.10658959919997506,0.5352860728490753,-1.1751417691746802,-0.08696437035993711,0.0,1.0
2022-01-14,4637.990234375,4665.1298828125,4614.75,4662.85009765625,4338490000,0.031706422156823635,0.5321534388742757,-0.8277384992749317,-0.5077784950896035,-0.6053471683146026,-0.6579433136391357,-0.04187035724481452,0.4196320176130175,-1.298898512969614,-0.07743199865338903,0.0,1.0
2022-01-18,4632.240234375,4632.240234375,4568.7001953125,4577.10986328125,4748700000,-1.6849887819441292,0.9165409416811761,-1.527740052640947,-1.7596330275536822,-1.334819205402798,-1.5565921305469343,-0.3938700361822696,0.2512680695075557,-1.8881747201388557,0.04241929856387774,0.0,1.0
2022-01-19,4588.02978515625,4611.5498046875,4530.2001953125,4532.759765625,4465740000,-0.9075749081591603,0.6551502984997333,-1.8232237285968673,-1.9283753729461672,-1.7070580971159937,-1.852064759630284,-0.7884845246315746,0.03155455909937054,-2.462242957927168,0.043632295289822126,0.0,1.0
2022-01-20,4547.35009765625,4602.10986328125,4477.9501953125,4482.72998046875,4640870000,-1.0280368818154932,0.8188148879014364,-2.1198533160405613,-1.9728840769378722,-2.0745344183389163,-2.173047895528892,-1.2274742279811668,-0.23879954036732393,-3.028385149169151,-0.11461565988349942,0.0,1.0
2022-01-21,4471.3798828125,4494.52001953125,4395.33984375,4397.93994140625,5589100000,-1.7320779784871605,1.6098306344699347,-2.537139426063404,-2.6199385392374115,-2.6935450783856663,-2.857613749272408,-1.79099524813392,-0.5764972228435524,-3.7812603498713733,0.03216026548170859,0.0,1.0
2022-01-24,4356.31982421875,4417.35009765625,4222.6201171875,4410.1298828125,6928110000,0.20614351447541027,2.5236040414314522,-2.3910318206196046,-1.4310547798881967,-2.4558412929833606,-2.31127254433309,-2.181264395651777,-0.9307414877495215,-3.9662447390441784,0.0979273575258973,0.0,1.0
2022-01-25,4366.64013671875,4411.009765625,4287.10986328125,4356.4501953125,5145050000,-1.1294345219003907,1.2576142914060808,-2.635713098900163,-1.6317315046207623,-2.7490787235141614,-2.6215442635901947,-2.610928250596535,-1.3067108739031967,-4.209123188462755,0.10625832311682128,0.0,1.0
2022-01-26,4408.43017578125,4453.22998046875,4304.7998046875,4349.93017578125,5570640000,-0.1753395538720564,1.5957547600308566,-2.6642841608062398,-1.0508243739250613,-2.6253069396516167,-2.3299351884662074,-2.9379886924055896,-1.6779537599696408,-4.156282746318634,-0.11357891859712414,0.0,1.0
2022-01-27,4380.580078125,4428.740234375,4309.5,4326.509765625,5214200000,-0.5227779904469859,1.314416822597912,-2.768435258664961,-0.9020802079292958,-2.63861321691052,-2.2831520359254993,-3.2270103225340105,-2.037219727542013,-4.022385431800308,-0.23480551879071973,0.0,1.0
2022-01-28,4336.18994140625,4432.72021484375,4292.4599609375,4431.85009765625,5031090000,2.1344754834068964,1.1623160489064213,-1.5425876230867996,1.0581390621084952,-1.5481099633126132,-0.6993697746686086,-3.1318943892229307,-2.3041391325213563,-2.989986593791578,0.5258262664757283,0.0,1.0
2022-01-31,4431.7900390625,4516.89013671875,4414.02001953125,4515.5498046875,5098610000,1.646340226271329,1.219036496576177,-0.7996221241679701,2.291290884421483,-0.6868281700707696,0.3847301447131137,-2.7958989187313654,-2.445282167194059,-1.5838554405857461,0.8343703280494194,0.0,1.0
2022-02-01,4519.56982421875,4550.490234375,4483.52978515625,4546.5400390625,4816830000,0.5717974822975828,0.9771495152086173,-0.5562735720150201,2.1332045761510496,-0.29622497984001644,0.6715597416312725,-2.4187114048961846,-2.476929002177112,-0.359730295569259,0.7178847977032322,0.0,1.0
2022-02-02,4566.39013671875,4595.31005859375,4544.31982421875,4589.3798828125,4481580000,0.8005521012967902,0.6702149825843194,-0.236660705318707,2.011659430397622,0.18273280606007897,1.0520189141627838,-1.9812436764887476,-2.4079910987854514,0.7647681600701152,0.706139430285863,0.0,1.0
2022-02-03,4535.41015625,4542.8798828125,4470.39013671875,4477.43994140625,4401970000,-2.2215149773519705,0.5939561650288451,-1.0143103329047716,-0.7412795447040553,-0.7291702772709772,-0.45711374139881267,-1.9235105417694918,-2.3404017829752024,0.7496914727207618,0.9861105741429882,0.0,1.0
2022-02-04,4482.7900390625,4539.66015625,4451.5,4500.52978515625,4706290000,0.4193183165203237,0.8783722319587133,-0.8372487705172004,-0.5595314897776834,-0.432096132820588,-0.13431668383439327,-1.7958154718552364,-2.2588175666272976,0.9061490456658171,0.7672780929431495,0.0,1.0
2022-02-07,4505.75,4521.85986328125,4471.47021484375,4483.8701171875,4228480000,-0.37241677876582197,0.4228770942103291,-0.9471485779329551,-0.758843719918573,-0.49635516766820253,-0.33248965537762737,-1.7231315278040038,-2.1778899477870426,0.8988085395884595,0.786646895636609,0.0,1.0
2022-02-08,4480.02001953125,4531.31982421875,4465.39990234375,4521.5400390625,4459620000,0.7092733766843,0.649315536902957,-0.6452017802244888,0.06227713389956725,-0.08595124598162616,0.14398687188508572,-1.5462566054827138,-2.0750389582563673,1.1439033410676565,0.6710705666664825,0.0,1.0
2022-02-09,4547.0,4590.02978515625,4547.0,4587.18017578125,4524350000,1.2558867425751246,0.7106270730123767,-0.1681495456009743,1.3352071978105868,0.5704353640511791,0.8755333801860311,-1.2135108359272468,-1.921065847296369,1.7154288778953541,0.7083646174506739,0.0,1.0
2022-02-10,4553.240234375,4588.919921875,4484.31005859375,4504.080078125,5314860000,-1.6606593039359563,1.3957706378859869,-0.7560202379975636,-0.36785690174068153,-0.08612810172312975,-0.2624040412439152,-1.1679476287920825,-1.7880704583759035,1.4809060624319619,0.950227321987448,0.0,1.0
2022-02-11,4506.27001953125,4526.330078125,4401.41015625,4418.64013671875,5251500000,-1.736960718603843,1.3447445422617479,-1.2581716743420737,-1.7025549700084939,-0.759212509751053,-1.2568383849417828,-1.354283377227963,-1.7218214404668004,0.7347074607892489,0.9161407198341607,0.0,1.0
2022-02-14,4412.60986328125,4426.22021484375,4364.83984375,4401.669921875,4600390000,-0.384829449157209,0.7815405909972291,-1.3503161099170164,-1.718804006717807,-0.7969258306064116,-1.2897809557950584,-1.5335133256870472,-1.7074385268563457,0.15486448335279013,0.6816793909139496,0.0,1.0
2022-02-15,4429.27978515625,4472.77001953125,4429.27978515625,4471.06982421875,4430830000,1.3675611349485082,0.621759496871584,-0.820703290437643,-0.1783484595482309,-0.10981974309241245,-0.2869192935108672,-1.469662043967664,-1.6821750068529413,0.27650545277810495,0.823045149270145,0.0,1.0
2022-02-16,4455.75,4489.5498046875,4429.68017578125,4475.009765625,4283640000,0.037178586721843564,0.47802004053311176,-0.7917161289356006,0.33601274612029325,-0.046877211904833696,-0.21713900128491959,-1.3945541397801242,-1.6457816865352157,0.40093231382341016,0.7514491335461948,0.0,1.0
2022-02-17,4456.06005859375,4456.06005859375,4373.81005859375,4380.259765625,4539420000,-1.9339134469230994,0.7247753040749332,-1.3522451325741827,-1.035665925254167,-0.873511999381722,-1.3372104174418502,-1.5805420060755586,-1.656739369955815,-0.1284335863826427,0.6713341401513537,0.0,1.0
2022-02-18,4384.56982421875,4394.60009765625,4327.22021484375,4348.8701171875,4708060000,-0.6820495097942032,0.8799720857659857,-1.517229715780238,-1.3820881689670599,-1.140974710182221,-1.5333400309692247,-1.7962327618717886,-1.7119775441591134,-0.6234723398225641,0.6449567328855389,0.0,1.0
2022-02-22,4332.740234375,4362.1201171875,4267.10986328125,4304.759765625,5121900000,-0.9480975256324402,1.238427265930159,-1.739911351307409,-1.8770099507593716,-1.501054848862616,-1.8562742423817082,-2.067417546782709,-1.8145966736875252,-1.1531730871797017,0.6711028933663494,0.0,1.0
2022-02-23,4324.93017578125,4341.509765625,4221.509765625,4225.5,4797430000,-1.6871495982692934,0.9599789803102763,-2.0976865667700717,-2.500447342071707,-2.1759221499475094,-2.564252520486711,-2.4748182472045523,-1.9844692048048422,-1.905040094493316,0.660480715224401,0.0,1.0
2022-02-24,4155.77001953125,4294.72998046875,4114.64990234375,4288.7001953125,6752130000,1.2951799969961977,2.4141350991664847,-1.564829586778901,-0.4943871983077677,-1.563686695969988,-1.4285834762522678,-2.5959084105377257,-2.1464569217469593,-1.8168909228964765,0.672137414856933,0.0,1.0
2022-02-25,4298.3798828125,4385.33984375,4286.830078125,4384.64990234375,5177060000,1.9579639633172117,1.2840028671712678,-0.8696295663565465,1.4235979501972356,-0.7017022866264168,-0.06097935441698935,-2.402016016002561,-2.2342716717263666,-0.9876658521005909,0.985262642442571,0.0,1.0
2022-02-28,4354.169921875,4388.83984375,4315.1201171875,4373.93994140625,6071370000,-0.2598847584414278,1.9619738920543968,-0.9300158543322983,1.1050266963082498,-0.7744199494977235,-0.2033164196438774,-2.254339071749776,-2.272705478471393,-0.43560601377588454,0.8204661787822434,0.0,1.0
2022-03-01,4363.14013671875,4378.4501953125,4279.5400390625,4306.259765625,5846230000,-1.4245125266310712,1.8012009729547496,-1.2977245155934227,-0.2647436827895612,-1.3069664517093869,-1.0201247713653725,-2.2998720678547833,-2.3132629148497585,-0.459347371377712,0.9273914884351655,0.0,1.0
2022-03-02,4322.56005859375,4401.47998046875,4322.56005859375,4386.5400390625,5337870000,1.6245990328698505,1.4141509864151152,-0.7439104717011757,0.6980838777666123,-0.48809548520953,0.09603194345205085,-2.0928757909666227,-2.3011101205822726,0.12993261200151823,0.9872539078553951,0.0,1.0
2022-03-03,4401.31005859375,4416.77978515625,4345.56005859375,4363.490234375,5039890000,-0.5112109587147762,1.1697515187577607,-0.8756735141634714,-0.062073546877290726,-0.598523623082184,-0.22136461078031877,-1.972097446766287,-2.2653653766543935,0.39368148073947884,0.9878087412674619,0.0,1.0
2022-03-04,4342.1201171875,4342.1201171875,4284.97998046875,4328.8701171875,5797380000,-0.7506783610927531,1.7655002645690652,-1.0721206158022725,-0.5308994529285835,-0.8531955256557422,-0.6319494860898979,-1.9517893864865847,-2.23239407301321,0.36267549146524314,0.7983148324621209,0.0,1.0
2022-03-07,4327.009765625,4327.009765625,4199.85009765625,4201.08984375,6940470000,-2.679743898164035,2.5311877905512734,-1.6953847907606625,-2.411978084047708,-1.9126390723207638,-2.1297066079021705,-2.2644120276142887,-2.273373685751104,-0.4640671397239636,1.184920389944346,0.0,1.0
2022-03-08,4202.66015625,4276.93994140625,4157.8701171875,4170.7001953125,7243120000,-0.6880905093268431,2.7127886098406284,-1.8239666224628182,-2.493199876775504,-2.0574401947320085,-2.209306889102505,-2.5687983647419133,-2.371739464368441,-1.105622269748746,1.1689657051618354,0.0,1.0
2022-03-09,4223.10009765625,4299.39990234375,4223.10009765625,4277.8798828125,5662670000,2.2551845214100883,1.6654701662926028,-1.064006390184253,0.12067893647875286,-0.9370833129806934,-0.5652994542766154,-2.48820664957971,-2.4330680589024007,-0.6915608825447195,1.3585991656795033,0.0,1.0
2022-03-10,4252.5498046875,4268.27978515625,4209.7998046875,4259.52001953125,4980830000,-0.42515665227437205,1.119598519254222,-1.1553474841228355,0.17145592326751033,-0.9587158730267299,-0.7279770547355331,-2.4491718008397503,-2.4737206132058294,-0.4604107529758055,1.269258443513051,0.0,1.0
2022-03-11,4279.5,4291.009765625,4200.490234375,4204.31005859375,4938640000,-1.200007954105616,1.083405814188644,-1.4236811712983697,-0.45102007283358314,-1.3435287098990887,-1.3262674312830685,-2.5436052911305134,-2.526588988777548,-0.5969789080709156,1.0195151444121708,0.0,1.0
2022-03-14,4202.75,4247.56982421875,4161.72021484375,4173.10986328125,5574920000,-0.7048257555583092,1.5990224381051372,-1.56912037473806,-0.979479819751456,-1.5271507619983085,-1.53751916083567,-2.6760738228017407,-2.597424927451596,-0.7978493113412753,1.022708856403722,0.0,1.0
2022-03-15,4188.81982421875,4271.0498046875,4187.89990234375,4262.4501953125,5392470000,1.8717978758582987,1.457450226619056,-0.9408945880638482,0.4819253319631749,-0.6105187093712985,-0.20550411935902282,-2.5082017272389954,-2.617924503652189,-0.23510825560539012,1.235703993800483,0.0,1.0
2022-03-16,4288.14013671875,4358.89990234375,4251.990234375,4357.85986328125,6309750000,1.9589545615410828,2.125829354121497,-0.37396568447630135,2.1041168276095443,0.3544974212089096,0.993987549066652,-2.0903862194490572,-2.5443029966567194,0.8171290361275768,1.3117911199344523,0.0,1.0
2022-03-17,4345.10986328125,4412.669921875,4335.64990234375,4411.669921875,4985090000,1.061998971536261,1.123235906978605,-0.08921163692752106,2.563452404077789,0.899627062964932,1.4827575979744856,-1.5949208597934283,-2.378654439024994,1.8459558540887628,1.3641840841376787,0.0,1.0
2022-03-18,4407.33984375,4465.39990234375,4390.56982421875,4463.1201171875,8278430000,1.000730846685371,3.2812199369631325,0.16754002677547603,2.525713364351972,1.3504653791964498,1.8599605864518214,-1.050698763544948,-2.128879273280202,2.7864587815697126,1.357569667662604,0.0,1.0
2022-03-21,4462.39990234375,4481.75,4424.2998046875,4461.18017578125,4869820000,-0.08042622348310363,1.0236997645486068,0.15449742686975018,1.3123273250907117,1.2764206960697364,1.5206754558733415,-0.6200368382304776,-1.8362701254655849,3.2653261272992857,0.7624721210230849,0.0,1.0
2022-03-22,4469.10009765625,4522.0,4469.10009765625,4511.60986328125,4754840000,0.9687186452502596,0.92203863351585,0.40991720556756417,1.3084946519912053,1.6544590497338958,1.8726604433998717,-0.14047867103440648,-1.4988587670360747,3.7661975065933664,0.6495221501311358,0.0,1.0
2022-03-23,4493.10009765625,4501.06982421875,4455.81005859375,4456.240234375,4550670000,-1.1384427856061996,0.7353066027265304,0.01874466161654358,-0.16050878917592937,1.014606748384846,0.8847012986663296,0.08348199353782447,-1.1806758452263015,3.5512310252698986,0.6188278558058807,0.0,1.0
2022-03-24,4469.97998046875,4520.580078125,4465.169921875,4520.16015625,4131390000,1.2403986238057951,0.3240463940652751,0.3490534441876087,0.6589913332999916,1.5069710046087157,1.4972188330401466,0.42985594755359596,-0.8515009042234063,3.6741175466920315,0.6169769050780496,0.0,1.0
2022-03-25,4522.91015625,4546.02978515625,4501.06982421875,4543.06005859375,4305020000,0.4112067666248587,0.49920270344408607,0.4622286847740252,0.7900016416820005,1.6454642187728645,1.514991611001412,0.7563572794905263,-0.5178140382689074,3.7245591218456893,0.35006476947868054,0.0,1.0
2022-03-28,4541.08984375,4575.64990234375,4517.68994140625,4575.52001953125,4312260000,0.5969967237117824,0.5063520414743683,0.622007961160272,0.9701186034203086,1.8522630099636381,1.6426370775810346,1.089631740170993,-0.17905831610267264,3.781226972993454,0.15345633412876122,0.0,1.0
2022-03-29,4602.85986328125,4637.2998046875,4589.66015625,4631.60009765625,5085910000,1.0538417650453924,1.208425388240662,0.8836823601207852,1.578376255621226,2.21868490831847,2.027389228032225,1.4888104871559533,0.17795201382667214,3.985306424504759,0.027773677621708417,0.0,1.0
2022-03-30,4624.2001953125,4627.77001953125,4581.31982421875,4602.4501953125,4385570000,-0.6040738867391758,0.5780752908400775,0.6404439675423919,0.4578697363675878,1.8385961454663553,1.3406277230490706,1.7027114628280366,0.5096466850429915,3.702287155515466,-0.029883650820466633,0.0,1.0
2022-03-31,4599.02001953125,4603.06982421875,4530.41015625,4530.41015625,4823020000,-1.4405138385938965,0.9826136046591061,0.08220469383704397,-0.9500931633339551,1.0831264910752842,0.2580845367522853,1.6520824705146284,0.7640940642947318,2.838692320751447,0.2443386217776747,0.0,1.0
2022-04-01,4540.31982421875,4548.7001953125,4507.56982421875,4545.85986328125,4562940000,0.2632075518123679,0.746763097284664,0.17028730608526685,-0.6671122655404355,1.1229689299789964,0.379431655490525,1.6333015770191428,0.963605497576662,2.224529701249427,0.17560230756942022,0.0,1.0
2022-04-04,4547.97021484375,4583.5,4539.2099609375,4582.64013671875,4547350000,0.6815433420395158,0.7322014098326697,0.3789247931710299,0.004557382063131255,1.2818423396943552,0.7327919355495887,1.6978406089303357,1.137120013732704,1.9338942268045716,0.19645249207063484,0.0,1.0
2022-04-05,4572.4501953125,4593.4501953125,4514.169921875,4525.1201171875,4800620000,-1.163380186544528,0.9628071473650387,-0.06990565507144561,-0.686263565095947,0.5800632428757942,-0.08004035936395065,1.5698316976958753,1.2483512437295574,1.2375911869016554,0.277474060842577,0.0,1.0
2022-04-06,4494.169921875,4503.93994140625,4450.0400390625,4481.14990234375,4986830000,-0.910021507205241,1.1247207065545053,-0.3862208822873653,-1.0676458519767171,0.07874538975909764,-0.6084491953466558,1.3293658615012005,1.28552624216128,0.4096711726821175,0.23207552623229932,0.0,1.0
2022-04-07,4474.64990234375,4521.16015625,4450.2998046875,4500.2099609375,4821490000,0.3385646703722496,0.9812636827853756,-0.25763637899395975,-0.5868405116013652,0.14276111445442546,-0.3109578292475984,1.1753730088424676,1.2820874426218987,-0.04437537388261849,0.07938071684166058,0.0,1.0
2022-04-08,4494.14990234375,4520.41015625,4474.60009765625,4488.27978515625,4083200000,-0.2785124247642833,0.2741265311497856,-0.34870793670130695,-0.5961283598888326,-0.09794837765204974,-0.42563422837560055,1.0063956394702653,1.242929089558034,-0.44370616127080464,0.052522265259914075,0.0,1.0
2022-04-11,4462.64013671875,4464.35009765625,4408.3798828125,4412.52978515625,4266290000,-1.5499749750358434,0.46075232506022296,-0.8876134599431554,-1.4097774152856073,-0.9008513877303971,-1.2813943827070313,0.6536114643906085,1.1355926782076222,-1.2059104726853798,0.15455442595036822,0.0,1.0
2022-04-12,4437.58984375,4471.0,4381.33984375,4397.4501953125,4152090000,-0.3470107968482072,0.3453109241219548,-0.9870737020583101,-1.2134260828428098,-1.099206274862838,-1.2883052697963193,0.32624563714807486,0.9791903746333169,-1.7544481626159474,-0.09146227708130505,0.0,1.0
2022-04-13,4394.2998046875,4453.919921875,4392.7001953125,4446.58984375,3828150000,0.9571414538221447,-0.0002978050090292457,-0.5928671761386828,-0.11966263049410768,-0.6902243119662668,-0.5265286250311949,0.19760652792109729,0.8263523684397754,-1.714600697037455,0.12059460931408168,0.0,1.0
2022-04-14,4449.1201171875,4460.4599609375,4390.77001953125,4392.58984375,4083090000,-1.1269527393761947,0.2740119098696376,-0.9658172002369516,-0.7577253353366015,-1.1746537570154587,-1.11336087499352,-0.05505943833046667,0.6496433776483475,-1.9814690684092173,0.056134956486737116,0.0,1.0
2022-04-18,4385.6298828125,4410.31005859375,4370.2998046875,4391.68994140625,3910490000,-0.05988871417006585,0.09024625753111852,-0.9719264755443003,-0.3974104420655248,-1.151045150535208,-0.9760967838935632,-0.25725086288761034,0.4647126794727987,-2.0733845757272413,0.025127520252409122,0.0,1.0
2022-04-19,4390.6298828125,4471.02978515625,4390.6298828125,4462.2099609375,4108120000,1.3935586200103312,0.3000141945632927,-0.40284007909005637,0.7957250214925985,-0.5071424824641827,-0.001987472999300047,-0.2228798592839251,0.324173585379068,-1.5771036185963931,0.22673240066684303,0.0,1.0
2022-04-20,4472.259765625,4488.2900390625,4448.759765625,4459.4501953125,4290450000,-0.09685453702397545,0.48477863725275255,-0.4246926087135626,0.49575852500421075,-0.508729708420675,-0.05600779099199931,-0.20334284484855936,0.2159516915776116,-1.215809823867125,0.1384087562547377,0.0,1.0
2022-04-21,4489.169921875,4512.93994140625,4384.47021484375,4393.66015625,4636890000,-1.3601134016223564,0.8151645141518807,-0.9215356808259099,-0.5889533152863675,-1.0822532998297554,-0.8581726563174921,-0.3674904552548636,0.09400746723425846,-1.3692201697254693,0.22459268970347943,0.0,1.0
2022-04-22,4385.830078125,4385.830078125,4267.6201171875,4271.77978515625,4651940000,-2.5208270675503828,0.828951623913816,-1.6447798057928766,-2.5248482005154225,-2.0890323943406233,-2.222787746574185,-0.8265993879389179,-0.10246602697924904,-2.2024285691618157,0.5968971843349886,0.0,1.0
2022-04-25,4255.33984375,4299.02001953125,4200.81982421875,4296.1201171875,5240040000,0.46767045676112656,1.3354496808776282,-1.4350031646510888,-1.672196188157071,-1.7568424831699256,-1.614405391356498,-1.112928758100425,-0.3213364155088897,-2.452817181555338,0.662490878063126,0.0,1.0
2022-04-26,4278.14013671875,4278.14013671875,4175.0400390625,4175.2001953125,4689970000,-2.5571357561718115,0.8635926233423953,-2.0175149552305522,-2.9722237031289804,-2.6964692996258273,-2.8750671322755474,-1.6566506373971295,-0.6135812708574232,-3.2731153297080997,0.8965625804575262,0.0,1.0
2022-04-27,4186.52001953125,4240.7099609375,4162.89990234375,4183.9599609375,4769680000,0.1459327460139817,0.9352969542876797,-1.9406803348100303,-1.7074750447585894,-2.420040631061722,-2.361086436351464,-2.042290344320397,-0.9304658298746574,-3.5485776828500435,0.9239374227126215,0.0,1.0
2022-04-28,4222.580078125,4308.4501953125,4188.6298828125,4287.5,4854180000,2.1701584628691353,1.0100133547062464,-1.1105203266514123,0.8414865932358422,-1.3162288645811644,-0.7465306646656057,-2.041281569086017,-1.1837561296632992,-2.8376184712877914,1.2346046893001235,0.0,1.0
2022-04-29,4253.75,4269.68017578125,4124.27978515625,4131.93017578125,5084030000,-3.2844816790194438,1.2068523588708338,-1.8181110171516663,-1.784902191163678,-2.5915406055034214,-2.5870788631377994,-2.443767740490542,-1.4731067285795532,-3.2407586626737994,1.658707715096989,0.0,1.0
2022-05-02,4130.60986328125,4169.81005859375,4062.510009765625,4155.3798828125,5163790000,0.46564218061758483,1.2730831273542074,-1.6491266403698994,-0.7247706866659636,-2.198217531085018,-1.9285100616770317,-2.669733397070945,-1.7532730318240124,-3.1380817907551783,1.699621437054722,0.0,1.0
2022-05-03,4159.77978515625,4200.10009765625,4147.080078125,4175.47998046875,4582050000,0.39073609965585276,0.7645448862665342,-1.5016506450862481,-0.3084662995758697,-1.825449564609226,-1.4069672260912545,-2.7639564630867537,-1.9977070692198915,-2.7386088845023835,1.5441066239302947,0.0,1.0
2022-05-04,4181.18017578125,4307.66015625,4148.91015625,4300.169921875,5136360000,2.6273546434159805,1.2504220448075416,-0.6851115744727407,1.7881726821229709,-0.5419531583244308,0.34856618714146376,-2.468744553324374,-2.1296489029369994,-1.4809895741354224,2.0239168908566474,0.0,1.0
2022-05-05,4270.43017578125,4270.43017578125,4106.009765625,4146.8701171875,5077030000,-3.2277469989320693,1.2009902151635106,-1.385512536064039,-0.8020790535970419,-1.842367027161594,-1.6493373373514628,-2.629669549007143,-2.2698747451446644,-1.5736015837171564,2.3346786350865947,0.0,1.0
2022-05-06,4128.169921875,4157.68994140625,4067.909912109375,4123.33984375,5116940000,-0.5487087039559331,1.2343050729263028,-1.4796557151422467,-1.256110991981895,-1.8944851779014307,-1.7194600227307302,-2.7923412098821117,-2.4171041249359932,-1.6518984240141767,2.143084879031872,0.0,1.0
2022-05-09,4081.27001953125,4081.27001953125,3975.47998046875,3991.239990234375,5954520000,-2.904872639623947,1.8792896926847718,-1.957222155917497,-3.346854698647414,-2.934894104360341,-3.168635282172963,-3.2505215969659673,-2.633605682098308,-2.42633456344378,2.355218710049993,0.0,1.0
2022-05-10,4035.179931640625,4068.820068359375,3958.169921875,4001.050048828125,5885820000,0.17809414632370366,1.8299160914589643,-1.8923476899230602,-2.429567548798444,-2.6549670145543556,-2.5948606510149888,-3.5481144230025627,-2.8709253084905484,-2.659072522270445,2.1990348712444985,0.0,1.0
2022-05-11,3990.080078125,4049.090087890625,3928.820068359375,3935.179931640625,5816140000,-1.5129666268048323,1.7792459597034,-2.115294495422549,-2.318727800219591,-3.083572660697599,-3.085775582186969,-3.9228268462102394,-3.1415153273973417,-3.031022637224826,2.2287729006055494,0.0,1.0
2022-05-12,3903.949951171875,3964.800048828125,3858.8701171875,3930.080078125,6286450000,-0.1574046903758081,2.1100890095027602,-2.132417955505718,-1.5106071293016936,-2.89908368104417,-2.7172279313401377,-4.188011951328108,-3.4151232612288687,-3.0647617583574074,1.8628427584789167,0.0,1.0
2022-05-13,3963.89990234375,4038.8798828125,3963.89990234375,4023.889892578125,5183340000,2.091758899153361,1.2891608577145777,-1.4764609965063393,0.9686713079168613,-1.8101298858727524,-1.1018257373016616,-4.09470482937175,-3.613905959816442,-2.2282445805602697,1.8268140507801214,0.0,1.0
2022-05-16,4013.02001953125,4046.4599609375,3983.989990234375,4008.010009765625,4415030000,-0.394285627229589,0.6065605024725341,-1.5428602162606013,0.547527344513953,-1.7851441116405131,-1.1638913515273177,-4.020638906323991,-3.7569741162328274,-1.605377556790139,1.797725998991509,0.0,1.0
2022-05-17,4052.0,4090.719970703125,4033.929931640625,4088.85009765625,4841410000,1.7610682903884003,0.9988057120843052,-1.0171610766380565,1.9214201342022017,-0.8074852787443432,0.052301060022570484,-3.6988036676859513,-3.802087069472577,-0.5102762872156301,1.9787588004346464,0.0,1.0
2022-05-18,4051.97998046875,4051.97998046875,3911.909912109375,3923.679931640625,5103220000,-3.6518774687988915,1.2228817081468766,-1.6959447469987288,-1.6226035922654598,-2.1902848488166455,-2.1500598112559035,-3.8572144177870427,-3.872308096137398,-0.7909748330068624,1.9725057051346202,0.0,1.0
2022-05-19,3899.0,3945.9599609375,3876.580078125,3900.7900390625,5113550000,-0.562968997647684,1.231485387583766,-1.7775987757882419,-1.9961552416800492,-2.1848871163753327,-2.153451085722249,-4.002181237658015,-3.959718996138746,-0.9831509656081008,1.6552597937949483,0.0,1.0
2022-05-20,3927.760009765625,3943.419921875,3810.320068359375,3901.360107421875,5130730000,-0.028517431455820596,1.2457558975846312,-1.7737108178924355,-1.4580403263663317,-2.001852847952871,-1.8441992198667938,-4.071003951911602,-4.044476033910453,-0.953481812743255,1.669196907219686,0.0,1.0
2022-05-23,3919.419921875,3981.8798828125,3909.0400390625,3973.75,4420030000,1.6167652110250996,0.6113761857416485,-1.287291786622594,0.2806270765605977,-1.1145305041907376,-0.6193194865923966,-3.8835823708671144,-4.071900420944626,-0.3125249612983274,1.497996661586272,0.0,1.0
2022-05-24,3942.93994140625,3955.679931640625,3875.1298828125,3941.47998046875,4923190000,-0.7673694670555726,1.0700746310356584,-1.4296329001586445,0.22138203996045105,-1.3259263065305957,-0.9772190530563368,-3.7828705554568436,-4.07214089096917,-0.00861928744072234,1.5169231466092756,0.0,1.0
2022-05-25,3929.590087890625,3999.330078125,3925.030029296875,3978.72998046875,4802560000,0.8030768619285582,0.9645261796548097,-1.1794716874220987,0.799796497351041,-0.8460429116421097,-0.3507920560090912,-3.5617085014040972,-4.024682411426561,0.5246365125004706,1.4367764229935183,0.0,1.0
2022-05-26,3984.60009765625,4075.139892578125,3984.60009765625,4057.840087890625,4709970000,1.735473625830986,0.8816978071138869,-0.6859604962704833,1.8375250815569184,0.07528044902787928,0.7368507067183071,-3.1345734411954984,-3.8946864994379498,1.4473730709255275,1.567282154927299,0.0,1.0
2022-05-27,4077.429931640625,4158.490234375,4077.429931640625,4158.240234375,4375620000,2.1697440236447156,0.5684112771497835,-0.14647464848873343,2.873038578169415,1.0846813207057115,1.928100294691894,-2.492887960673814,-3.6524343069934044,2.702354850947261,1.582986609664362,0.0,1.0
2022-05-31,4151.08984375,4168.33984375,4104.8798828125,4132.14990234375,6822640000,-0.6023461420925671,2.458334818164822,-0.29660602161850996,1.6107779349121796,0.8309913961732077,1.2588899403046685,-2.0352720214567275,-3.3600361138067725,3.2629677361833767,1.5998649799451459,0.0,1.0
2022-06-01,4149.77978515625,4166.5400390625,4073.85009765625,4101.22998046875,4531800000,-0.7103460686600339,0.7176272679034114,-0.4750728354105589,0.25952731609400315,0.5543813779812896,0.6342220050996011,-1.740252053976107,-3.0625535183165002,3.3198093866233536,1.4917112536012893,0.0,1.0
2022-06-02,4095.409912109375,4177.509765625,4074.3701171875,4176.81982421875,4405790000,1.6056808394821958,0.597646750653837,-0.06539662521175829,1.014593104301981,1.3907132253452998,1.5028856972560474,-1.2856057669909944,-2.726610834287282,3.7497782950742935,0.6055751335123472,0.0,1.0
2022-06-03,4137.56982421875,4142.669921875,4098.669921875,4108.5400390625,3711110000,-1.5026087237291474,-0.13240846181493737,-0.46535211915249625,-0.6370328567949731,0.7131636767430797,0.3549532048634184,-1.1033101321346075,-2.418579863544726,3.437736140446669,0.8211984281867394,0.0,1.0
2022-06-06,4134.72021484375,4168.77978515625,4109.18017578125,4121.43017578125,4332700000,0.23882429013873108,0.5264714903661186,-0.3923615269766724,-0.21143128882611778,0.8459118234794831,0.44679431678583326,-0.9151779112010193,-2.1316207316124354,3.2021611359032263,0.8080236898191463,0.0,1.0
2022-06-07,4096.47021484375,4164.85986328125,4080.18994140625,4160.68017578125,4248210000,0.8095679788349242,0.4426831927959169,-0.16896588017293893,0.4943838987410733,1.1577152320452015,0.8666510921763919,-0.6527517294197913,-1.8455119359933276,3.192654704943625,0.7127474306480045,0.0,1.0
2022-06-08,4147.1201171875,4160.14013671875,4107.2001953125,4115.77001953125,4159470000,-1.0062802505426223,0.3528665648583429,-0.45133533118655256,-0.5111999012810932,0.6400009758000417,0.12687660727984093,-0.5645551084935543,-1.5976223429209906,2.7653788086788653,0.7577189794412499,0.0,1.0
2022-06-09,4101.64990234375,4119.10009765625,4017.169921875,4017.820068359375,4134170000,-2.1685706972653396,0.32690839583077524,-0.9991028866959268,-1.9159111023576658,-0.3994749165684447,-1.1919983129692822,-0.7584710116038115,-1.4410911571183997,1.7440271648361554,1.1198448511617,0.0,1.0
2022-06-10,3974.389892578125,3974.389892578125,3900.159912109375,3900.860107421875,4889640000,-2.643292139348802,1.0409810413544893,-1.5335676938532254,-3.548859029907859,-1.5751544091934366,-2.5738283091658203,-1.2230325105681106,-1.415959115380003,0.2750355766483841,1.277675784827813,0.0,1.0
2022-06-13,3838.14990234375,3838.14990234375,3734.300048828125,3749.6298828125,5636890000,-3.506480642823836,1.6460559661789156,-2.0745663552997797,-5.289384576005106,-2.9844365680332974,-4.23521159435484,-1.9877754097875548,-1.5606224953222256,-1.6232115385669839,1.2801200231102536,0.0,1.0
2022-06-14,3763.52001953125,3778.179931640625,3705.679931640625,3735.47998046875,5153890000,-0.3788487899560872,1.2649182316511696,-2.1196922343461564,-3.8240092794896174,-2.9993823111462876,-3.8320507514068916,-2.6052650322276936,-1.8093955013838596,-2.7871168753024635,1.2920515256791893,0.0,1.0
2022-06-15,3764.050048828125,3837.56005859375,3722.300048828125,3789.989990234375,5530480000,1.2626163577383112,1.564970680715639,-1.7452389053544926,-1.1769829510465388,-2.295587495015344,-2.5475205975187585,-2.913160323642339,-2.074752022517777,-2.9725141571284954,1.5402340329913213,0.0,1.0
2022-06-16,3728.179931640625,3728.179931640625,3639.77001953125,3666.77001953125,5644930000,-2.9473121090578003,1.6521201774572716,-2.160214388531142,-2.4207296756625105,-3.441441048063899,-3.885017003197698,-3.4595337610078785,-2.4047570800117715,-3.6952597790878645,1.3945920834728591,0.0,1.0
2022-06-17,3665.89990234375,3707.7099609375,3636.8701171875,3674.840087890625,8520740000,0.15512210987874755,3.4039669694516688,-2.1044186370346396,-1.2050564008764666,-3.250336534880057,-3.2253775400381404,-3.828585549697608,-2.7482758219305627,-3.8463375420887616,1.474852458550276,0.0,1.0
2022-06-21,3715.31005859375,3779.64990234375,3715.31005859375,3764.7900390625,5292260000,2.1460579826500945,1.3776401712461301,-1.5060179943100909,0.8241304357902172,-2.2524095966073774,-1.5140052055876105,-3.83127466075331,-3.0236702025718283,-3.084733542457993,1.894711074295451,0.0,1.0
2022-06-22,3733.889892578125,3801.7900390625,3717.68994140625,3759.889892578125,5058990000,-0.15790588441545605,1.1858452980506407,-1.52570013239634,0.5949862092356879,-2.1978443189166303,-1.374636539793698,-3.8054873768760102,-3.2384296629223703,-2.4068585951600583,1.779391508004358,0.0,1.0
2022-06-23,3774.7099609375,3802.580078125,3743.52001953125,3795.72998046875,5098640000,0.8103566388678455,1.219061530882136,-1.2876645068476504,1.403027153546337,-1.7524871168378071,-0.6867227588729343,-3.646612991322936,-3.3760066737459438,-1.543988673758948,1.9115867243163842,0.0,1.0
2022-06-24,3821.75,3913.64990234375,3821.75,3911.739990234375,8120260000,2.689994642350139,3.1991421204262127,-0.5977306545899914,2.9250018820324257,-0.5098208096061844,1.0101362612145455,-3.1667107565927735,-3.3826701105571533,-0.08042557086835476,2.2523188503356173,0.0,1.0
2022-06-27,3920.760009765625,3927.719970703125,3889.659912109375,3900.110107421875,4325310000,-0.3072949803009253,0.5192083601803971,-0.6582279073441947,1.6015639776608968,-0.5496087364540244,0.6701084572969181,-2.788745548674224,-3.30656570781774,0.8448868498346279,1.9670214070697962,0.0,1.0
2022-06-28,3913.0,3945.860107421875,3820.139892578125,3821.550048828125,4270120000,-1.841848780625423,0.4645701930263667,-1.0522321485944437,-0.4406029655999982,-1.1986555536651722,-0.5430410118323831,-2.6774250711880643,-3.2216974382583454,0.9428634898670853,1.50085516336709,0.0,1.0
2022-06-29,3825.090087890625,3836.5,3799.02001953125,3818.830078125,4211240000,-0.10519050945053243,0.40549479606118755,-1.0655247652243176,-0.7671891832165304,-1.0664860106010863,-0.518881217679332,-2.5695194890122535,-3.1305538374599093,1.0130192649971017,1.488754631395413,0.0,1.0
2022-06-30,3785.989990234375,3818.989990234375,3738.669921875,3785.3798828125,4840070000,-0.8244332371496562,0.9976279422781502,-1.233364725284791,-1.476775086538146,-1.2568495203350525,-0.9265411222442232,-2.5492991308182953,-3.053282344327919,0.8579344688397654,1.4530585829523734,0.0,1.0
2022-07-01,3781.0,3829.820068359375,3752.10009765625,3825.330078125,4046950000,0.9016611358325279,0.236185450331774,-0.9579972254795789,-0.183791928502768,-0.6508458965581044,-0.24930246336419706,-2.397896415452973,-2.9588444140794588,1.0498485935689836,0.8874098101173659,0.0,1.0
2022-07-05,3792.610107421875,3832.18994140625,3742.06005859375,3831.389892578125,5076590000,0.10000164721181491,1.2006214676175524,-0.9157551720466566,0.2670250787891036,-0.4402966223437436,-0.14783114526511704,-2.2378364878549557,-2.8488080793976334,1.2242327196221139,0.8890818187858391,0.0,1.0
2022-07-06,3831.97998046875,3870.909912109375,3809.3701171875,3845.080078125,4417720000,0.2777703549952451,0.6091520174479919,-0.8159380235527531,0.47105393880938284,-0.14703072548244417,0.04416198233999658,-2.0520151506579833,-2.720742551794353,1.4257921204237953,0.6209084402909505,0.0,1.0
2022-07-07,3858.85009765625,3910.6298828125,3858.85009765625,3902.6201171875,4057770000,1.2958710300671386,0.24754567370994718,-0.4107297090512872,1.392677704716003,0.6091235602311319,0.8141248489978191,-1.728579808842795,-2.5486038048013766,1.9185136598897412,0.6983425105326054,0.0,1.0
2022-07-08,3888.260009765625,3918.5,3869.340087890625,3899.3798828125,3521620000,-0.11578370016157706,-0.355396108701955,-0.43380082334533027,0.7975180442631885,0.6928932191544646,0.6210064708836418,-1.4667188173424057,-2.3544730911900924,2.164375337300806,0.6850041699404293,0.0,1.0
2022-07-11,3880.93994140625,3880.93994140625,3847.219970703125,3854.429931640625,3423480000,-1.0718377073068337,-0.4756485293223288,-0.7524536147186701,-0.3455683929219166,0.29797813598498846,-0.11813339227198486,-1.3697975242997706,-2.178286174297084,1.9637706330081999,0.16231483760705492,0.0,1.0
2022-07-12,3851.949951171875,3873.409912109375,3802.360107421875,3818.800048828125,3817210000,-0.8677440698146439,-0.012474152854084306,-0.990822514645572,-1.0908936097395951,-0.04197108383389583,-0.6151437653511361,-1.3777976342812943,-2.0390603184128406,1.5505602723239262,0.2065857152119092,0.0,1.0
2022-07-13,3779.669921875,3829.43994140625,3759.070068359375,3801.780029296875,4109390000,-0.43991135591484326,0.3013293008412911,-1.103171411330654,-1.2817369217069576,-0.25385860967122853,-0.7788925556513875,-1.4171737428342575,-1.936163481756581,1.1444158941919933,-0.09802424747719388,0.0,1.0
2022-07-14,3763.989990234375,3796.409912109375,3721.56005859375,3790.3798828125,4199690000,-0.30957959943572394,0.39380961068632836,-1.1803210701979983,-1.0381813404527533,-0.40632646639898456,-0.8400646180399468,-1.4653619536251838,-1.8642284873187607,0.7982744782976565,-0.09239229405602112,0.0,1.0
2022-07-15,3818.0,3863.6201171875,3817.179931640625,3863.159912109375,4143800000,1.674519735322337,0.33680759364351937,-0.5530896325572169,0.7788955414848765,0.3385599016336731,0.28034905078410977,-1.290404032043357,-1.7689846280432666,1.058858568252006,0.13602852259135964,0.0,1.0
2022-07-18,3883.7900390625,3902.43994140625,3818.6298828125,3830.85009765625,4046870000,-0.7890672234856767,0.23610134300823946,-0.7938322250094935,0.15197778199781184,-0.09803923532505097,-0.23318049542166114,-1.2291175750921326,-1.6795849602955066,0.9935227682729325,0.13732064052889514,0.0,1.0
2022-07-19,3860.72998046875,3939.81005859375,3860.72998046875,3936.68994140625,4041070000,2.4276808577322857,0.2299991278689593,-0.018999474312122976,2.0111995867717014,0.8953710254258129,1.2475506952499273,-0.8809499247527732,-1.5330501585766747,1.6322714586942484,0.6280825498611144,0.0,1.0
2022-07-20,3935.320068359375,3974.1298828125,3922.030029296875,3959.89990234375,4185300000,0.4853548814538045,0.37920614148308496,0.12863513632328305,1.8054457705008895,1.0364640233061861,1.3494047910421756,-0.5372600014436443,-1.34177200615731,2.1324848069205293,0.6334270739777539,0.0,1.0
2022-07-21,3955.469970703125,3999.2900390625,3927.639892578125,3998.949951171875,4132790000,0.8397746679675924,0.32548793055365755,0.37011155178819954,1.726327509211937,1.3214157166588247,1.6497811815417005,-0.15781001211126866,-1.106994425867822,2.6187915792155914,0.5704555829845087,0.0,1.0
2022-07-22,3998.429931640625,4012.43994140625,3938.860107421875,3961.6298828125,3979240000,-0.8756615846829886,0.16439758354294287,0.04845365614064312,0.45825593094954,0.8333342067271764,0.8598710029880622,0.03712448049152388,-0.8771724110077228,2.5633902751787114,0.648222146485402,0.0,1.0
2022-07-25,3965.719970703125,3975.300048828125,3943.4599609375,3966.840087890625,3568340000,0.07596340070355125,-0.2993219581746655,0.08396224981942302,-0.02762239248198924,0.8587057478137083,0.775200223426221,0.20122467904467875,-0.6579583050208546,2.444797958508627,0.5254219864044046,0.0,1.0
2022-07-26,3953.219970703125,3953.219970703125,3910.739990234375,3921.050048828125,3778950000,-1.073244569767255,-0.055334126755349176,-0.3113777253183853,-0.9639947356057755,0.36103056106050924,0.009920286230939322,0.20025451719929827,-0.4827960481415241,1.952315330528377,0.5654817047157227,0.0,1.0
2022-07-27,3951.429931640625,4039.56005859375,3951.429931640625,4023.610107421875,4112180000,2.296120271203119,0.30421696597391124,0.3736762429215151,1.0039971774468752,1.3389844104622464,1.3791143794479903,0.4744147707070859,-0.2835965677032627,2.2210421891615484,0.8132162604760486,0.0,1.0
2022-07-28,4026.1298828125,4078.949951171875,3992.969970703125,4072.429931640625,4413000000,1.042830069306168,0.6046037782867808,0.6464880252011013,1.7438785576951215,1.7156456893016554,1.7976856659961233,0.8144963025644949,-0.05096412457345654,2.5948097757911923,0.7784029938979986,0.0,1.0
2022-07-29,4087.330078125,4140.14990234375,4079.219970703125,4130.2900390625,4616360000,1.2282300573278746,0.7962849165332713,0.9400230202168522,2.2501939662833754,2.134267508821784,2.264326805982376,1.2269965788431298,0.2240177954233251,3.068260540823169,0.7209060003707333,0.0,1.0
2022-08-01,4112.3798828125,4144.9501953125,4096.02001953125,4118.6298828125,4202810000,-0.29388995874707224,0.39696929330157005,0.8298422788456714,1.3313516701475507,1.8500141995560784,1.728285972021935,1.5020007109898674,0.5032548256975177,3.115831027289004,0.6343537258721221,0.0,1.0
2022-08-02,4104.2099609375,4140.47021484375,4079.81005859375,4091.18994140625,4727710000,-0.6370257830011452,0.8976928808702496,0.5682693669141606,0.01192580925252394,1.421396089476999,1.0709845358116648,1.623125446464108,0.7527415907660046,2.783234573599881,0.4129653972767114,0.0,1.0
2022-08-03,4107.9599609375,4167.66015625,4107.9599609375,4155.169921875,4351760000,1.3560994147615837,0.5451472442613838,0.9171941967711107,0.8076538608307587,1.9191550343645387,1.7251719004500152,1.8715478842217705,1.005855291834621,2.823782314706043,0.4984943076326678,0.0,1.0
2022-08-04,4154.85009765625,4161.2900390625,4135.419921875,4151.93994140625,4283320000,-0.11105299566366765,0.4777021917103652,0.8848303691095671,0.4013902376004021,1.7499436306969622,1.3890694695085297,2.0336389410295337,1.243269863654152,2.6482721241867386,0.4959252126541805,0.0,1.0
2022-08-05,4115.8701171875,4151.580078125,4107.31005859375,4145.18994140625,4085940000,-0.18687869048321842,0.2769806470697581,0.813286659369691,0.1963056844297358,1.5473144337328293,1.061133853081409,2.1166476042008386,1.4510862972126763,2.3173763908766705,0.39211810653901696,0.0,1.0
2022-08-08,4155.93017578125,4186.6201171875,4128.97021484375,4140.06005859375,4221090000,-0.152183998686746,0.41543479187523674,0.7560275796663416,-0.001901648111335186,1.3413625298605307,0.8067839441920092,2.1411680970859375,1.622622549562324,1.9117780029013978,0.4082301401499312,0.0,1.0
2022-08-09,4133.10986328125,4137.2998046875,4112.08984375,4122.47021484375,3913090000,-0.4213027641074699,0.09307416505888046,0.5541181538094271,-0.5025080898232318,0.9995482928967481,0.43043689949551145,2.085615403703971,1.7478823491312048,1.3944251666233738,0.2728927531294778,0.0,1.0
2022-08-10,4181.02001953125,4211.02978515625,4177.259765625,4210.240234375,4546010000,1.8612573794454366,0.730947466864119,1.1026439042612424,1.1053870549221094,1.6808520889356537,1.481404663065928,2.255203776438756,1.8846291470123615,1.5228453630747063,0.1257106825050144,0.0,1.0
2022-08-11,4227.39990234375,4257.91015625,4201.41015625,4207.27001953125,4630200000,-0.10463000283745486,0.8090215188915836,1.0676140554243598,0.8092142289071986,1.4296124388854652,1.1885579937460464,2.3518663064495047,2.0148531790815354,1.449923365159401,0.08716481567236646,0.0,1.0
2022-08-12,4225.02001953125,4280.47021484375,4219.77978515625,4280.14990234375,3788010000,1.5065960721839815,-0.045145765519592304,1.4547636255807352,1.7554017401764415,1.946927279668902,1.9157620464247163,2.5970823303071775,2.1718658502591466,1.7494099850270917,0.1517439603349628,0.0,1.0
2022-08-15,4269.3701171875,4301.7900390625,4256.89990234375,4297.14013671875,3696830000,0.31319633187536144,-0.1488116647179851,1.5363241048793388,1.4447946711190327,1.8714059266543939,1.807471126738013,2.8035195647801894,2.341954281114153,1.8955919187988521,0.11334270127084975,0.0,1.0
2022-08-16,4290.4599609375,4325.27978515625,4277.77001953125,4305.2001953125,4329820000,0.1260588358827333,0.5236424078074962,1.575992635304196,0.8503156089675799,1.758670279771589,1.6025249182730712,2.952875590244092,2.5102047884035192,1.8750446444852555,0.006791800639308991,0.0,1.0
2022-08-17,4280.39990234375,4302.18017578125,4253.080078125,4274.0400390625,3885030000,-0.6884517098870404,0.06245474259086505,1.1638146727900847,-0.04627364403796276,1.2846191403853853,0.9346387737238826,2.948881440467704,2.643944627738178,1.4892287300114313,-0.0013061542107744716,0.0,1.0
2022-08-18,4273.1298828125,4292.52978515625,4261.97998046875,4283.740234375,3340330000,0.1612617205498854,-0.5802625999415221,1.2223399034335076,-0.15980289963149336,1.2345926609649691,0.8896850853414163,2.9361845437947283,2.7482008672185643,1.1596134917701415,-0.014016155701588328,0.0,1.0
2022-08-19,4266.31005859375,4266.31005859375,4218.7001953125,4228.47998046875,3761340000,-1.1945075027953862,-0.07520740276173854,0.5260201762915828,-1.0732645736061528,0.5514393841510394,0.0320927085956053,2.7397117873612373,2.7892744788614694,0.453256159887411,0.17815624185406384,0.0,1.0
2022-08-22,4195.080078125,4195.080078125,4129.85986328125,4137.990234375,3907430000,-1.9541948710716588,0.08691561829066054,-0.3820881170532325,-2.282128993970798,-0.42786019358441946,-1.1416895741390052,2.305447670922129,2.7285682365941786,-0.6846032250109689,0.5406973049349562,0.0,1.0
2022-08-23,4133.08984375,4159.77001953125,4124.02978515625,4128.72998046875,3823520000,-0.24158619323056088,-0.0054467965727557225,-0.4640321425258777,-1.7630069736491836,-0.6206546362337231,-1.1074717614622687,1.9112852379768468,2.5950782892625117,-1.4982968853324856,0.5317373635428767,0.0,1.0
2022-08-24,4126.5498046875,4156.56005859375,4119.97021484375,4140.77001953125,3583630000,0.21905108720857194,-0.28112998400106987,-0.3548234157890823,-0.9695845424449759,-0.5592191313784198,-0.8064431831007924,1.6111045317592403,2.423610374502981,-1.922875866309299,0.18963463805971623,0.0,1.0
2022-08-25,4153.259765625,4200.5400390625,4147.58984375,4199.1201171875,3566870000,1.2178488228196467,-0.3010750632583509,0.13796034835567933,0.5975758888349634,-0.04787113322707751,0.04006462790071745,1.5142325570429436,2.2655643226572764,-1.7728246322724317,0.36080154376607826,0.0,1.0
2022-08-26,4198.740234375,4203.0400390625,4057.659912109375,4057.659912109375,3832750000,-3.0524258859114712,0.004811660340708907,-1.0234420478938222,-1.6544297304246278,-1.4023060659428102,-1.7974729445780533,1.0330076698874937,2.03544433495106,-2.578583347526718,0.7302228890600263,0.0,1.0
2022-08-29,4034.580078125,4062.989990234375,4017.419921875,4030.610107421875,3396510000,-0.637379727520258,-0.5092994414336713,-1.1995793434751283,-1.7805804950011064,-1.6264305113767226,-1.8973295617333823,0.5680535646945534,1.7511708482236015,-3.183998512897008,0.6729344312799097,0.0,1.0
2022-08-30,4041.25,4044.97998046875,3965.2099609375,3986.159912109375,3835860000,-1.0272125894271866,0.008262629905279812,-1.4753005149046647,-2.1319179914018496,-2.0143942624044455,-2.210892222705807,0.07370702932537913,1.4172417650416225,-3.7391288679509254,0.6348347341101456,0.0,1.0
2022-08-31,4000.669921875,4015.3701171875,3954.530029296875,3955.0,4542490000,-0.7402200072906027,0.7276517655779806,-1.6579272036914154,-2.0219983970816164,-2.227694608499627,-2.3088042615914364,-0.4018007852913872,1.0476471340878493,-4.13785589192057,0.634769345231791,0.0,1.0
2022-09-01,3936.72998046875,3970.22998046875,3903.64990234375,3966.85009765625,4152250000,0.22620742955688605,0.34547487442682345,-1.5386815512403573,-0.7769298035119359,-2.023441015386337,-1.8287122262925894,-0.7398715121525192,0.6791318120384016,-4.125789635988676,0.6441206192964076,0.0,1.0
2022-09-02,3994.659912109375,4018.429931640625,3906.2099609375,3924.260009765625,3665850000,-1.0011461137799118,-0.1846168082399143,-1.7958233599981501,-1.1299212901792386,-2.3413900122071336,-2.137475396350244,-1.114831639308832,0.30353186712015345,-4.204992978399084,0.6322809088056747,0.0,1.0
2022-09-06,3930.889892578125,3942.550048828125,3886.75,3908.18994140625,4127340000,-0.4075716600851578,0.31987348272321536,-1.8895255306013372,-0.9511629615147801,-2.3920447495076846,-2.051910093406345,-1.4421189392581248,-0.06746434407368164,-4.15352501668911,0.49088054123671154,0.0,1.0
2022-09-07,3909.429931640625,3987.889892578125,3906.030029296875,3979.8701171875,3890320000,1.597637004144877,0.06824413729312895,-1.1538468343625554,0.6555264523042456,-1.6103583246137063,-0.8100395677204906,-1.4890918118076095,-0.3743819350983267,-3.4371508372254094,0.8157218319418671,0.0,1.0
2022-09-08,3959.93994140625,4010.5,3944.81005859375,4006.179931640625,3966850000,0.5492499802117925,0.1511292754780572,-0.9114953330721779,1.0068654303685745,-1.2491035812427531,-0.35789689406063563,-1.4396033733740872,-0.6092533902194643,-2.6317029147337667,0.8502680360010211,0.0,1.0
2022-09-09,4022.93994140625,4076.81005859375,4022.93994140625,4067.360107421875,3901940000,1.323296597464868,0.08093351670091568,-0.3943535008796157,1.899539600810209,-0.5685681821154647,0.4866376578898331,-1.220036475652923,-0.7498433859398956,-1.5776726790874696,0.8740894154926824,0.0,1.0
2022-09-12,4083.669921875,4119.27978515625,4083.669921875,4110.41015625,3814200000,0.9043833648487543,-0.015830439918756614,-0.06988147805701486,2.007320482949763,-0.05249454615298595,0.9572896451263604,-0.9191477124123825,-0.7974868699629177,-0.538566642230897,0.25758569416350724,0.0,1.0
2022-09-13,4037.1201171875,4037.1201171875,3921.280029296875,3932.68994140625,4224550000,-3.9058214090963808,0.4189209005816462,-1.2767819078965013,-1.94615140686476,-1.6588956966318178,-1.5636740674428553,-1.159861802386714,-0.8874651306975841,-1.0118530652142252,1.308124117426845,0.0,1.0
2022-09-14,3940.72998046875,3961.93994140625,3912.179931640625,3946.010009765625,4293240000,0.26113312938630506,0.48754448049142146,-1.1736218448988402,-1.5138936070820403,-1.3489815121238993,-1.170816644715515,-1.3013308676819468,-0.9899282031505204,-1.1514284294592627,1.277516310239788,0.0,1.0
2022-09-15,3932.409912109375,3959.139892578125,3888.280029296875,3901.35009765625,4441830000,-1.0530939261419698,0.6323091076236774,-1.4226271558506776,-2.0376395619959515,-1.619016526789412,-1.6120470885334233,-1.5215029341636401,-1.1193362171786934,-1.4526624504274357,1.305931932261066,0.0,1.0
2022-09-16,3880.949951171875,3880.949951171875,3837.080078125,3873.330078125,7954650000,-0.6834770582992298,3.1114721740522344,-1.5730196128584881,-1.81965376815955,-1.7030690639228405,-1.7670851552170015,-1.7554623482364065,-1.2732707614562344,-1.726859568531593,1.309444616824676,0.0,1.0
2022-09-19,3849.909912109375,3900.449951171875,3838.5,3899.889892578125,3766850000,0.571269919887235,-0.06897926123604889,-1.3405829427719416,-0.31167144284540016,-1.2683291950528097,-1.1631362561738618,-1.8487561983693677,-1.4165191858520896,-1.607392883049277,1.2997386240129534,0.0,1.0
2022-09-20,3875.22998046875,3876.010009765625,3827.5400390625,3855.929931640625,4058050000,-1.0490152321788508,0.24783925136217536,-1.590268749388774,-0.9512422181337533,-1.5796346178523109,-1.6031519750671066,-2.0230374029454365,-1.5686679858528727,-1.706895638477903,1.3460036871513859,0.0,1.0
2022-09-21,3871.39990234375,3907.070068359375,3789.489990234375,3789.929931640625,4078330000,-1.5713536234788994,0.2690489742455246,-1.9280401471585153,-1.7411129705084867,-2.0929345254736997,-2.282830802441203,-2.318872052508633,-1.7541265955415288,-2.079286422178261,1.2247971059065916,0.0,1.0
2022-09-22,3782.360107421875,3790.89990234375,3749.449951171875,3757.989990234375,4284600000,-0.7947880195905977,0.47897344455560237,-2.0784029799881982,-1.8276784191595246,-2.2352657707016537,-2.4018412135329723,-2.613711353132832,-1.9660185983411953,-2.3748015292505293,1.156573277723679,0.0,1.0
2022-09-23,3727.139892578125,3727.139892578125,3647.469970703125,3693.22998046875,5144270000,-1.5817322527398414,1.2569692237046515,-2.359637554710739,-2.5020901246753744,-2.661268153129599,-2.9626884441424894,-2.993888429662529,-2.217443914773419,-2.816768678983588,0.9212123626828466,0.0,1.0
2022-09-26,3682.719970703125,3715.669921875,3644.760009765625,3655.0400390625,4886140000,-0.9657561868893123,1.0379344513606306,-2.5112062349121897,-2.2838727799333896,-2.8639295591825977,-3.0797982313661025,-3.364154907112768,-2.498360576725359,-3.1464705107674926,0.6601852495894941,0.0,1.0
2022-09-27,3686.43994140625,3717.530029296875,3623.2900390625,3647.2900390625,4577740000,-0.23108445498184427,0.7605409315875427,-2.541987420368599,-1.5120863534168936,-2.7566502340629357,-2.754658163330719,-3.6394484675134944,-2.782407759832249,-3.181468525983024,-0.18520558157050565,0.0,1.0
2022-09-28,3651.93994140625,3736.739990234375,3640.610107421875,3719.0400390625,4684850000,1.716605256643272,0.8589452834767078,-1.8095455944342824,0.5048424756638289,-1.8635876815564816,-1.3504390590067894,-3.6204543495957178,-3.0055530955590144,-2.5006094371080376,0.3299672898722885,0.0,1.0
2022-09-29,3687.010009765625,3687.010009765625,3610.39990234375,3640.469970703125,4681810000,-1.9297396421589268,0.856183521725345,-2.1753044988066987,-0.7958293055680052,-2.5392646748194188,-2.28245648735529,-3.7809281548190867,-3.2186445273481192,-2.3882106812557575,0.46801194551292574,0.0,1.0
2022-09-30,3633.47998046875,3671.43994140625,3584.1298828125,3585.6201171875,5645360000,-1.3881543489336192,1.652444263797378,-2.398506701714645,-1.594199542300679,-2.9337787382887504,-2.7484778464589144,-4.015513369918983,-3.4396606388846878,-2.476805534525262,0.5097324716129754,0.0,1.0
2022-10-03,3609.780029296875,3698.35009765625,3604.929931640625,3678.429931640625,4806680000,2.2717766001236566,0.9681746058903788,-1.5796970378514281,0.5049780378709002,-1.8150702189055827,-1.0254910780845097,-3.9029240784928385,-3.5922154062286977,-1.7114341962936859,1.027661556152335,0.0,1.0
2022-10-04,3726.4599609375,3791.919921875,3726.4599609375,3790.929931640625,5146580000,2.691818512349304,1.2588793325120358,-0.7817122970936099,2.4784059618597865,-0.5457808849109097,0.7174969769326596,-3.465933536154846,-3.6201066616815285,-0.3177443695728774,1.5568448725160644,0.0,1.0
2022-10-05,3753.25,3806.909912109375,3722.659912109375,3783.280029296875,4293180000,-0.22193153746135885,0.48748501890520946,-0.8249299445572195,1.9872475815482897,-0.5232862484637173,0.4756708042820249,-3.1073280030995747,-3.5651556863225573,0.6083997166457766,1.4393961136290405,0.0,1.0
2022-10-06,3771.969970703125,3797.929931640625,3739.219970703125,3744.52001953125,4252100000,-0.9572258231793621,0.4465773388402184,-1.0457628602875348,0.5819525448240195,-0.8020890311705288,-0.17061713205209136,-2.8990376196799605,-3.476317338688473,0.9872474265943916,1.4544968411730863,0.0,1.0
2022-10-07,3706.739990234375,3706.739990234375,3620.72998046875,3639.659912109375,4449660000,-2.5443828777463895,0.63980260738431,-1.5722402856270274,-2.1183893259251008,-1.7131542543781495,-1.6654411665856343,-2.991098389893469,-3.425081774173281,0.5668628610213109,1.6588465807057131,0.0,1.0
2022-10-10,3647.510009765625,3652.169921875,3588.10009765625,3612.389892578125,3834320000,-0.7112125484119711,0.006554139521906788,-1.6950871258841007,-2.4548876408451563,-1.749351237201072,-1.8286797654725018,-3.105893448536831,-3.4088266918640255,0.17579460500459923,1.640214502185761,0.0,1.0
2022-10-11,3595.860107421875,3640.659912109375,3568.449951171875,3588.840087890625,4759030000,-0.6242256140594123,0.9257862419361774,-1.8015506440395557,-2.0818350673274786,-1.8265307509465485,-1.9161083693377365,-3.227049616056137,-3.42192653911177,-0.1523821490997516,1.651717400493206,0.0,1.0
2022-10-12,3590.830078125,3608.340087890625,3573.860107421875,3577.030029296875,4006830000,-0.3356893440926152,0.19379557663805658,-1.8561914360670602,-1.3999055677518875,-1.761431358185844,-1.8212968688180113,-3.3198027030149997,-3.4523906948122445,-0.34650839880574036,1.4362984612897247,0.0,1.0
2022-10-13,3520.3701171875,3685.409912109375,3491.580078125,3669.909912109375,5021680000,2.2790827275885075,1.1543507629489884,-1.1055506658516274,1.1858832906380912,-0.6088567480201792,-0.21415328303953793,-3.1038286726636155,-3.4302289584931347,0.24182871136508627,1.5934686255031196,0.0,1.0
2022-10-14,3690.409912109375,3712.0,3579.679931640625,3583.070068359375,4243030000,-2.15641307711077,0.43749213259648667,-1.5448347307976802,-0.6312059868361604,-1.4152980002525397,-1.4683368301904187,-3.1384069097406506,-3.4199496837335017,0.10898738882717873,1.736670864484885,0.0,1.0
2022-10-17,3638.64990234375,3689.72998046875,3638.64990234375,3677.949951171875,4352780000,2.3250577542092303,0.5461443741086006,-0.8880594365392391,1.3353219848813798,-0.23644592520179267,0.11894921721639012,-2.8734688667533206,-3.3546435764213562,0.7241660851569452,1.7493316735922948,0.0,1.0
2022-10-18,3746.260009765625,3762.7900390625,3686.530029296875,3719.97998046875,4483740000,0.97975244642911,0.6722651311415273,-0.6267934439138756,1.7021134929338664,0.3093045839694181,0.6895373705232212,-2.520971262492373,-3.2264507052871956,1.4272157718258256,1.388994062624513,0.0,1.0
2022-10-19,3703.110107421875,3728.580078125,3666.510009765625,3695.159912109375,4223800000,-0.6378928696024813,0.4181654836151378,-0.769037962953722,0.5425683133644892,0.08511469110152309,0.20127295799302503,-2.286143854150492,-3.0733012601077943,1.7062206131704107,1.3991425932863637,0.0,1.0
2022-10-20,3689.050048828125,3736.0,3656.43994140625,3665.780029296875,4496620000,-0.7521858516079797,0.6844696252439294,-0.9373053052008132,-0.1341427463775962,-0.19219804671798793,-0.27742863762251985,-2.1586157470794145,-2.923304913534749,1.6709701907840846,1.3843711550562212,0.0,1.0
2022-10-21,3657.10009765625,3757.889892578125,3647.419921875,3752.75,5078020000,2.0788107417330677,1.2018197803109958,-0.37654600826387435,1.1120327615988166,0.748498630427359,1.0030891956050418,-1.7994018733585666,-2.725912785457406,2.2008366890877977,1.2499637446557263,0.0,1.0
2022-10-24,3762.010009765625,3810.739990234375,3741.64990234375,3797.340087890625,4747930000,1.0203647592163756,0.9158509901603736,-0.11847246687529288,1.587789949833693,1.165618160229681,1.4654155265672417,-1.378302011408969,-2.477270278793634,2.773796091305227,1.2126865646451879,0.0,1.0
2022-10-25,3799.43994140625,3862.85009765625,3799.43994140625,3859.110107421875,4843120000,1.412242340359902,1.0003082136524066,0.21432813980564952,2.36174667195102,1.7322214740782613,2.094107697117782,-0.8666770580583883,-2.1681232280219467,3.450213483325997,1.181107730509087,0.0,1.0
2022-10-26,3825.969970703125,3886.14990234375,3824.070068359375,3830.60009765625,4817310000,-0.7018508069687922,0.9775734759593807,0.014509782504688463,1.0656892568741148,1.350004357102886,1.3363346893311494,-0.5360894958882434,-1.8495782684003752,3.555278467922021,1.231682645822634,0.0,1.0
2022-10-27,3834.68994140625,3859.949951171875,3803.7900390625,3807.300048828125,4687320000,-0.5852079024605935,0.8611878956413599,-0.14895406079090728,-0.12071601563457167,0.9952594406634462,0.775015787448556,-0.336903769467339,-1.5518263930877931,3.322819830843972,1.0860368497403388,0.0,1.0
2022-10-28,3808.260009765625,3905.419921875,3808.260009765625,3901.06005859375,4459410000,2.1593868759911827,0.649115182432155,0.3679051814263405,1.3314984269514247,1.8526253252035967,1.954600489929852,0.07620359792949569,-1.2246181254705255,3.652130899208331,0.7819226617953493,0.0,1.0
2022-10-31,3881.85009765625,3893.72998046875,3863.179931640625,3871.97998046875,4820620000,-0.7078110043672193,0.9804958890930893,0.15503387474295713,0.33312505020739724,1.4199805446158156,1.2164704442026046,0.31730575689303886,-0.9109044257804771,3.501266851253579,0.6766329182524697,0.0,1.0
2022-11-01,3901.7900390625,3911.7900390625,3843.800048828125,3856.10009765625,4481210000,-0.40812342357920023,0.6698637006049559,0.037641387783858025,-0.011574067298563707,1.2077271710745459,0.7821425759129246,0.45688618943343595,-0.629859920822932,3.1360378948802436,0.6918747866550182,0.0,1.0
2022-11-02,3852.89990234375,3894.43994140625,3758.679931640625,3759.68994140625,4899000000,-2.2761139941538446,1.049117791724428,-0.6139909718982476,-1.8737736561080203,0.15855618536447957,-0.7136266375154746,0.2957858562145966,-0.4397344697451007,2.119598051938488,1.0746759706791107,0.0,1.0
2022-11-03,3733.25,3750.590087890625,3698.14990234375,3719.889892578125,4625290000,-0.9876945517968373,0.8045073325252496,-0.8518934192031816,-2.3898178559687864,-0.2665691850175112,-1.1878216614531774,0.05528188822086577,-0.33945231020177696,1.1151848157699509,1.1044891762065498,0.0,1.0
2022-11-04,3766.97998046875,3796.340087890625,3708.840087890625,3770.550048828125,5400180000,1.175585421482659,1.4635291088046745,-0.5129227618275174,-0.647168179534109,0.219150451574243,-0.3119899498571797,0.001930220102609264,-0.27072155914615387,0.7624522771069496,0.915442666864759,0.0,1.0
2022-11-07,3780.7099609375,3813.949951171875,3764.699951171875,3806.800048828125,4341620000,0.8176642859724811,0.5352218708182515,-0.28248867123012655,0.48386191500197256,0.5093852652107322,0.22584499883141368,0.05652932538617555,-0.20397321297545917,0.740289757548075,0.8894817541953923,0.0,1.0
2022-11-08,3817.02001953125,3859.39990234375,3786.280029296875,3828.110107421875,4607640000,0.4587290765548392,0.7882404974448733,-0.14843656620052184,1.1041790734941372,0.6095191985966495,0.46914621538839546,0.15435216055689632,-0.1294979467054661,0.8266737344705042,0.7526621325063815,0.0,1.0
2022-11-09,3810.93994140625,3818.199951171875,3744.219970703125,3748.570068359375,4645010000,-1.8985881423440905,0.8226086899848138,-0.6857804839221936,-0.6761915920002735,-0.3542666727067628,-0.7444403264053928,0.00997656989786059,-0.10102442803933773,0.3123919957782007,0.9463644811621527,0.0,1.0
2022-11-10,3859.889892578125,3958.330078125,3859.889892578125,3956.3701171875,5781260000,4.9128402532424404,1.7536533533257013,0.43396462776181915,2.982920807279964,1.7507593078420216,2.2609452361000573,0.46086713091179593,0.018901798049955915,1.334797878848449,2.2010201653395924,0.0,1.0
2022-11-11,3963.719970703125,4001.47998046875,3944.820068359375,3992.929931640625,5593310000,0.7843066520966231,1.6130342771636588,0.5882070399178054,2.7697475404406116,1.9142451480429992,2.3850939280723575,0.9061424109392013,0.21078033993248182,2.1391969288091595,2.0487217151561357,0.0,1.0
2022-11-14,3977.969970703125,4008.969970703125,3956.39990234375,3957.25,4561930000,-0.8402076945848144,0.7458212249134832,0.3467078527873646,1.280097879375867,1.371568074743587,1.4934289630914124,1.1449961279015357,0.41574581704716973,2.285503800959042,2.060465395138258,0.0,1.0
2022-11-15,4006.409912109375,4028.840087890625,3953.169921875,3991.72998046875,5015310000,0.7371500616074466,1.1489502704520569,0.5048199268142438,1.3076950430283771,1.5905014437373262,1.709378816738243,1.4106790664970306,0.6369613790240292,2.4671734620506345,2.053382808785811,0.0,1.0
2022-11-16,3976.820068359375,3983.090087890625,3954.340087890625,3958.7900390625,4165320000,-0.7790997457261579,0.3588462734285974,0.2716639186643532,-0.34873237676901836,1.0908518017161142,0.9684928308471173,1.5105468835999232,0.8354510230829726,2.2131064930987288,1.7793807985801442,0.0,1.0
2022-11-17,3919.260009765625,3954.330078125,3906.5400390625,3946.56005859375,4051780000,-0.31768486063314816,0.241260351975192,0.18393520579992925,-0.5738033771795805,0.8061558671624949,0.6288540190624147,1.5358261962874191,0.999689336675146,1.8301898713942268,1.7023957484013095,0.0,1.0
2022-11-18,3966.389892578125,3979.889892578125,3935.97998046875,3965.340087890625,4037360000,0.3837162413016262,0.2260912197715672,0.28682064429792403,-0.04147848824121827,0.8901688656146712,0.765448329734398,1.5869219620434152,1.1420889147552695,1.5860412584612076,1.6765468045974075,0.0,1.0
2022-11-21,3956.22998046875,3962.0,3933.340087890625,3949.93994140625,3850690000,-0.3886807645917852,0.024680151687302077,0.16473276745362048,-0.34733951583298234,0.6436604885622785,0.4154088244228402,1.564476334824691,1.2511725155125608,1.2135815229884612,1.69550348385338,0.0,1.0
2022-11-22,3965.510009765625,4005.8798828125,3956.8798828125,4003.580078125,3887990000,1.172123351695732,0.06569514774830895,0.4723038406335957,0.7772751968917303,1.133892435563099,1.05693459531883,1.6728936421876313,1.3617986359107983,1.230826295725014,1.7304100352153073,0.0,1.0
2022-11-23,4000.300048828125,4033.780029296875,3998.659912109375,4027.260009765625,3279720000,0.48704253256384517,-0.6581724766990961,0.6017826717091899,0.9926075139815231,1.2769373059364384,1.1894958851419004,1.800922631972224,1.4778842412163586,1.2918612245429468,1.421199424725834,0.0,1.0
2022-11-25,4023.340087890625,4034.02001953125,4020.760009765625,4026.1201171875,1706460000,-0.06687563281017347,-3.4379153692666677,0.5912062812733277,0.6171567873296359,1.1455971472552704,0.9663087122289076,1.8751914063521058,1.5867544336015562,1.2111956999628444,-0.22174336853387702,0.0,1.0
2022-11-28,4005.360107421875,4012.27001953125,3955.77001953125,3963.93994140625,3615430000,-1.4218928969153044,-0.24354178483939495,0.0336215575759219,-0.7304141006139014,0.45674425718128336,-0.04195342969500562,1.7400794019059913,1.6447397952620915,0.6423229813980306,-0.04033683199036426,0.0,1.0
2022-11-29,3964.18994140625,3976.77001953125,3937.64990234375,3957.6298828125,3546040000,-0.18385062420425896,-0.3259946344979903,-0.020571936426161178,-0.9009537342473272,0.3446583064289347,-0.1417912827829431,1.5947814872348858,1.6598226693141862,0.16268977025367845,-0.11042325186981432,0.0,1.0
2022-11-30,3957.179931640625,4080.110107421875,3938.580078125,4080.110107421875,6579360000,2.724366109766149,2.3038514000126975,0.7220886874483868,1.4256844493304173,1.510246851011584,1.5018615525855972,1.794280895019616,1.7148724609357808,0.6095044442267908,0.5467982646418951,0.0,1.0
2022-12-01,4087.139892578125,4100.509765625,4050.8701171875,4076.570068359375,4527130000,-0.11912287541266307,0.7132405734747653,0.6895827010500654,1.132174069825049,1.3010411561468114,1.1969152389026623,1.9180771629978113,1.7855850347709379,0.7846082889527484,0.4755774919755324,0.0,1.0
2022-12-02,4040.169921875,4080.47998046875,4026.6298828125,4071.699951171875,4012620000,-0.14835071329092347,0.19993929675877078,0.6421041032020028,0.8276669837686301,1.060965239019231,0.9231937911373942,1.9775248685071791,1.8549635027719,0.76969350193384,0.4619650641136517,0.0,1.0
2022-12-05,4052.02001953125,4052.449951171875,3984.489990234375,3998.840087890625,4280820000,-1.6408616971453596,0.47521818004722466,-0.025618236657138454,-0.8936428982205062,0.18361597255916626,-0.2107612897573586,1.8005186096933683,1.8723290853814487,0.1882095686744751,0.713896966202644,0.0,1.0
2022-12-06,3996.6298828125,4001.510009765625,3918.389892578125,3941.260009765625,4368380000,-1.328496923760298,0.5613655489699204,-0.4796499570850182,-2.065014129535199,-0.48258944664731745,-0.9688294823627756,1.4819309546997066,1.8175796933662671,-0.6180079440845795,0.8322486285471895,0.0,1.0
2022-12-07,3933.280029296875,3957.570068359375,3922.679931640625,3933.919921875,4118050000,-0.20802687184830557,0.3102860558739937,-0.5355099469249341,-1.6040514310367602,-0.6127330707050239,-0.9409175209330676,1.1930179969781858,1.7115319352376122,-1.1915038282864856,0.7091152564188207,0.0,1.0
2022-12-08,3947.7900390625,3974.18994140625,3935.830078125,3963.510009765625,4006900000,0.6306753497710713,0.1938699060508517,-0.3024817268684934,-0.4727484290025074,-0.41725566379490114,-0.42148079503102603,1.0313299178763777,1.591856942033569,-1.3438510436246818,0.7252701910721394,0.0,1.0
2022-12-09,3954.169921875,3977.02001953125,3933.0400390625,3934.3798828125,3888260000,-0.6984422650747351,0.06599060245839168,-0.5428642715968258,-0.5121671305016926,-0.7063912233489661,-0.769340664666825,0.8110726851320093,1.448661041759049,-1.6068056836959836,0.7418734419274235,0.0,1.0
2022-12-12,3939.2900390625,3990.7099609375,3935.300048828125,3990.56005859375,3904130000,1.2346235503583889,0.08332082799481558,-0.1029537236576712,0.7599932128194413,-0.1258106173875489,0.08176600961219711,0.7800201140925999,1.3274138357607002,-1.361427774326582,0.7470159966389341,0.0,1.0
2022-12-13,4069.3798828125,4100.9599609375,3993.030029296875,4019.64990234375,5079360000,0.6099300057963962,1.20294236849971,0.10710759678988586,1.0505884499616798,0.14177262608227073,0.4372252456528754,0.8237021126830169,1.2398276520509075,-0.9851105696457607,0.7643931438280215,0.0,1.0
2022-12-14,4015.5400390625,4053.760009765625,3965.64990234375,3995.320068359375,4472340000,-0.5825368631360018,0.6614337337604594,-0.11625001193000169,0.24739645765555932,-0.11079191520852627,0.02280335614119494,0.7798005661945349,1.1602998209194144,-0.8950213058497175,0.11207879310368621,0.0,1.0
2022-12-15,3958.3701171875,3958.3701171875,3879.449951171875,3895.75,4493900000,-2.2689363578753152,0.6818951929558495,-0.9034553137848301,-1.6369607434857614,-1.1050537766313104,-1.3389759723571786,0.46265171758554885,1.0283456984470332,-1.4811269576644772,0.46388863333279745,0.0,1.0
2022-12-16,3890.909912109375,3890.909912109375,3827.909912109375,3852.360107421875,7493660000,-1.0370075854671943,2.8574703381468014,-1.1905653986426132,-2.2374242094636294,-1.505522810701568,-1.7444750721413567,0.08819889340706817,0.8421040150371158,-2.0880408833861814,0.4803617575101152,0.0,1.0
2022-12-19,3853.7900390625,3854.860107421875,3800.0400390625,3817.659912109375,3969610000,-0.8466193142923691,0.15408851170970816,-1.4069741794573014,-2.2592105350216696,-1.7905695427125947,-1.975297786659479,-0.30319215212790895,0.6087828288928648,-2.614371507419863,0.37520830865019833,0.0,1.0
2022-12-20,3810.469970703125,3838.239990234375,3795.6201171875,3821.6201171875,3985370000,0.051132652476842205,0.17094686135998324,-1.3689964822739003,-1.3043013859447383,-1.685698024295695,-1.6454458340807878,-0.5979934461364745,0.35860895371029144,-2.802778050034366,0.3096552745437612,0.0,1.0
2022-12-21,3839.489990234375,3889.820068359375,3839.489990234375,3878.43994140625,3775200000,1.287237993068093,-0.05955831308748473,-0.8435513361361986,0.49804723032257675,-1.0335621181809806,-0.6400712312149932,-0.6696478719326007,0.1430314244511066,-2.4160042890221693,0.5150739428479318,0.0,1.0
2022-12-22,3853.260009765625,3853.260009765625,3764.489990234375,3822.389892578125,3956950000,-1.3331894852178587,0.1404976594512291,-1.2303370371291449,-0.4371420142838132,-1.512379195826939,-1.3317491801631547,-0.8733735412339569,-0.07332466787226403,-2.4247083228292974,0.5447976689223104,0.0,1.0
2022-12-23,3815.110107421875,3845.800048828125,3797.010009765625,3844.820068359375,2819280000,0.48287888513597726,-1.301806356560184,-1.026448921197147,0.10521846434944146,-1.1870593936820129,-0.8424166130622264,-0.9642909436268444,-0.2659983090177965,-2.1599476821441814,0.5817639699540567,0.0,1.0
2022-12-27,3843.340087890625,3846.64990234375,3813.219970703125,3829.25,3030300000,-0.4035109494464764,-0.9947028330446088,-1.1375845259847204,-0.300036283204476,-1.2811035731657954,-0.94957147972772,-1.0693900569667003,-0.44278153445395946,-1.982298983013641,0.37544587517858297,0.0,1.0
2022-12-28,3829.56005859375,3848.320068359375,3780.780029296875,3783.219970703125,3083520000,-1.1159150543521594,-0.9206280207616285,-1.4528351186233788,-1.1708234770727795,-1.6741691627485809,-1.4627756741735338,-1.2674457077818002,-0.6268805400102706,-2.0640865740521246,0.29984756018847925,0.0,1.0
2022-12-29,3805.449951171875,3858.18994140625,3805.449951171875,3849.280029296875,3003680000,1.519015783367799,-1.0322437062507384,-0.835271583804761,0.46153682156904036,-0.8638393339884256,-0.34716692716946973,-1.23048145875826,-0.766195547799923,-1.5634188073541782,0.6387200253076116,0.0,1.0
2022-12-30,3829.06005859375,3839.85009765625,3800.340087890625,3839.5,2979870000,-0.2686558679581013,-1.066104733637272,-0.9082805630511486,0.16125836303506494,-0.8441303262699539,-0.4503704200792938,-1.2165694577842712,-0.8746501196307362,-1.2184110742049064,0.29420515176222756,0.0,1.0
2023-01-03,3853.2900390625,3878.4599609375,3794.330078125,3824.139892578125,3959140000,-0.3991250630814956,0.14285179123327732,-1.0260237589015648,-0.09364872557804893,-0.8778023266670059,-0.6153398446600331,-1.2360898852813225,-0.9656195848012303,-1.0229343472786934,0.22223542522926354,0.0,1.0
2023-01-04,3840.360107421875,3873.159912109375,3815.77001953125,3852.969970703125,4414080000,0.6322115706703201,0.6056449061342046,-0.7467610543009001,0.4532544423955714,-0.49678394013297006,-0.14277842553240983,-1.1611053199466534,-1.022239226809993,-0.6389166153544293,0.19913633674006032,0.0,1.0
2023-01-05,3839.739990234375,3839.739990234375,3802.419921875,3808.10009765625,3893450000,-1.0823899048072254,0.07166591454009975,-1.1050227988499957,-0.6777146898350142,-0.9025159331705337,-0.7643890977121534,-1.2138616386107246,-1.0789016449424447,-0.639394835865852,0.3098853009285404,0.0,1.0
2023-01-06,3823.3701171875,3906.18994140625,3809.56005859375,3895.080078125,3923560000,1.999800381179434,0.10444294492037712,-0.33478416634689506,1.0841397726470419,0.04042203046044682,0.5370289256698082,-1.0066353854782732,-1.0795832861459556,-0.013551410518617132,0.5208664113166194,0.0,1.0
2023-01-09,3910.820068359375,3950.570068359375,3890.419921875,3892.090087890625,4311770000,-0.11018538389464429,0.5058685562684386,-0.3604445170265379,0.7762452028425322,0.04677881674071204,0.3909696827511963,-0.8433664451699537,-1.0449512052029506,0.3812423390927866,0.3530482345305276,0.0,1.0
2023-01-10,3888.570068359375,3919.830078125,3877.2900390625,3919.25,3851030000,0.5820960488491036,0.02505580615608026,-0.13591656176235095,0.9547661858507441,0.3432956646795212,0.6830202132367135,-0.6341997036779493,-0.9721791558467667,0.8076324284021605,0.3603312789170481,0.0,1.0
2023-01-11,3932.35009765625,3970.070068359375,3928.5400390625,3969.610107421875,4303360000,1.1068297568810037,0.4975617962032239,0.24944608744519287,1.5518300484993102,0.8895358733589124,1.245558675742886,-0.32820594567864725,-0.8480330982711852,1.381973962079998,0.39865705555130987,0.0,1.0
2023-01-12,3977.570068359375,3997.760009765625,3937.56005859375,3983.169921875,4440260000,0.26371549124232047,0.6308049898080731,0.3480533739233492,1.0628872151300064,1.0535314963842668,1.2136296933313693,-0.050166589488687505,-0.6888107984511558,1.7741127782747024,0.19491868569362297,0.0,1.0
2023-01-13,3960.60009765625,4003.949951171875,3947.669921875,3999.090087890625,3939700000,0.3156377220746671,0.12190916275176482,0.465511699635398,0.949514485727209,1.2206604028440227,1.21814156603012,0.20923767442468297,-0.5055425610994653,2.0429370557512883,0.0549856002434608,0.0,1.0
2023-01-17,3999.280029296875,4015.389892578125,3984.570068359375,3990.969970703125,4235560000,-0.2230525087086517,0.42999501285227204,0.3712341952995371,0.33378034458542194,1.0822339961122824,0.8957515500931283,0.3855444155861965,-0.3209414952210436,2.0578375629669847,0.049428211322925235,0.0,1.0
2023-01-18,4002.25,4014.159912109375,3926.590087890625,3928.860107421875,4298710000,-1.4324753150389113,0.49296190679177676,-0.29591261824502924,-1.0673998553756157,0.38183481312579154,-0.10712984186163305,0.347544414690081,-0.18144799889741675,1.5535523888777507,0.2964171220287613,0.0,1.0
2023-01-19,3911.840087890625,3922.93994140625,3885.5400390625,3898.85009765625,3991500000,-0.7242510687677863,0.17748607330184474,-0.5808029509784219,-1.419160564731798,0.020370915329286657,-0.5199919852087856,0.22958739216808327,-0.09526783757619714,0.9575299321522204,0.3428112445128865,0.0,1.0
2023-01-20,3909.0400390625,3972.9599609375,3897.860107421875,3972.610107421875,4013360000,1.6492403613746904,0.20072386552642782,0.05674745545142371,0.24698065303500152,0.7200128071672219,0.5405571434447858,0.33323920539425006,-0.003991226566296574,1.0145062676954482,0.3812265095956243,0.0,1.0
2023-01-23,3978.139892578125,4039.31005859375,3971.639892578125,4019.81005859375,3945210000,1.0203083040582044,0.127855537791222,0.4014995475303284,1.1915698862768245,1.1419230154293791,1.0725657593218794,0.5369240696676312,0.11291533943927247,1.3010392475136,0.15202405270953398,0.0,1.0
2023-01-24,4001.739990234375,4023.919921875,3989.7900390625,4016.949951171875,3320430000,-0.10516885554295217,-0.6056856674636095,0.3710664587811742,1.0133437021161553,1.00615977845263,0.8448345427595364,0.6801820969143733,0.23730650002209566,1.3847141188629193,0.15165852588804143,0.0,1.0
2023-01-25,3982.7099609375,4019.550048828125,3949.06005859375,4016.219970703125,3724020000,-0.05782030435341204,-0.11763318996631264,0.3627622726202179,0.6113885821847188,0.9059149499610063,0.6818293929218618,0.780271971734183,0.3583844667979746,1.3476738940798787,0.1451871342057262,0.0,1.0
2023-01-26,4036.080078125,4061.570068359375,4013.2900390625,4060.429931640625,3809590000,0.9422405992697297,-0.020975938006560252,0.6977472852118733,0.8633461191845427,1.2447170842692656,1.1457904721708183,0.9679201201135318,0.4956768988616234,1.5289453421119903,0.1158337689775721,0.0,1.0
2023-01-27,4053.719970703125,4094.2099609375,4048.699951171875,4070.56005859375,3907760000,0.18139594817399854,0.08727493032823251,0.7710808049682139,0.6550308141351223,1.1953737524199135,1.0797829854479455,1.1291175067891592,0.6402419082223212,1.610249942304752,0.11475693735147204,0.0,1.0
2023-01-30,4049.27001953125,4063.85009765625,4015.550048828125,4017.77001953125,3802000000,-1.2006510792638894,-0.029461173516623293,0.13523159336876658,-0.4733695069889592,0.555083840785856,0.18691058165753674,1.0962146321371606,0.7488047695445528,1.2077598575949113,0.27429685617041266,0.0,1.0
2023-01-31,4020.85009765625,4077.159912109375,4020.43994140625,4076.60009765625,4679320000,1.2670819834519595,0.8539200845282887,0.5887116932062663,0.5352095428193798,1.0405947447680697,0.9188377657259611,1.2159246314456853,0.8614473850067869,1.253369930295311,0.3961600109015922,0.0,1.0
2023-02-01,4070.070068359375,4148.9501953125,4037.199951171875,4119.2099609375,4856930000,0.8925887416821093,1.0124230448416542,0.8744389363701778,1.0025479825954593,1.3242386767133734,1.3170491354294276,1.409617611256153,0.9932939357040228,1.468062495617795,0.1558766073988128,0.0,1.0
2023-02-02,4158.68017578125,4195.43994140625,4141.8798828125,4179.759765625,5624360000,1.2721676463525284,1.6365878840134813,1.2291482598282812,1.775676239033942,1.7735345104143079,1.883592068553919,1.707976934738937,1.1630547039665065,1.8919287777973803,0.06592771048917534,0.0,1.0
2023-02-03,4136.68994140625,4182.35986328125,4123.35986328125,4136.47998046875,4694510000,-0.9670149778963556,0.8677092647819057,0.7309458567476977,0.5739478370828394,1.1531994141993378,0.9987291813955462,1.8018683042535095,1.319092847129403,1.7385151388980304,0.1298734768832869,0.0,1.0
2023-02-06,4119.56982421875,4124.6298828125,4093.3798828125,4111.080078125,4114240000,-0.5903784209761713,0.3063478200941241,0.45557103543805516,-0.3579012097314491,0.7793143263565316,0.48921917253838243,1.7832400554882943,1.4399097798764857,1.3447556346401879,0.139634614210756,0.0,1.0
2023-02-07,4105.35009765625,4176.5400390625,4088.389892578125,4164.0,4355860000,1.1088930507848664,0.5491538977860917,0.8020835679445001,0.38730516207961385,1.1770947220875312,1.0819453507988852,1.8901916254156068,1.559606762854433,1.3322350295649452,0.2083096712936187,0.0,1.0
2023-02-08,4153.47021484375,4156.85009765625,4111.669921875,4117.85986328125,4029820000,-1.0319108992177355,0.21813792474501736,0.3171442496006551,-0.5756926402452953,0.6035028509984042,0.29115815308385246,1.824244936535847,1.6411556905223614,0.905754531877974,0.35343680597321875,0.0,1.0
2023-02-09,4144.25,4156.22998046875,4069.669921875,4081.5,4270200000,-0.8307357269487217,0.46464990310015514,-0.034419317841101756,-0.9305416535255243,0.1763113890578667,-0.2491612566449449,1.6502522112778901,1.6689069269865449,0.30431716023408945,0.367337644391707,0.0,1.0
2023-02-10,4068.919921875,4094.360107421875,4060.7900390625,4090.4599609375,3891520000,0.15462126314496155,0.06955632607369318,0.0356331038619515,-0.548440344195715,0.2123331598965877,-0.11516813936003763,1.5171466344292175,1.662429422262946,-0.07834692207182802,0.36656401897207824,0.0,1.0
2023-02-13,4096.6201171875,4138.89990234375,4092.669921875,4137.2900390625,3448620000,0.9816328530606976,-0.4445188169478406,0.38841282056870646,0.3303001807341397,0.6159384459704239,0.49113328504176296,1.520837606791592,1.6580426633631087,-0.054973192737308725,0.27461105503176236,0.0,1.0
2023-02-14,4126.7001953125,4159.77001953125,4095.010009765625,4136.1298828125,3929200000,-0.0666406082473326,0.11055453506584133,0.3757379036871923,0.42417121019997445,0.5294555576793445,0.3784534764308415,1.5008271626932477,1.650221871157083,-0.09336435636530484,0.1578787346415232,0.0,1.0
2023-02-15,4119.5,4148.10986328125,4103.97998046875,4147.60009765625,4075980000,0.20627192276296066,0.26659664925279114,0.4648357552905332,0.5400444369603065,0.5329739868030956,0.44715090285158676,1.4969095479178063,1.6431211608773622,-0.08531411905149992,0.086858942374906,0.0,1.0
2023-02-16,4114.75,4136.5400390625,4089.489990234375,4090.409912109375,4143660000,-1.2739380617315046,0.33666384493277407,-0.168050914965824,-0.7047690787890086,-0.14018038604929045,-0.3854732726119184,1.3184555533250601,1.5989914764285373,-0.4992837225906311,0.02936146195373703,0.0,1.0
2023-02-17,4077.389892578125,4081.510009765625,4047.949951171875,4079.090087890625,4045480000,-0.28891374871935055,0.23463971278628648,-0.28425017631072697,-0.896127341243273,-0.30738834635979295,-0.49483111022516807,1.1303469073688135,1.5231584529190354,-0.8537147862728063,-0.03773627440848229,0.0,1.0
2023-02-21,4052.35009765625,4052.35009765625,3995.18994140625,3997.340087890625,4121590000,-1.8327503127605425,0.3139419399755481,-1.0255025623743366,-2.044711073441293,-1.1175000005624958,-1.508425519182697,0.7448034450964908,1.3794240959319288,-1.612825421396907,0.2252276385354049,0.0,1.0
2023-02-22,4001.830078125,4017.3701171875,3976.89990234375,3991.050048828125,4079320000,-0.18221425274144656,0.27008165835985726,-1.0764665276916168,-1.5721946608252189,-1.1680043084853182,-1.3841835002892309,0.41469530334290833,1.1933125856988973,-2.0865855976366827,0.0023340227517526678,0.0,1.0
2023-02-23,4018.60009765625,4028.300048828125,3969.18994140625,4012.320068359375,3952940000,0.43473534559403004,0.13618374693415197,-0.8473940927967172,-0.5405545543630248,-0.9523099820068075,-0.9155244036628073,0.20691850436805034,0.9996564653966394,-2.170931418964375,0.017184295731786273,0.0,1.0
2023-02-24,3973.239990234375,3978.25,3943.080078125,3970.0400390625,3877700000,-0.9833651858632086,0.054419722064422214,-1.208912241537079,-0.938165267513317,-1.3331291713129603,-1.3553876418836706,-0.0759038002923554,0.7837955969019267,-2.4191719120425335,0.0387540123357152,0.0,1.0
2023-02-27,3992.360107421875,4018.050048828125,3973.550048828125,3982.239990234375,3836950000,0.23306892289733971,0.009471471582291124,-1.0701723959065916,-0.25444781888238416,-1.167024519840708,-1.0095231160417517,-0.2657702137545291,0.5701989032961547,-2.393859312864452,0.04703105612160633,0.0,1.0
2023-02-28,3977.18994140625,3997.5,3968.97998046875,3970.14990234375,5043400000,-0.3129193321861282,1.1727136359989037,-1.1774441790636812,-0.3998445378089031,-1.2654659791858278,-1.037502949328349,-0.4468663342842824,0.3603031683408408,-2.3524840271693073,-0.16194279640691375,0.0,1.0
2023-03-01,3963.340087890625,3971.72998046875,3939.050048828125,3951.389892578125,4249480000,-0.4638960553404077,0.4439549382920591,-1.3440075129907276,-0.637236157759696,-1.3933334309931127,-1.150558292571755,-0.6372116275115944,0.1513754036927069,-2.341662493673104,-0.1786321787666764,0.0,1.0
2023-03-02,3938.679931640625,3990.840087890625,3928.159912109375,3981.35009765625,4244900000,0.6360746423765344,0.4393668559615207,-0.9670262724378528,0.15357603988591623,-1.0227829638264097,-0.5974085986754645,-0.6998079575126425,-0.02925360933257012,-2.0252934002041023,-0.08669867235894808,0.0,1.0
2023-03-03,3998.02001953125,4048.2900390625,3995.169921875,4045.639892578125,4084730000,1.4016141776352462,0.2757204888664857,-0.27134418208921807,1.2253405322422115,-0.3051533471910405,0.32778628628706646,-0.568009700446789,-0.14535999671866204,-1.3039554113855003,0.11547956222526365,0.0,1.0
2023-03-06,4055.14990234375,4078.489990234375,4044.610107421875,4048.419921875,4000870000,0.019836306727277573,0.1874621912848903,-0.24368332062977682,0.9937079882123653,-0.23247845334295428,0.29250956582892856,-0.45310450402262215,-0.21348800739724275,-0.7675757241342224,0.1145571486293743,0.0,1.0
2023-03-07,4048.260009765625,4050.0,3980.31005859375,3986.3701171875,3922500000,-1.4114116317019176,0.10329333206707389,-0.8783445517744684,-0.42565239534937915,-0.7993614177829753,-0.5975683796802305,-0.5294901374465645,-0.2844482156332079,-0.7992385969597189,-0.02944070967173015,0.0,1.0
2023-03-08,3987.550048828125,4000.409912109375,3969.760009765625,3992.010009765625,3535570000,0.08486749240842135,-0.33857555332938505,-0.8148693319781954,-0.47879466148719907,-0.6558116028131725,-0.4522362365852012,-0.5703340802920632,-0.35001648506719607,-0.7389588074638467,-0.029389486129354207,0.0,1.0
2023-03-09,3998.659912109375,4017.81005859375,3908.699951171875,3918.320068359375,4445260000,-1.6913711965202411,0.6355933252765955,-1.4549559290260676,-1.8086007280283,-1.3069975609083242,-1.388235273819056,-0.7991440355091284,-0.4517697480426273,-1.143493034148306,0.1939974967329345,0.0,1.0
2023-03-10,3912.77001953125,3934.050048828125,3846.320068359375,3861.590087890625,5518190000,-1.3355524427315322,1.555505270778878,-1.8521130815597076,-2.262004317148282,-1.7779624818612028,-1.9624985214975785,-1.1263752193515562,-0.6036765230886646,-1.7041898931308943,0.2560563666259881,0.0,1.0
2023-03-13,3835.1201171875,3905.050048828125,3808.860107421875,3855.760009765625,6558020000,-0.17651260563388327,2.2900290017260923,-1.8905699874684432,-1.5586133725124125,-1.7221105603278863,-1.7676501129384365,-1.3882191347214647,-0.7816179799749631,-1.9952475624700816,0.22945789885427642,0.0,1.0
2023-03-14,3894.010009765625,3937.2900390625,3873.6298828125,3919.2900390625,5665870000,1.4310110267972038,1.6678738283900703,-1.141319119244825,0.14779317412069526,-0.9606772622727224,-0.661476566600216,-1.4067527488371165,-0.9279643375939859,-1.6420265777967653,0.48316667172911465,0.0,1.0
2023-03-15,3876.739990234375,3894.260009765625,3838.239990234375,3891.929931640625,6594010000,-0.6654904307974376,2.313314605739079,-1.3534319772482932,-0.0152689844725275,-1.1194529602954517,-0.9521758261834037,-1.4822418895258764,-1.0613060679785908,-1.496639877214114,0.496989842058452,0.0,1.0
2023-03-16,3878.929931640625,3964.4599609375,3864.110107421875,3960.280029296875,5695790000,1.5280135041966914,1.690282606289438,-0.6563240161531577,1.3222306067577871,-0.31787705433460417,0.09769011976385662,-1.3405585774626392,-1.1374528275105096,-0.8572222336091188,0.6712010728681266,0.0,1.0
2023-03-17,3958.68994140625,3958.909912109375,3901.27001953125,3916.639892578125,9354280000,-1.0264351882843308,3.8010600921650597,-1.0092896374143907,0.10253212297191217,-0.6805180734013571,-0.5290726080020742,-1.3356603524894157,-1.1973148795430153,-0.6751655048297484,0.5187529016009448,0.0,1.0
2023-03-20,3917.469970703125,3956.6201171875,3916.889892578125,3951.570068359375,5347140000,0.7554974613953526,1.4215334663967911,-0.678171056636214,0.4507534449649789,-0.25249004135490344,0.003841194123268131,-1.223778915884931,-1.2210989113772734,-0.2718271987308732,0.6000645459551209,0.0,1.0
2023-03-21,3975.889892578125,4009.080078125,3971.18994140625,4002.8701171875,4920240000,1.1186959204450588,1.0675244386799194,-0.23565567440264998,1.2109109397067115,0.2772309472110035,0.6742188857838045,-0.9847244175919245,-1.1886202335447043,0.3571681255373132,0.5910665832278215,0.0,1.0
2023-03-22,4002.0400390625,4039.489990234375,3936.169921875,3936.969970703125,4533010000,-1.512968081083582,0.7187631258875153,-0.7816927402199191,-0.43953380803400915,-0.37900432895806085,-0.340443132595314,-0.9682809487327413,-1.1590944350553825,0.3241560770414386,0.7486692052773548,0.0,1.0
2023-03-23,3959.2099609375,4007.659912109375,3919.050048828125,3948.719970703125,4991600000,0.22516145595710815,1.1287884501027838,-0.6778035183974058,-0.13028949236554735,-0.22394748458993574,-0.1506054158632965,-0.9147370409370509,-1.1239374003503566,0.3871111190311074,0.5471025954280193,0.0,1.0
2023-03-24,3939.2099609375,3972.739990234375,3909.159912109375,3970.989990234375,4583970000,0.4624751518226809,0.7663273380977907,-0.47922056420552267,0.12005822551206871,0.007102860052323583,0.15188620824706647,-0.8040552161267996,-1.071964627243125,0.5751045678311835,0.3733223711428524,0.0,1.0
2023-03-27,3982.929931640625,4003.830078125,3970.489990234375,3977.530029296875,4233540000,0.1056166592222401,0.4279654080367963,-0.41989346555921897,0.14935249212921003,0.07756307333601765,0.19522053698188052,-0.6927533126593306,-1.0064056632870237,0.7269929245982018,0.35982737059199976,0.0,1.0
2023-03-28,3974.1298828125,3979.199951171875,3951.530029296875,3971.27001953125,4014600000,-0.18223993443529102,0.20203822408225935,-0.48099667519587674,0.15102355239159407,0.011888487248645392,0.059428893092329495,-0.617130859931425,-0.9376651248551675,0.7625616961861948,0.21805303343726384,0.0,1.0
2023-03-29,3999.530029296875,4030.590087890625,3999.530029296875,4027.81005859375,4145250000,1.2308673858359789,0.33829613400571723,0.03777880843267266,0.988524502089458,0.5593399884135066,0.7884542609169793,-0.39911194072962997,-0.8356990481412672,1.134010358176631,0.257787265281079,0.0,1.0
2023-03-30,4046.739990234375,4057.85009765625,4032.10009765625,4050.830078125,3930860000,0.4692195284127084,0.11235166550868445,0.22904698486340822,1.0395905261572527,0.7615633201564016,0.9518473508431335,-0.1633992663612316,-0.7033403019644289,1.4737886428952547,0.08929129919934622,0.0,1.0
2023-03-31,4056.179931640625,4110.75,4056.179931640625,4109.31005859375,4525120000,1.2486773263892292,0.7113511169964428,0.6686091871601949,1.6973151748532598,1.3342500823540315,1.5592758503490198,0.180164611132833,-0.5234301513992826,2.005394944826822,0.005027173925296965,0.0,1.0
2023-04-03,4102.2001953125,4127.66015625,4098.7900390625,4124.509765625,4234700000,0.28900311414617325,0.42913104202361074,0.7737823605840709,1.3801952495805772,1.4508708224217521,1.4930703539961385,0.4863167009656364,-0.31353949919557167,2.3405653527496098,-0.011399883045688673,0.0,1.0
2023-04-04,4128.02978515625,4133.1298828125,4086.8701171875,4100.60009765625,4227800000,-0.5596791543874086,0.42219282511334977,0.4822682719341233,0.31080925600457526,1.1421129619818493,0.9216260409321804,0.6530444646241019,-0.10970435671752,2.272867097083371,-0.018380747273947586,0.0,1.0
2023-04-05,4094.5,4099.68994140625,4072.56005859375,4090.3798828125,3968020000,-0.2643326580159546,0.15238398564405378,0.3578479075986,-0.17310217995499913,0.984079536757268,0.6217322533027453,0.7459582728317127,0.07338266364378393,2.040911119917303,-0.39702152034016236,0.0,1.0
2023-04-06,4081.14990234375,4107.31982421875,4069.840087890625,4105.02001953125,3486690000,0.27830649398659646,-0.397807863880357,0.4817731840959134,-0.09231393743200504,1.0360817481444486,0.6960660369469259,0.8477587514752176,0.2417858793687051,1.876751865707087,-0.39792773751819593,0.0,1.0
2023-04-10,4085.199951171875,4109.5,4072.550048828125,4109.10986328125,3423650000,0.047465144965753124,-0.4754372593790129,0.5174138532784346,-0.004850263973001354,0.9472208806692802,0.6199293823853287,0.9265982585504818,0.3934949552632927,1.6901178418902367,-0.39368471531670224,0.0,1.0
2023-04-11,4110.2900390625,4124.259765625,4102.60986328125,4108.93994140625,3665830000,-0.04527460119225106,-0.1846400208438923,0.5149290970473418,0.05759807387115136,0.8122998503566052,0.4999053777569337,0.9749365133876001,0.5252770188674596,1.4673415548693625,-0.38277161533955995,0.0,1.0
2023-04-12,4121.72021484375,4134.3701171875,4086.93994140625,4091.949951171875,3633120000,-0.41113117697694596,-0.22277472932037792,0.26000031880598345,-0.2659087679686303,0.5482882122036746,0.1786504930323201,0.9529702332904387,0.6259698866129588,1.1197763745543883,-0.3448323913287214,0.0,1.0
2023-04-13,4100.0400390625,4150.259765625,4099.39990234375,4146.22021484375,3596590000,1.1437650665584236,-0.2657709079841083,0.7755587847348155,0.6460441289599027,0.9694914121496744,0.8382441043381081,1.0704497478782469,0.7318359342433859,1.1776105240023342,-0.3706088171891181,0.0,1.0
2023-04-14,4140.10986328125,4163.18994140625,4113.2001953125,4137.64013671875,3575690000,-0.22652758614529095,-0.2905672516849441,0.6438944568991327,0.3260249966740337,0.7896053318906496,0.574470464623675,1.124493507293327,0.8281728646625619,1.071078680694863,-0.35696486586640463,0.0,1.0
2023-04-17,4137.169921875,4151.72021484375,4123.18017578125,4151.31982421875,3611180000,0.2539067529392496,-0.24854618155331115,0.7709204368090241,0.4355634386642219,0.806574577639664,0.6414585584995433,1.1889079722159022,0.9191209397309047,1.0108333629896908,-0.5793778515004326,0.0,1.0
2023-04-18,4164.259765625,4169.47998046875,4140.35986328125,4154.8701171875,3536640000,0.034855975321847005,-0.33728811628630406,0.8047125549985203,0.31595952047179693,0.7372579409863202,0.5662845989986487,1.233097721131446,1.0014003791051334,0.9139213700965214,-0.5917622989028202,0.0,1.0
